--
-- PostgreSQL database dump
--

-- Dumped from database version 11.5
-- Dumped by pg_dump version 11.5

SET statement_timeout = 0;
SET lock_timeout = 0;
SET idle_in_transaction_session_timeout = 0;
SET client_encoding = 'UTF8';
SET standard_conforming_strings = on;
SELECT pg_catalog.set_config('search_path', '', false);
SET check_function_bodies = false;
SET xmloption = content;
SET client_min_messages = warning;
SET row_security = off;

--
-- Name: mapbiogas; Type: SCHEMA; Schema: -; Owner: postgres
--

CREATE SCHEMA mapbiogas;


ALTER SCHEMA mapbiogas OWNER TO postgres;

SET default_tablespace = '';

SET default_with_oids = false;

--
-- Name: auditoria; Type: TABLE; Schema: mapbiogas; Owner: postgres
--

CREATE TABLE mapbiogas.auditoria (
    id bigint NOT NULL,
    datacadastro timestamp without time zone NOT NULL,
    mensagem character varying(500) NOT NULL
);


ALTER TABLE mapbiogas.auditoria OWNER TO postgres;

--
-- Name: categoriadeunidade; Type: TABLE; Schema: mapbiogas; Owner: postgres
--

CREATE TABLE mapbiogas.categoriadeunidade (
    id bigint NOT NULL,
    nome character varying(255)
);


ALTER TABLE mapbiogas.categoriadeunidade OWNER TO postgres;

--
-- Name: escala; Type: TABLE; Schema: mapbiogas; Owner: postgres
--

CREATE TABLE mapbiogas.escala (
    id bigint NOT NULL,
    intervalo bigint,
    legenda character varying(255),
    porte bigint,
    valor bigint
);


ALTER TABLE mapbiogas.escala OWNER TO postgres;

--
-- Name: estado; Type: TABLE; Schema: mapbiogas; Owner: postgres
--

CREATE TABLE mapbiogas.estado (
    id bigint NOT NULL,
    ibgecode bigint,
    nome character varying(80),
    nome2 character varying(255),
    regiao character varying(50),
    sigla character varying(3)
);


ALTER TABLE mapbiogas.estado OWNER TO postgres;

--
-- Name: fontedosubstrato; Type: TABLE; Schema: mapbiogas; Owner: postgres
--

CREATE TABLE mapbiogas.fontedosubstrato (
    id bigint NOT NULL,
    nome character varying(255),
    categoriadeunidade_id bigint
);


ALTER TABLE mapbiogas.fontedosubstrato OWNER TO postgres;

--
-- Name: hibernate_sequence; Type: SEQUENCE; Schema: mapbiogas; Owner: postgres
--

CREATE SEQUENCE mapbiogas.hibernate_sequence
    START WITH 1
    INCREMENT BY 1
    NO MINVALUE
    NO MAXVALUE
    CACHE 1;


ALTER TABLE mapbiogas.hibernate_sequence OWNER TO postgres;

--
-- Name: municipio; Type: TABLE; Schema: mapbiogas; Owner: postgres
--

CREATE TABLE mapbiogas.municipio (
    id bigint NOT NULL,
    nome character varying(255),
    uf character varying(255),
    estado_id bigint
);


ALTER TABLE mapbiogas.municipio OWNER TO postgres;

--
-- Name: situacaodaplanta; Type: TABLE; Schema: mapbiogas; Owner: postgres
--

CREATE TABLE mapbiogas.situacaodaplanta (
    id bigint NOT NULL,
    nome character varying(255)
);


ALTER TABLE mapbiogas.situacaodaplanta OWNER TO postgres;

--
-- Name: tecnologia; Type: TABLE; Schema: mapbiogas; Owner: postgres
--

CREATE TABLE mapbiogas.tecnologia (
    id bigint NOT NULL,
    nome character varying(50)
);


ALTER TABLE mapbiogas.tecnologia OWNER TO postgres;

--
-- Name: unidade; Type: TABLE; Schema: mapbiogas; Owner: postgres
--

CREATE TABLE mapbiogas.unidade (
    id bigint NOT NULL,
    anodeiniciooperacao character varying(255),
    biogasparabiometano boolean,
    biogasparaenergiaeletrica boolean,
    biogasparaenergiamecanica boolean,
    biogasparaenergiatermica boolean,
    codigo bigint,
    dataalteracao timestamp without time zone,
    datacadastro timestamp without time zone,
    emissaodegeeevitado bigint,
    latitude double precision,
    longitude double precision,
    producaoanual bigint,
    producaobiogasano bigint,
    producaobiogasdia bigint,
    producaodiaria bigint,
    valorestimado boolean,
    volumecompostagemano bigint,
    volumecompostagemdia bigint,
    volumedejetotratadoano bigint,
    volumedejetotratadodia bigint,
    escala_id bigint,
    fontedosubstrato_id bigint,
    municipio_id bigint,
    situacaodaplanta_id bigint,
    tecnologia_id bigint
);


ALTER TABLE mapbiogas.unidade OWNER TO postgres;

--
-- Name: user; Type: TABLE; Schema: mapbiogas; Owner: postgres
--

CREATE TABLE mapbiogas."user" (
    id bigint NOT NULL,
    dataalteracao timestamp without time zone,
    datacadastro timestamp without time zone,
    email character varying(255),
    name character varying(255),
    password character varying(255),
    roles integer,
    username character varying(255) NOT NULL
);


ALTER TABLE mapbiogas."user" OWNER TO postgres;

--
-- Data for Name: auditoria; Type: TABLE DATA; Schema: mapbiogas; Owner: postgres
--

COPY mapbiogas.auditoria (id, datacadastro, mensagem) FROM stdin;
1	2018-10-13 11:07:57.592	Log de teste
369	2020-03-09 13:35:40.899	O usuário 'administrador' alterou a unidade com código 2
370	2020-03-09 13:37:14.464	O usuário 'administrador' alterou a unidade com código 2
371	2020-03-24 09:22:45.98	O usuário 'administrador' excluiu a unidade com código 1
372	2020-03-24 10:28:27.341	O usuário 'administrador' alterou a unidade com código 1
373	2020-03-24 10:32:13.753	O usuário 'administrador' alterou a unidade com código 2
374	2020-03-24 10:42:33.429	O usuário 'administrador' alterou a unidade com código 3
375	2020-03-24 10:44:52.107	O usuário 'administrador' alterou a unidade com código 2
376	2020-03-24 10:45:09.687	O usuário 'administrador' alterou a unidade com código 3
377	2020-03-24 10:47:04.998	O usuário 'administrador' alterou a unidade com código 4
378	2020-03-24 10:50:24.208	O usuário 'administrador' alterou a unidade com código 6
379	2020-03-24 10:51:29.22	O usuário 'administrador' excluiu a unidade com código 7
380	2020-03-24 10:51:41.473	O usuário 'administrador' excluiu a unidade com código 7
381	2020-03-24 10:53:11.217	O usuário 'administrador' alterou a unidade com código 7
382	2020-03-24 10:56:14.548	O usuário 'administrador' alterou a unidade com código 9
383	2020-03-24 11:00:10.597	O usuário 'administrador' alterou a unidade com código 11
384	2020-03-24 11:18:18.041	O usuário 'administrador' alterou a unidade com código 12
385	2020-03-24 11:41:06.111	O usuário 'administrador' alterou a unidade com código 13
386	2020-03-24 11:43:16.381	O usuário 'administrador' alterou a unidade com código 15
387	2020-03-24 11:46:53.63	O usuário 'administrador' alterou a unidade com código 16
388	2020-03-24 11:48:37.904	O usuário 'administrador' alterou a unidade com código 17
389	2020-03-24 11:50:07.656	O usuário 'administrador' alterou a unidade com código 18
390	2020-03-24 11:53:48.665	O usuário 'administrador' alterou a unidade com código 20
391	2020-03-24 11:57:43.882	O usuário 'administrador' alterou a unidade com código 410
392	2020-03-24 11:59:35.661	O usuário 'administrador' alterou a unidade com código 393
393	2020-03-24 12:01:30.868	O usuário 'administrador' alterou a unidade com código 379
394	2020-03-24 13:43:33.255	O usuário 'administrador' alterou a unidade com código 391
395	2020-03-24 13:45:34.123	O usuário 'administrador' alterou a unidade com código 378
396	2020-03-24 13:47:35.525	O usuário 'administrador' alterou a unidade com código 388
397	2020-03-24 13:50:23.147	O usuário 'administrador' alterou a unidade com código 21
398	2020-03-24 13:51:33.167	O usuário 'administrador' alterou a unidade com código 23
399	2020-03-24 13:53:29.703	O usuário 'administrador' alterou a unidade com código 24
400	2020-03-24 13:55:08.961	O usuário 'administrador' alterou a unidade com código 25
401	2020-03-24 15:06:00.187	O usuário 'administrador' alterou a unidade com código 26
402	2020-03-24 15:07:22.418	O usuário 'administrador' alterou a unidade com código 27
403	2020-03-24 15:08:57.482	O usuário 'administrador' alterou a unidade com código 28
404	2020-03-24 15:10:07.024	O usuário 'administrador' alterou a unidade com código 29
405	2020-03-24 15:14:38.486	O usuário 'administrador' alterou a unidade com código 30
406	2020-03-24 15:16:26.906	O usuário 'administrador' alterou a unidade com código 31
407	2020-03-24 15:19:28.292	O usuário 'administrador' alterou a unidade com código 30
408	2020-03-24 15:21:46.688	O usuário 'administrador' alterou a unidade com código 32
409	2020-03-24 15:23:27.219	O usuário 'administrador' alterou a unidade com código 33
410	2020-03-24 15:24:47.387	O usuário 'administrador' alterou a unidade com código 34
411	2020-03-24 15:26:36.568	O usuário 'administrador' alterou a unidade com código 35
412	2020-03-24 15:27:41.424	O usuário 'administrador' alterou a unidade com código 36
413	2020-03-24 15:29:10.174	O usuário 'administrador' alterou a unidade com código 37
414	2020-03-24 15:30:39.984	O usuário 'administrador' alterou a unidade com código 38
415	2020-03-24 15:32:12.026	O usuário 'administrador' alterou a unidade com código 39
416	2020-03-24 15:33:53.157	O usuário 'administrador' alterou a unidade com código 40
417	2020-03-24 15:36:09.717	O usuário 'administrador' alterou a unidade com código 375
418	2020-03-24 15:38:00.832	O usuário 'administrador' alterou a unidade com código 387
419	2020-03-24 15:40:29.824	O usuário 'administrador' alterou a unidade com código 419
420	2020-03-24 15:43:01.868	O usuário 'administrador' alterou a unidade com código 41
421	2020-03-24 15:44:23.154	O usuário 'administrador' alterou a unidade com código 42
422	2020-03-24 15:45:56.763	O usuário 'administrador' alterou a unidade com código 43
423	2020-03-24 15:46:55.182	O usuário 'administrador' alterou a unidade com código 43
424	2020-03-24 15:48:45.69	O usuário 'administrador' alterou a unidade com código 44
425	2020-03-24 15:50:50.331	O usuário 'administrador' alterou a unidade com código 45
426	2020-03-24 15:52:20.639	O usuário 'administrador' alterou a unidade com código 46
427	2020-03-24 15:54:39.942	O usuário 'administrador' alterou a unidade com código 47
428	2020-03-24 15:55:45.055	O usuário 'administrador' alterou a unidade com código 48
429	2020-03-24 15:58:06.018	O usuário 'administrador' alterou a unidade com código 49
430	2020-03-24 15:59:54.371	O usuário 'administrador' alterou a unidade com código 50
431	2020-03-24 16:01:06.872	O usuário 'administrador' alterou a unidade com código 51
432	2020-03-25 08:33:28.805	O usuário 'administrador' alterou a unidade com código 15
433	2020-03-25 08:36:04.736	O usuário 'administrador' alterou a unidade com código 52
434	2020-03-25 08:37:24.147	O usuário 'administrador' alterou a unidade com código 53
435	2020-03-25 08:38:25.095	O usuário 'administrador' alterou a unidade com código 53
436	2020-03-25 08:39:28.318	O usuário 'administrador' alterou a unidade com código 54
437	2020-03-25 08:41:18.958	O usuário 'administrador' alterou a unidade com código 55
438	2020-03-25 08:42:43.218	O usuário 'administrador' alterou a unidade com código 56
439	2020-03-25 08:44:31.374	O usuário 'administrador' alterou a unidade com código 57
440	2020-03-25 08:46:03.928	O usuário 'administrador' alterou a unidade com código 58
441	2020-03-25 08:47:57.068	O usuário 'administrador' alterou a unidade com código 59
442	2020-03-25 08:49:38.781	O usuário 'administrador' alterou a unidade com código 60
443	2020-03-25 08:52:02.021	O usuário 'administrador' alterou a unidade com código 61
444	2020-03-25 08:53:27.019	O usuário 'administrador' alterou a unidade com código 63
445	2020-03-25 08:56:23.374	O usuário 'administrador' alterou a unidade com código 65
446	2020-03-25 08:58:46.779	O usuário 'administrador' alterou a unidade com código 66
447	2020-03-25 11:10:00.329	O usuário 'administrador' alterou a unidade com código 67
458	2020-03-25 15:21:34.822	O usuário 'administrador' alterou a unidade com código 82
459	2020-03-25 15:22:42.673	O usuário 'administrador' alterou a unidade com código 84
460	2020-03-25 15:24:09.464	O usuário 'administrador' alterou a unidade com código 85
461	2020-03-25 15:26:11.818	O usuário 'administrador' alterou a unidade com código 86
462	2020-03-25 15:27:30.742	O usuário 'administrador' alterou a unidade com código 87
463	2020-03-25 15:28:48.458	O usuário 'administrador' alterou a unidade com código 88
464	2020-03-25 15:31:51.019	O usuário 'administrador' alterou a unidade com código 89
465	2020-03-25 15:32:56.551	O usuário 'administrador' alterou a unidade com código 93
466	2020-03-25 15:34:03.676	O usuário 'administrador' alterou a unidade com código 94
467	2020-03-25 15:35:59.159	O usuário 'administrador' alterou a unidade com código 96
468	2020-03-25 15:37:21.078	O usuário 'administrador' alterou a unidade com código 97
469	2020-03-25 15:39:40.319	O usuário 'administrador' alterou a unidade com código 98
470	2020-03-25 15:44:12.395	O usuário 'administrador' alterou a unidade com código 99
471	2020-03-25 15:45:15.882	O usuário 'administrador' alterou a unidade com código 101
472	2020-03-25 15:48:10.51	O usuário 'administrador' alterou a unidade com código 102
473	2020-03-25 15:49:26.838	O usuário 'administrador' alterou a unidade com código 104
474	2020-03-25 15:50:33.181	O usuário 'administrador' alterou a unidade com código 107
475	2020-03-25 15:51:57.817	O usuário 'administrador' alterou a unidade com código 109
476	2020-03-25 15:54:02.495	O usuário 'administrador' alterou a unidade com código 111
448	2020-03-25 15:04:55.806	O usuário 'administrador' alterou a unidade com código 70
449	2020-03-25 15:06:12.52	O usuário 'administrador' alterou a unidade com código 71
450	2020-03-25 15:07:49.471	O usuário 'administrador' alterou a unidade com código 73
451	2020-03-25 15:09:48.016	O usuário 'administrador' alterou a unidade com código 74
452	2020-03-25 15:12:35.134	O usuário 'administrador' alterou a unidade com código 76
453	2020-03-25 15:14:11.617	O usuário 'administrador' alterou a unidade com código 77
454	2020-03-25 15:15:34.006	O usuário 'administrador' alterou a unidade com código 78
455	2020-03-25 15:16:59.949	O usuário 'administrador' alterou a unidade com código 79
456	2020-03-25 15:19:17.292	O usuário 'administrador' alterou a unidade com código 80
457	2020-03-25 15:20:23.594	O usuário 'administrador' alterou a unidade com código 81
477	2020-03-25 15:59:51.735	O usuário 'administrador' alterou a unidade com código 112
478	2020-03-25 16:00:57.985	O usuário 'administrador' alterou a unidade com código 113
479	2020-03-25 16:06:03.595	O usuário 'administrador' alterou a unidade com código 114
480	2020-03-25 16:07:22.035	O usuário 'administrador' alterou a unidade com código 115
481	2020-03-25 16:08:42.123	O usuário 'administrador' alterou a unidade com código 116
482	2020-03-25 16:10:58.899	O usuário 'administrador' alterou a unidade com código 117
483	2020-03-25 16:12:09.549	O usuário 'administrador' alterou a unidade com código 118
484	2020-03-25 16:13:20.151	O usuário 'administrador' alterou a unidade com código 119
485	2020-03-25 16:14:37.21	O usuário 'administrador' alterou a unidade com código 122
486	2020-03-25 16:18:11.485	O usuário 'administrador' alterou a unidade com código 124
487	2020-03-25 16:19:46.052	O usuário 'administrador' alterou a unidade com código 126
488	2020-03-25 16:21:09.655	O usuário 'administrador' alterou a unidade com código 131
489	2020-03-25 16:22:33.145	O usuário 'administrador' alterou a unidade com código 132
490	2020-03-25 16:24:53.899	O usuário 'administrador' alterou a unidade com código 140
491	2020-03-25 16:26:08.455	O usuário 'administrador' alterou a unidade com código 148
492	2020-03-25 16:27:52.157	O usuário 'administrador' alterou a unidade com código 151
493	2020-03-25 16:29:03.033	O usuário 'administrador' alterou a unidade com código 153
494	2020-03-25 16:30:00.65	O usuário 'administrador' alterou a unidade com código 161
495	2020-03-25 16:31:06.064	O usuário 'administrador' alterou a unidade com código 172
496	2020-03-25 16:32:11.332	O usuário 'administrador' alterou a unidade com código 183
497	2020-03-25 16:39:21.405	O usuário 'administrador' alterou a unidade com código 200
498	2020-03-25 16:40:30.271	O usuário 'administrador' alterou a unidade com código 201
499	2020-03-25 16:41:29.69	O usuário 'administrador' alterou a unidade com código 205
500	2020-03-25 16:42:58.103	O usuário 'administrador' alterou a unidade com código 206
501	2020-03-25 16:44:07.041	O usuário 'administrador' alterou a unidade com código 231
502	2020-03-25 16:45:16.17	O usuário 'administrador' alterou a unidade com código 247
503	2020-03-25 16:46:45.38	O usuário 'administrador' alterou a unidade com código 255
505	2020-03-25 16:48:14.624	O usuário 'administrador' cadastrou um novo usuário pastl
506	2020-03-26 16:19:26.317	O usuário 'administrador' alterou a unidade com código 83
507	2020-03-27 10:43:40.402	O usuário 'pastl' alterou a unidade com código 5
508	2020-03-27 10:53:45.157	O usuário 'pastl' alterou a unidade com código 144
509	2020-03-27 11:01:22.483	O usuário 'pastl' alterou a unidade com código 1
510	2020-03-27 11:05:14.406	O usuário 'pastl' alterou a unidade com código 53
511	2020-03-27 11:13:57.969	O usuário 'pastl' alterou a unidade com código 60
512	2020-03-27 11:17:05.754	O usuário 'pastl' alterou a unidade com código 116
513	2020-03-27 11:20:44.912	O usuário 'pastl' alterou a unidade com código 141
514	2020-03-27 11:29:29.934	O usuário 'pastl' alterou a unidade com código 146
515	2020-03-27 11:31:30.82	O usuário 'pastl' alterou a unidade com código 147
516	2020-03-27 11:32:57.647	O usuário 'pastl' alterou a unidade com código 152
517	2020-03-27 11:36:23.113	O usuário 'pastl' alterou a unidade com código 102
518	2020-03-27 11:37:18.423	O usuário 'pastl' alterou a unidade com código 154
519	2020-03-27 11:38:35.865	O usuário 'pastl' alterou a unidade com código 155
520	2020-03-27 11:39:57.996	O usuário 'pastl' alterou a unidade com código 159
521	2020-03-27 11:40:33.828	O usuário 'pastl' alterou a unidade com código 154
522	2020-03-27 11:42:40.116	O usuário 'pastl' alterou a unidade com código 160
523	2020-03-27 11:43:59.506	O usuário 'pastl' alterou a unidade com código 163
524	2020-03-27 11:49:03.828	O usuário 'pastl' alterou a unidade com código 165
525	2020-03-27 11:50:22.429	O usuário 'pastl' alterou a unidade com código 167
526	2020-03-27 11:50:43.437	O usuário 'pastl' alterou a unidade com código 167
527	2020-03-27 11:51:47.873	O usuário 'pastl' alterou a unidade com código 168
528	2020-03-27 11:56:43.031	O usuário 'pastl' alterou a unidade com código 169
529	2020-03-27 11:57:58.747	O usuário 'pastl' alterou a unidade com código 170
530	2020-03-27 11:59:06.38	O usuário 'pastl' alterou a unidade com código 171
531	2020-03-27 12:00:21.068	O usuário 'pastl' alterou a unidade com código 173
532	2020-03-27 12:01:45.007	O usuário 'pastl' alterou a unidade com código 175
533	2020-03-27 12:03:01.986	O usuário 'pastl' alterou a unidade com código 179
534	2020-03-27 16:45:38.76	O usuário 'administrador' alterou a unidade com código 255
535	2020-03-27 16:45:44.016	O usuário 'administrador' alterou a unidade com código 247
536	2020-03-27 16:45:48.649	O usuário 'administrador' alterou a unidade com código 206
537	2020-03-27 16:45:54.093	O usuário 'administrador' alterou a unidade com código 140
538	2020-03-27 16:45:59.91	O usuário 'administrador' alterou a unidade com código 112
539	2020-03-27 16:46:03.275	O usuário 'administrador' alterou a unidade com código 111
540	2020-03-27 16:46:07.187	O usuário 'administrador' alterou a unidade com código 109
541	2020-03-27 16:46:10.222	O usuário 'administrador' alterou a unidade com código 104
542	2020-03-27 16:46:14.107	O usuário 'administrador' alterou a unidade com código 99
543	2020-03-27 16:46:35.96	O usuário 'administrador' alterou a unidade com código 94
544	2020-03-27 16:46:39.968	O usuário 'administrador' alterou a unidade com código 93
545	2020-03-27 16:46:43.02	O usuário 'administrador' alterou a unidade com código 89
546	2020-03-27 16:46:45.765	O usuário 'administrador' alterou a unidade com código 88
547	2020-03-27 16:46:48.605	O usuário 'administrador' alterou a unidade com código 87
548	2020-03-27 16:46:52.169	O usuário 'administrador' alterou a unidade com código 86
549	2020-03-27 16:46:55.311	O usuário 'administrador' alterou a unidade com código 84
550	2020-03-27 16:46:58.385	O usuário 'administrador' alterou a unidade com código 82
551	2020-03-27 16:47:01.2	O usuário 'administrador' alterou a unidade com código 81
552	2020-03-27 16:47:04.662	O usuário 'administrador' alterou a unidade com código 78
562	2020-03-27 17:40:01.393	O usuário 'administrador' alterou a unidade com código 17
573	2020-03-27 17:41:08.349	O usuário 'administrador' alterou a unidade com código 98
576	2020-03-27 17:41:16.626	O usuário 'administrador' alterou a unidade com código 83
580	2020-03-27 17:41:50.646	O usuário 'administrador' alterou a unidade com código 119
583	2020-03-27 17:42:07.826	O usuário 'administrador' alterou a unidade com código 105
586	2020-03-27 17:43:22.086	O usuário 'administrador' alterou a unidade com código 7
589	2020-03-27 17:45:23.313	O usuário 'administrador' alterou a unidade com código 20
592	2020-03-27 17:45:34.792	O usuário 'administrador' alterou a unidade com código 33
595	2020-03-27 17:45:43.535	O usuário 'administrador' alterou a unidade com código 36
598	2020-03-27 17:45:52.143	O usuário 'administrador' alterou a unidade com código 39
601	2020-03-27 17:45:59.8	O usuário 'administrador' alterou a unidade com código 44
604	2020-03-27 17:46:09.093	O usuário 'administrador' alterou a unidade com código 50
553	2020-03-27 16:47:19.729	O usuário 'administrador' alterou a unidade com código 66
554	2020-03-27 16:47:23.284	O usuário 'administrador' alterou a unidade com código 49
555	2020-03-27 16:47:28.158	O usuário 'administrador' alterou a unidade com código 47
556	2020-03-27 16:47:31.488	O usuário 'administrador' alterou a unidade com código 45
557	2020-03-27 16:47:37.425	O usuário 'administrador' alterou a unidade com código 43
558	2020-03-27 16:47:40.328	O usuário 'administrador' alterou a unidade com código 42
559	2020-03-27 16:47:43.856	O usuário 'administrador' alterou a unidade com código 41
560	2020-03-27 16:47:49.34	O usuário 'administrador' alterou a unidade com código 419
561	2020-03-27 17:39:50.483	O usuário 'administrador' alterou a unidade com código 387
563	2020-03-27 17:40:11.5	O usuário 'administrador' alterou a unidade com código 26
564	2020-03-27 17:40:21.375	O usuário 'administrador' alterou a unidade com código 29
565	2020-03-27 17:40:44.647	O usuário 'administrador' alterou a unidade com código 52
566	2020-03-27 17:40:49.876	O usuário 'administrador' alterou a unidade com código 54
567	2020-03-27 17:40:52.622	O usuário 'administrador' alterou a unidade com código 55
568	2020-03-27 17:40:55.403	O usuário 'administrador' alterou a unidade com código 56
569	2020-03-27 17:40:58.043	O usuário 'administrador' alterou a unidade com código 57
570	2020-03-27 17:41:00.589	O usuário 'administrador' alterou a unidade com código 59
571	2020-03-27 17:41:03.099	O usuário 'administrador' alterou a unidade com código 67
572	2020-03-27 17:41:05.703	O usuário 'administrador' alterou a unidade com código 79
574	2020-03-27 17:41:10.919	O usuário 'administrador' alterou a unidade com código 101
575	2020-03-27 17:41:13.569	O usuário 'administrador' alterou a unidade com código 151
577	2020-03-27 17:41:39.326	O usuário 'administrador' alterou a unidade com código 114
578	2020-03-27 17:41:43.054	O usuário 'administrador' alterou a unidade com código 115
579	2020-03-27 17:41:47.929	O usuário 'administrador' alterou a unidade com código 117
581	2020-03-27 17:41:53.576	O usuário 'administrador' alterou a unidade com código 131
582	2020-03-27 17:41:56.28	O usuário 'administrador' alterou a unidade com código 132
584	2020-03-27 17:43:02.24	O usuário 'administrador' alterou a unidade com código 18
585	2020-03-27 17:43:07.195	O usuário 'administrador' alterou a unidade com código 3
587	2020-03-27 17:43:30.89	O usuário 'administrador' alterou a unidade com código 9
588	2020-03-27 17:43:34.177	O usuário 'administrador' alterou a unidade com código 11
590	2020-03-27 17:45:26.518	O usuário 'administrador' alterou a unidade com código 30
591	2020-03-27 17:45:29.755	O usuário 'administrador' alterou a unidade com código 32
593	2020-03-27 17:45:37.841	O usuário 'administrador' alterou a unidade com código 34
594	2020-03-27 17:45:40.51	O usuário 'administrador' alterou a unidade com código 35
596	2020-03-27 17:45:46.628	O usuário 'administrador' alterou a unidade com código 37
597	2020-03-27 17:45:49.459	O usuário 'administrador' alterou a unidade com código 38
599	2020-03-27 17:45:54.837	O usuário 'administrador' alterou a unidade com código 40
600	2020-03-27 17:45:57.359	O usuário 'administrador' alterou a unidade com código 375
602	2020-03-27 17:46:03.197	O usuário 'administrador' alterou a unidade com código 46
603	2020-03-27 17:46:06.554	O usuário 'administrador' alterou a unidade com código 48
605	2020-03-30 10:00:32.485	O usuário 'administrador' alterou a unidade com código 185
606	2020-03-30 10:01:56.163	O usuário 'administrador' alterou a unidade com código 187
607	2020-03-30 10:03:09.631	O usuário 'administrador' alterou a unidade com código 188
608	2020-03-30 10:45:17.316	O usuário 'administrador' alterou a unidade com código 189
609	2020-03-30 10:46:41.696	O usuário 'administrador' alterou a unidade com código 190
610	2020-03-30 10:48:19.391	O usuário 'administrador' alterou a unidade com código 191
611	2020-03-30 10:50:09.996	O usuário 'administrador' alterou a unidade com código 192
612	2020-03-30 10:51:15.031	O usuário 'administrador' alterou a unidade com código 193
613	2020-03-30 10:52:14.339	O usuário 'administrador' alterou a unidade com código 194
614	2020-03-30 10:53:23.717	O usuário 'administrador' alterou a unidade com código 196
615	2020-03-30 10:56:02.474	O usuário 'administrador' alterou a unidade com código 202
616	2020-03-30 10:57:26.604	O usuário 'administrador' alterou a unidade com código 203
617	2020-03-30 10:58:34.988	O usuário 'administrador' alterou a unidade com código 204
618	2020-03-30 11:00:01.137	O usuário 'administrador' alterou a unidade com código 207
619	2020-03-30 11:01:18.946	O usuário 'administrador' alterou a unidade com código 153
620	2020-03-30 11:02:20.77	O usuário 'administrador' alterou a unidade com código 4
621	2020-03-30 11:02:41.645	O usuário 'administrador' alterou a unidade com código 7
622	2020-03-30 11:02:58.919	O usuário 'administrador' alterou a unidade com código 8
623	2020-03-30 11:03:12.726	O usuário 'administrador' alterou a unidade com código 9
624	2020-03-30 11:03:27.523	O usuário 'administrador' alterou a unidade com código 12
625	2020-03-30 11:03:33.965	O usuário 'administrador' alterou a unidade com código 13
626	2020-03-30 11:04:12.506	O usuário 'administrador' alterou a unidade com código 61
627	2020-03-30 11:04:22.077	O usuário 'administrador' alterou a unidade com código 51
628	2020-03-30 11:05:03.807	O usuário 'administrador' alterou a unidade com código 322
629	2020-03-30 11:06:21.73	O usuário 'administrador' alterou a unidade com código 208
630	2020-03-30 11:07:26.675	O usuário 'administrador' alterou a unidade com código 210
631	2020-03-30 11:08:41.391	O usuário 'administrador' alterou a unidade com código 211
632	2020-03-30 11:10:14.174	O usuário 'administrador' alterou a unidade com código 212
633	2020-03-30 11:11:18.608	O usuário 'administrador' alterou a unidade com código 213
634	2020-03-30 11:12:20.165	O usuário 'administrador' alterou a unidade com código 214
635	2020-03-30 11:13:22.473	O usuário 'administrador' alterou a unidade com código 216
636	2020-03-30 11:15:55.139	O usuário 'administrador' alterou a unidade com código 12
637	2020-03-30 11:17:51.723	O usuário 'administrador' alterou a unidade com código 218
638	2020-03-30 11:20:13.222	O usuário 'administrador' alterou a unidade com código 219
639	2020-03-30 11:21:24.63	O usuário 'administrador' alterou a unidade com código 220
641	2020-03-30 11:23:26.95	O usuário 'administrador' cadastrou uma nova unidade com código 221
642	2020-03-30 11:47:54.74	O usuário 'pastl' alterou a unidade com código 19
648	2020-03-30 12:06:10.119	O usuário 'pastl' cadastrou uma nova unidade com código 653
652	2020-03-30 12:11:51.945	O usuário 'pastl' cadastrou uma nova unidade com código 651
656	2020-03-30 14:15:11.853	O usuário 'administrador' cadastrou uma nova unidade com código 224
657	2020-03-30 14:16:38.404	O usuário 'administrador' alterou a unidade com código 225
658	2020-03-30 14:17:56.615	O usuário 'administrador' alterou a unidade com código 229
659	2020-03-30 14:19:09.092	O usuário 'administrador' alterou a unidade com código 230
660	2020-03-30 14:20:16.748	O usuário 'administrador' alterou a unidade com código 232
661	2020-03-30 14:21:22.897	O usuário 'administrador' alterou a unidade com código 233
662	2020-03-30 14:22:42.725	O usuário 'administrador' alterou a unidade com código 234
663	2020-03-30 14:23:44.724	O usuário 'administrador' alterou a unidade com código 235
664	2020-03-30 14:24:45.222	O usuário 'administrador' alterou a unidade com código 236
665	2020-03-30 14:25:51.579	O usuário 'administrador' alterou a unidade com código 238
644	2020-03-30 11:55:07.304	O usuário 'pastl' cadastrou uma nova unidade com código 655
646	2020-03-30 11:58:30.294	O usuário 'pastl' cadastrou uma nova unidade com código 654
650	2020-03-30 12:09:58.391	O usuário 'pastl' cadastrou uma nova unidade com código 652
653	2020-03-30 14:12:05.518	O usuário 'administrador' alterou a unidade com código 222
654	2020-03-30 14:13:25.006	O usuário 'administrador' alterou a unidade com código 223
666	2020-03-31 07:54:41.797	O usuário 'administrador' alterou a unidade com código 108
667	2020-03-31 07:55:41.172	O usuário 'administrador' alterou a unidade com código 127
668	2020-03-31 07:57:39.395	O usuário 'administrador' alterou a unidade com código 158
669	2020-03-31 07:58:59.117	O usuário 'administrador' alterou a unidade com código 162
670	2020-03-31 08:00:36.765	O usuário 'administrador' alterou a unidade com código 164
671	2020-03-31 08:01:51.816	O usuário 'administrador' alterou a unidade com código 166
672	2020-03-31 08:03:32.95	O usuário 'administrador' alterou a unidade com código 239
673	2020-03-31 08:04:44.425	O usuário 'administrador' alterou a unidade com código 240
674	2020-03-31 08:07:16.28	O usuário 'administrador' alterou a unidade com código 241
675	2020-03-31 08:08:19.409	O usuário 'administrador' alterou a unidade com código 242
676	2020-03-31 08:09:26.419	O usuário 'administrador' alterou a unidade com código 243
677	2020-03-31 08:11:26.648	O usuário 'administrador' alterou a unidade com código 244
678	2020-03-31 08:12:33.919	O usuário 'administrador' alterou a unidade com código 245
679	2020-03-31 08:14:11.757	O usuário 'administrador' alterou a unidade com código 246
680	2020-03-31 08:15:16.655	O usuário 'administrador' alterou a unidade com código 248
681	2020-03-31 08:16:21.463	O usuário 'administrador' alterou a unidade com código 249
682	2020-03-31 08:17:33.263	O usuário 'administrador' alterou a unidade com código 250
683	2020-03-31 08:18:34.098	O usuário 'administrador' alterou a unidade com código 251
684	2020-03-31 08:19:29.887	O usuário 'administrador' alterou a unidade com código 252
685	2020-03-31 08:20:35.197	O usuário 'administrador' alterou a unidade com código 253
686	2020-03-31 08:21:37.685	O usuário 'administrador' alterou a unidade com código 254
687	2020-03-31 08:22:58.566	O usuário 'administrador' alterou a unidade com código 257
688	2020-03-31 08:24:03.504	O usuário 'administrador' alterou a unidade com código 258
689	2020-03-31 08:27:21.949	O usuário 'administrador' alterou a unidade com código 259
690	2020-03-31 08:28:33.529	O usuário 'administrador' alterou a unidade com código 260
691	2020-03-31 08:29:32.653	O usuário 'administrador' alterou a unidade com código 261
692	2020-03-31 08:30:38.289	O usuário 'administrador' alterou a unidade com código 262
693	2020-03-31 08:31:40.02	O usuário 'administrador' alterou a unidade com código 263
694	2020-03-31 08:32:40.043	O usuário 'administrador' alterou a unidade com código 264
696	2020-03-31 08:34:30.406	O usuário 'administrador' cadastrou uma nova unidade com código 265
697	2020-03-31 08:35:41.346	O usuário 'administrador' alterou a unidade com código 266
698	2020-03-31 08:37:27.198	O usuário 'administrador' alterou a unidade com código 267
699	2020-03-31 08:38:33.814	O usuário 'administrador' alterou a unidade com código 268
700	2020-03-31 08:39:53.199	O usuário 'administrador' alterou a unidade com código 269
701	2020-03-31 08:40:54.229	O usuário 'administrador' alterou a unidade com código 270
702	2020-03-31 08:41:57.237	O usuário 'administrador' alterou a unidade com código 271
703	2020-03-31 08:43:08.551	O usuário 'administrador' alterou a unidade com código 272
704	2020-03-31 08:44:14.007	O usuário 'administrador' alterou a unidade com código 274
705	2020-03-31 08:44:47.243	O usuário 'administrador' alterou a unidade com código 275
706	2020-03-31 08:45:42.503	O usuário 'administrador' alterou a unidade com código 276
707	2020-03-31 08:46:57.945	O usuário 'administrador' alterou a unidade com código 277
708	2020-03-31 08:50:57.75	O usuário 'administrador' alterou a unidade com código 278
709	2020-03-31 08:51:59.358	O usuário 'administrador' alterou a unidade com código 279
710	2020-03-31 08:53:00.881	O usuário 'administrador' alterou a unidade com código 280
712	2020-03-31 08:54:58.325	O usuário 'administrador' cadastrou uma nova unidade com código 281
713	2020-03-31 08:56:12.429	O usuário 'administrador' alterou a unidade com código 282
714	2020-03-31 08:57:15.191	O usuário 'administrador' alterou a unidade com código 283
715	2020-03-31 08:58:20.43	O usuário 'administrador' alterou a unidade com código 284
716	2020-03-31 08:59:24.119	O usuário 'administrador' alterou a unidade com código 285
717	2020-03-31 09:00:30.806	O usuário 'administrador' alterou a unidade com código 286
718	2020-03-31 09:02:58.807	O usuário 'administrador' alterou a unidade com código 287
719	2020-03-31 09:04:09.291	O usuário 'administrador' alterou a unidade com código 289
720	2020-03-31 09:05:10.952	O usuário 'administrador' alterou a unidade com código 292
721	2020-03-31 09:05:38.516	O usuário 'administrador' alterou a unidade com código 290
722	2020-03-31 09:07:13.368	O usuário 'administrador' alterou a unidade com código 293
723	2020-03-31 09:08:16.171	O usuário 'administrador' alterou a unidade com código 294
724	2020-03-31 09:09:25.774	O usuário 'administrador' alterou a unidade com código 296
725	2020-03-31 09:09:46.897	O usuário 'administrador' alterou a unidade com código 297
726	2020-03-31 09:09:54.538	O usuário 'administrador' alterou a unidade com código 298
727	2020-03-31 09:10:42.822	O usuário 'administrador' alterou a unidade com código 298
728	2020-03-31 09:11:43.795	O usuário 'administrador' alterou a unidade com código 300
729	2020-03-31 09:14:04.536	O usuário 'administrador' alterou a unidade com código 410
730	2020-03-31 09:24:20.254	O usuário 'administrador' alterou a unidade com código 301
731	2020-03-31 09:25:34.337	O usuário 'administrador' alterou a unidade com código 302
732	2020-03-31 09:26:39.859	O usuário 'administrador' alterou a unidade com código 303
733	2020-03-31 09:27:45.877	O usuário 'administrador' alterou a unidade com código 304
734	2020-03-31 09:29:23.031	O usuário 'administrador' alterou a unidade com código 305
735	2020-03-31 09:30:23.265	O usuário 'administrador' alterou a unidade com código 306
736	2020-03-31 09:31:36.942	O usuário 'administrador' alterou a unidade com código 307
737	2020-03-31 09:32:47.823	O usuário 'administrador' alterou a unidade com código 308
738	2020-03-31 09:33:51.953	O usuário 'administrador' alterou a unidade com código 309
739	2020-03-31 09:35:03.98	O usuário 'administrador' alterou a unidade com código 310
740	2020-03-31 09:35:59.865	O usuário 'administrador' alterou a unidade com código 311
741	2020-03-31 09:37:08.616	O usuário 'administrador' alterou a unidade com código 312
742	2020-03-31 09:38:01.668	O usuário 'administrador' alterou a unidade com código 313
743	2020-03-31 09:39:09.073	O usuário 'administrador' alterou a unidade com código 314
744	2020-03-31 09:40:23.108	O usuário 'administrador' alterou a unidade com código 315
745	2020-03-31 09:41:31.443	O usuário 'administrador' alterou a unidade com código 316
746	2020-03-31 09:42:40.798	O usuário 'administrador' alterou a unidade com código 317
756	2020-03-31 10:08:56.289	O usuário 'administrador' alterou a unidade com código 326
757	2020-03-31 10:10:03.842	O usuário 'administrador' alterou a unidade com código 327
758	2020-03-31 10:11:04.482	O usuário 'administrador' alterou a unidade com código 328
759	2020-03-31 10:12:12.028	O usuário 'administrador' alterou a unidade com código 329
760	2020-03-31 10:13:43.379	O usuário 'administrador' alterou a unidade com código 330
761	2020-03-31 10:14:44.883	O usuário 'administrador' alterou a unidade com código 331
772	2020-03-31 10:25:29.358	O usuário 'administrador' alterou a unidade com código 341
747	2020-03-31 09:43:05.35	O usuário 'administrador' excluiu a unidade com código 318
748	2020-03-31 09:43:57.978	O usuário 'administrador' alterou a unidade com código 318
749	2020-03-31 09:45:01.026	O usuário 'administrador' alterou a unidade com código 319
750	2020-03-31 09:46:13.607	O usuário 'administrador' alterou a unidade com código 320
751	2020-03-31 09:47:19.561	O usuário 'administrador' alterou a unidade com código 321
752	2020-03-31 09:48:14.004	O usuário 'administrador' alterou a unidade com código 322
753	2020-03-31 09:49:10.851	O usuário 'administrador' alterou a unidade com código 323
754	2020-03-31 09:50:08.39	O usuário 'administrador' alterou a unidade com código 324
755	2020-03-31 09:51:02.934	O usuário 'administrador' alterou a unidade com código 325
762	2020-03-31 10:16:00.753	O usuário 'administrador' alterou a unidade com código 332
763	2020-03-31 10:16:54.835	O usuário 'administrador' alterou a unidade com código 333
764	2020-03-31 10:18:06.548	O usuário 'administrador' alterou a unidade com código 334
765	2020-03-31 10:19:09.197	O usuário 'administrador' alterou a unidade com código 335
766	2020-03-31 10:19:23.683	O usuário 'administrador' alterou a unidade com código 334
767	2020-03-31 10:20:37.597	O usuário 'administrador' alterou a unidade com código 336
768	2020-03-31 10:21:37.363	O usuário 'administrador' alterou a unidade com código 337
769	2020-03-31 10:22:35.943	O usuário 'administrador' alterou a unidade com código 338
770	2020-03-31 10:23:45.922	O usuário 'administrador' alterou a unidade com código 339
771	2020-03-31 10:24:13.612	O usuário 'administrador' alterou a unidade com código 340
773	2020-03-31 10:27:12.563	O usuário 'administrador' alterou a unidade com código 342
774	2020-03-31 10:30:09.817	O usuário 'administrador' alterou a unidade com código 343
775	2020-03-31 10:31:14.08	O usuário 'administrador' alterou a unidade com código 344
776	2020-03-31 10:32:22.585	O usuário 'administrador' alterou a unidade com código 345
777	2020-03-31 10:33:17.983	O usuário 'administrador' alterou a unidade com código 346
778	2020-03-31 10:34:18.826	O usuário 'administrador' alterou a unidade com código 347
779	2020-03-31 10:35:25.056	O usuário 'administrador' alterou a unidade com código 348
780	2020-03-31 10:37:00.936	O usuário 'administrador' alterou a unidade com código 349
781	2020-03-31 10:38:02.532	O usuário 'administrador' alterou a unidade com código 350
782	2020-03-31 10:38:57.755	O usuário 'administrador' alterou a unidade com código 351
783	2020-03-31 10:46:39.332	O usuário 'administrador' alterou a unidade com código 352
784	2020-03-31 10:47:38.655	O usuário 'administrador' alterou a unidade com código 353
785	2020-03-31 10:48:36.627	O usuário 'administrador' alterou a unidade com código 354
786	2020-03-31 10:49:51.619	O usuário 'administrador' alterou a unidade com código 355
787	2020-03-31 10:50:44.794	O usuário 'administrador' alterou a unidade com código 356
788	2020-03-31 10:51:40.882	O usuário 'administrador' alterou a unidade com código 357
789	2020-03-31 10:52:32.372	O usuário 'administrador' alterou a unidade com código 358
790	2020-03-31 10:53:24.249	O usuário 'administrador' alterou a unidade com código 359
791	2020-03-31 10:54:20.022	O usuário 'administrador' alterou a unidade com código 360
792	2020-03-31 10:55:14.347	O usuário 'administrador' alterou a unidade com código 361
793	2020-03-31 10:56:02.779	O usuário 'administrador' alterou a unidade com código 362
794	2020-03-31 10:57:04.51	O usuário 'administrador' alterou a unidade com código 363
796	2020-03-31 10:57:17.596	O usuário 'pastl' cadastrou uma nova unidade com código 650
797	2020-03-31 10:58:12.328	O usuário 'administrador' alterou a unidade com código 364
798	2020-03-31 10:59:09.784	O usuário 'administrador' alterou a unidade com código 365
800	2020-03-31 10:59:12.481	O usuário 'pastl' cadastrou uma nova unidade com código 649
801	2020-03-31 11:00:26.47	O usuário 'administrador' alterou a unidade com código 366
803	2020-03-31 11:01:20.271	O usuário 'pastl' cadastrou uma nova unidade com código 648
804	2020-03-31 11:01:25.045	O usuário 'administrador' alterou a unidade com código 367
805	2020-03-31 11:02:27.541	O usuário 'administrador' alterou a unidade com código 368
806	2020-03-31 11:03:31.629	O usuário 'administrador' alterou a unidade com código 369
807	2020-03-31 11:04:30.021	O usuário 'administrador' alterou a unidade com código 370
808	2020-03-31 11:06:07.795	O usuário 'administrador' alterou a unidade com código 21
809	2020-03-31 11:06:31.473	O usuário 'administrador' alterou a unidade com código 22
811	2020-03-31 11:07:48.08	O usuário 'pastl' cadastrou uma nova unidade com código 647
812	2020-03-31 11:07:51.859	O usuário 'administrador' alterou a unidade com código 371
813	2020-03-31 11:08:48.689	O usuário 'administrador' alterou a unidade com código 372
814	2020-03-31 11:10:18.497	O usuário 'administrador' alterou a unidade com código 373
815	2020-03-31 11:11:47.486	O usuário 'administrador' alterou a unidade com código 376
816	2020-03-31 11:12:48.819	O usuário 'administrador' alterou a unidade com código 377
818	2020-03-31 11:13:29.839	O usuário 'pastl' cadastrou uma nova unidade com código 646
819	2020-03-31 11:13:55.129	O usuário 'administrador' alterou a unidade com código 378
820	2020-03-31 11:14:47.961	O usuário 'administrador' alterou a unidade com código 379
822	2020-03-31 11:17:13.022	O usuário 'administrador' cadastrou uma nova unidade com código 380
823	2020-03-31 11:17:54.724	O usuário 'administrador' alterou a unidade com código 381
824	2020-03-31 11:18:05.946	O usuário 'administrador' alterou a unidade com código 382
825	2020-03-31 11:18:14.13	O usuário 'administrador' alterou a unidade com código 383
826	2020-03-31 11:18:23.022	O usuário 'administrador' alterou a unidade com código 384
828	2020-03-31 11:20:07.682	O usuário 'administrador' cadastrou uma nova unidade com código 385
829	2020-03-31 11:21:08.156	O usuário 'administrador' alterou a unidade com código 386
830	2020-03-31 11:22:21.537	O usuário 'administrador' alterou a unidade com código 389
831	2020-03-31 11:23:11.871	O usuário 'administrador' alterou a unidade com código 390
832	2020-03-31 11:24:12.264	O usuário 'administrador' alterou a unidade com código 392
834	2020-03-31 11:27:31.549	O usuário 'administrador' cadastrou uma nova unidade com código 395
836	2020-03-31 11:27:33.518	O usuário 'pastl' cadastrou uma nova unidade com código 645
837	2020-03-31 11:28:30.475	O usuário 'administrador' alterou a unidade com código 396
838	2020-03-31 11:29:32.157	O usuário 'administrador' alterou a unidade com código 397
841	2020-03-31 11:31:16.4	O usuário 'administrador' alterou a unidade com código 398
843	2020-03-31 11:31:56.858	O usuário 'pastl' cadastrou uma nova unidade com código 640
844	2020-03-31 11:32:11.259	O usuário 'administrador' alterou a unidade com código 399
845	2020-03-31 11:33:01.641	O usuário 'administrador' alterou a unidade com código 400
846	2020-03-31 11:34:02.765	O usuário 'administrador' alterou a unidade com código 401
847	2020-03-31 11:35:02.577	O usuário 'administrador' alterou a unidade com código 402
848	2020-03-31 11:36:06.517	O usuário 'administrador' alterou a unidade com código 403
849	2020-03-31 11:37:09.895	O usuário 'administrador' alterou a unidade com código 404
852	2020-03-31 11:40:34.227	O usuário 'administrador' cadastrou uma nova unidade com código 406
860	2020-03-31 11:49:52.185	O usuário 'administrador' alterou a unidade com código 413
861	2020-03-31 11:50:52.618	O usuário 'administrador' alterou a unidade com código 414
862	2020-03-31 11:51:59.077	O usuário 'administrador' alterou a unidade com código 415
863	2020-03-31 11:52:55.62	O usuário 'administrador' alterou a unidade com código 416
864	2020-03-31 11:54:27.654	O usuário 'administrador' alterou a unidade com código 417
865	2020-03-31 11:55:29.401	O usuário 'administrador' alterou a unidade com código 418
866	2020-03-31 11:56:31.966	O usuário 'administrador' alterou a unidade com código 421
867	2020-03-31 11:57:37.336	O usuário 'administrador' alterou a unidade com código 422
868	2020-03-31 11:58:38.679	O usuário 'administrador' alterou a unidade com código 423
871	2020-03-31 12:02:14.075	O usuário 'administrador' cadastrou uma nova unidade com código 424
873	2020-03-31 12:03:51.824	O usuário 'administrador' cadastrou uma nova unidade com código 425
876	2020-03-31 12:09:37.698	O usuário 'administrador' alterou a unidade com código 70
877	2020-03-31 12:10:42.742	O usuário 'administrador' alterou a unidade com código 71
880	2020-03-31 12:11:12.159	O usuário 'administrador' alterou a unidade com código 76
881	2020-03-31 12:11:19.707	O usuário 'administrador' alterou a unidade com código 77
882	2020-03-31 12:11:40.691	O usuário 'administrador' alterou a unidade com código 80
840	2020-03-31 11:30:59.989	O usuário 'administrador' cadastrou uma nova unidade com código 398
850	2020-03-31 11:38:20.164	O usuário 'administrador' alterou a unidade com código 405
854	2020-03-31 11:43:21.835	O usuário 'administrador' cadastrou uma nova unidade com código 407
856	2020-03-31 11:44:50.239	O usuário 'administrador' cadastrou uma nova unidade com código 409
858	2020-03-31 11:48:24.974	O usuário 'administrador' cadastrou uma nova unidade com código 411
859	2020-03-31 11:48:53.061	O usuário 'administrador' alterou a unidade com código 412
875	2020-03-31 12:06:20.19	O usuário 'administrador' cadastrou uma nova unidade com código 426
878	2020-03-31 12:10:53.659	O usuário 'administrador' alterou a unidade com código 73
879	2020-03-31 12:11:01.322	O usuário 'administrador' alterou a unidade com código 74
883	2020-03-31 12:12:15.257	O usuário 'administrador' alterou a unidade com código 85
884	2020-03-31 12:12:50.943	O usuário 'administrador' alterou a unidade com código 90
885	2020-03-31 12:13:07.61	O usuário 'administrador' alterou a unidade com código 91
886	2020-03-31 12:15:08.328	O usuário 'administrador' excluiu a unidade com código 91
887	2020-03-31 12:15:19.925	O usuário 'administrador' alterou a unidade com código 91
889	2020-03-31 17:15:57.131	O usuário 'administrador' cadastrou uma nova unidade com código 427
891	2020-03-31 17:17:40.61	O usuário 'administrador' cadastrou uma nova unidade com código 428
893	2020-03-31 17:18:59.89	O usuário 'administrador' cadastrou uma nova unidade com código 429
895	2020-03-31 17:20:32.038	O usuário 'administrador' cadastrou uma nova unidade com código 430
897	2020-03-31 17:22:12.915	O usuário 'administrador' cadastrou uma nova unidade com código 431
899	2020-03-31 17:23:45.367	O usuário 'administrador' cadastrou uma nova unidade com código 432
901	2020-03-31 17:24:59.306	O usuário 'administrador' cadastrou uma nova unidade com código 433
903	2020-03-31 17:27:04.714	O usuário 'administrador' cadastrou uma nova unidade com código 444
905	2020-03-31 17:28:20.335	O usuário 'administrador' cadastrou uma nova unidade com código 445
907	2020-03-31 17:29:43.134	O usuário 'administrador' cadastrou uma nova unidade com código 446
909	2020-03-31 17:31:01.155	O usuário 'administrador' cadastrou uma nova unidade com código 447
911	2020-03-31 17:35:20.707	O usuário 'administrador' cadastrou uma nova unidade com código 448
913	2020-03-31 17:36:53.232	O usuário 'administrador' cadastrou uma nova unidade com código 448
915	2020-03-31 17:38:25.58	O usuário 'administrador' cadastrou uma nova unidade com código 450
917	2020-03-31 17:39:39.136	O usuário 'administrador' cadastrou uma nova unidade com código 451
918	2020-03-31 17:40:32.356	O usuário 'administrador' alterou a unidade com código 27
919	2020-03-31 17:41:06.144	O usuário 'administrador' alterou a unidade com código 65
920	2020-03-31 17:42:39.019	O usuário 'administrador' alterou a unidade com código 122
921	2020-03-31 17:42:47.754	O usuário 'administrador' alterou a unidade com código 121
922	2020-03-31 17:43:03.661	O usuário 'administrador' alterou a unidade com código 124
923	2020-03-31 17:43:13.96	O usuário 'administrador' alterou a unidade com código 126
924	2020-03-31 17:43:29.579	O usuário 'administrador' alterou a unidade com código 128
925	2020-03-31 17:43:57.413	O usuário 'administrador' alterou a unidade com código 133
926	2020-03-31 17:47:06.829	O usuário 'administrador' alterou a unidade com código 15
927	2020-03-31 17:47:52.724	O usuário 'administrador' alterou a unidade com código 23
928	2020-03-31 17:47:59.611	O usuário 'administrador' alterou a unidade com código 24
929	2020-03-31 17:48:22.882	O usuário 'administrador' alterou a unidade com código 28
930	2020-03-31 17:48:39.592	O usuário 'administrador' alterou a unidade com código 31
932	2020-03-31 17:53:51.467	O usuário 'administrador' cadastrou uma nova unidade com código 452
934	2020-03-31 17:55:16.939	O usuário 'administrador' cadastrou uma nova unidade com código 453
936	2020-03-31 17:56:39.789	O usuário 'administrador' cadastrou uma nova unidade com código 454
938	2020-03-31 18:01:26.174	O usuário 'administrador' cadastrou uma nova unidade com código 455
940	2020-03-31 18:02:51.409	O usuário 'administrador' cadastrou uma nova unidade com código 456
942	2020-03-31 19:31:12.905	O usuário 'pastl' cadastrou uma nova unidade com código 644
944	2020-03-31 19:33:44.896	O usuário 'pastl' cadastrou uma nova unidade com código 643
946	2020-03-31 19:35:50.625	O usuário 'pastl' cadastrou uma nova unidade com código 640
948	2020-03-31 19:37:33.112	O usuário 'pastl' cadastrou uma nova unidade com código 641
950	2020-03-31 19:39:26.571	O usuário 'pastl' cadastrou uma nova unidade com código 642
951	2020-03-31 19:41:46.722	O usuário 'pastl' alterou a unidade com código 642
953	2020-03-31 20:48:41.511	O usuário 'pastl' cadastrou uma nova unidade com código 639
955	2020-03-31 20:49:17.562	O usuário 'pastl' cadastrou uma nova unidade com código 639
957	2020-03-31 20:49:21.124	O usuário 'pastl' cadastrou uma nova unidade com código 639
959	2020-03-31 20:50:54.054	O usuário 'pastl' cadastrou uma nova unidade com código 439
960	2020-03-31 20:52:18.944	O usuário 'pastl' excluiu a unidade com código 439
962	2020-03-31 20:55:37.897	O usuário 'pastl' cadastrou uma nova unidade com código 638
963	2020-03-31 21:02:21.59	O usuário 'pastl' alterou a unidade com código 638
964	2020-03-31 21:03:11.394	O usuário 'pastl' excluiu a unidade com código 639
965	2020-03-31 21:06:39.949	O usuário 'pastl' excluiu a unidade com código 639
966	2020-03-31 21:07:13.451	O usuário 'pastl' alterou a unidade com código 639
967	2020-03-31 21:11:19.101	O usuário 'pastl' alterou a unidade com código 638
969	2020-03-31 21:12:55.938	O usuário 'pastl' cadastrou uma nova unidade com código 637
971	2020-03-31 21:30:33.063	O usuário 'pastl' cadastrou uma nova unidade com código 636
973	2020-04-01 08:20:39.709	O usuário 'administrador' cadastrou uma nova unidade com código 457
975	2020-04-01 08:22:43.442	O usuário 'administrador' cadastrou uma nova unidade com código 458
977	2020-04-01 08:26:16.414	O usuário 'administrador' cadastrou uma nova unidade com código 459
979	2020-04-01 08:28:22.284	O usuário 'administrador' cadastrou uma nova unidade com código 460
981	2020-04-01 08:30:51.902	O usuário 'administrador' cadastrou uma nova unidade com código 461
983	2020-04-01 08:33:02.822	O usuário 'administrador' cadastrou uma nova unidade com código 462
985	2020-04-01 08:35:00.936	O usuário 'administrador' cadastrou uma nova unidade com código 463
987	2020-04-01 08:36:37.92	O usuário 'administrador' cadastrou uma nova unidade com código 464
989	2020-04-01 08:38:12.534	O usuário 'administrador' cadastrou uma nova unidade com código 465
991	2020-04-01 08:40:31.783	O usuário 'administrador' cadastrou uma nova unidade com código 466
993	2020-04-01 08:42:20.308	O usuário 'administrador' cadastrou uma nova unidade com código 467
999	2020-04-01 08:47:43.73	O usuário 'administrador' cadastrou uma nova unidade com código 470
1003	2020-04-01 08:51:59.942	O usuário 'administrador' cadastrou uma nova unidade com código 472
1011	2020-04-01 08:59:56.426	O usuário 'administrador' cadastrou uma nova unidade com código 477
1013	2020-04-01 09:04:41.865	O usuário 'administrador' cadastrou uma nova unidade com código 479
1015	2020-04-01 09:06:13.325	O usuário 'administrador' cadastrou uma nova unidade com código 480
1017	2020-04-01 09:07:46.922	O usuário 'administrador' cadastrou uma nova unidade com código 481
1019	2020-04-01 09:09:28.707	O usuário 'administrador' cadastrou uma nova unidade com código 482
1025	2020-04-01 09:15:30.436	O usuário 'administrador' cadastrou uma nova unidade com código 487
1027	2020-04-01 09:16:55.015	O usuário 'administrador' cadastrou uma nova unidade com código 488
1033	2020-04-01 09:25:18.481	O usuário 'administrador' cadastrou uma nova unidade com código 489
1035	2020-04-01 09:28:28.789	O usuário 'administrador' cadastrou uma nova unidade com código 490
1036	2020-04-01 09:28:55.149	O usuário 'administrador' alterou a unidade com código 489
1037	2020-04-01 09:29:30.956	O usuário 'administrador' alterou a unidade com código 477
1039	2020-04-01 09:32:35.099	O usuário 'administrador' cadastrou uma nova unidade com código 491
1041	2020-04-01 09:34:11.53	O usuário 'administrador' cadastrou uma nova unidade com código 492
1043	2020-04-01 09:36:07.758	O usuário 'administrador' cadastrou uma nova unidade com código 493
1045	2020-04-01 09:38:37.306	O usuário 'administrador' cadastrou uma nova unidade com código 494
1047	2020-04-01 09:40:13.394	O usuário 'administrador' cadastrou uma nova unidade com código 495
1049	2020-04-01 09:43:24.212	O usuário 'administrador' cadastrou uma nova unidade com código 496
1051	2020-04-01 09:47:25.064	O usuário 'administrador' cadastrou uma nova unidade com código 497
995	2020-04-01 08:43:58.515	O usuário 'administrador' cadastrou uma nova unidade com código 468
997	2020-04-01 08:45:36.713	O usuário 'administrador' cadastrou uma nova unidade com código 469
1001	2020-04-01 08:50:08.363	O usuário 'administrador' cadastrou uma nova unidade com código 471
1005	2020-04-01 08:54:18.289	O usuário 'administrador' cadastrou uma nova unidade com código 474
1007	2020-04-01 08:55:50.562	O usuário 'administrador' cadastrou uma nova unidade com código 475
1009	2020-04-01 08:57:46.828	O usuário 'administrador' cadastrou uma nova unidade com código 476
1021	2020-04-01 09:12:17.175	O usuário 'administrador' cadastrou uma nova unidade com código 484
1023	2020-04-01 09:13:55.864	O usuário 'administrador' cadastrou uma nova unidade com código 485
1028	2020-04-01 09:19:42.564	O usuário 'administrador' alterou a unidade com código 391
1029	2020-04-01 09:21:10.459	O usuário 'administrador' alterou a unidade com código 172
1030	2020-04-01 09:21:33.945	O usuário 'administrador' alterou a unidade com código 231
1031	2020-04-01 09:22:30.911	O usuário 'administrador' alterou a unidade com código 205
1053	2020-04-01 09:49:13.524	O usuário 'administrador' cadastrou uma nova unidade com código 498
1055	2020-04-01 09:50:53.88	O usuário 'administrador' cadastrou uma nova unidade com código 499
1057	2020-04-01 09:52:24.242	O usuário 'administrador' cadastrou uma nova unidade com código 501
1059	2020-04-01 10:46:14.039	O usuário 'administrador' cadastrou uma nova unidade com código 502
1061	2020-04-01 10:47:55.962	O usuário 'administrador' cadastrou uma nova unidade com código 504
1063	2020-04-01 10:49:23.832	O usuário 'administrador' cadastrou uma nova unidade com código 507
1065	2020-04-01 10:53:00.072	O usuário 'administrador' cadastrou uma nova unidade com código 508
1067	2020-04-01 10:54:40.2	O usuário 'administrador' cadastrou uma nova unidade com código 509
1069	2020-04-01 10:56:08.556	O usuário 'administrador' cadastrou uma nova unidade com código 510
1071	2020-04-01 10:59:43.823	O usuário 'administrador' cadastrou uma nova unidade com código 511
1073	2020-04-01 11:24:05.444	O usuário 'administrador' cadastrou uma nova unidade com código 512
1075	2020-04-01 11:26:19.04	O usuário 'administrador' cadastrou uma nova unidade com código 513
1077	2020-04-01 11:28:25.112	O usuário 'administrador' cadastrou uma nova unidade com código 514
1079	2020-04-01 11:31:57.033	O usuário 'administrador' cadastrou uma nova unidade com código 515
1081	2020-04-01 11:33:49.243	O usuário 'administrador' cadastrou uma nova unidade com código 516
1083	2020-04-01 11:35:16.065	O usuário 'administrador' cadastrou uma nova unidade com código 517
1085	2020-04-01 11:36:33.688	O usuário 'administrador' cadastrou uma nova unidade com código 518
1087	2020-04-01 11:38:08.195	O usuário 'administrador' cadastrou uma nova unidade com código 520
1089	2020-04-01 11:39:15.228	O usuário 'administrador' cadastrou uma nova unidade com código 521
1091	2020-04-01 11:40:26.857	O usuário 'administrador' cadastrou uma nova unidade com código 522
1093	2020-04-01 11:43:30.991	O usuário 'administrador' cadastrou uma nova unidade com código 524
1095	2020-04-01 11:44:55.583	O usuário 'administrador' cadastrou uma nova unidade com código 525
1097	2020-04-01 11:46:11.085	O usuário 'administrador' cadastrou uma nova unidade com código 526
1099	2020-04-01 12:10:43.678	O usuário 'pastl' cadastrou uma nova unidade com código 635
1101	2020-04-01 12:12:51.126	O usuário 'pastl' cadastrou uma nova unidade com código 656
1103	2020-04-01 12:14:34.305	O usuário 'pastl' cadastrou uma nova unidade com código 634
1105	2020-04-01 12:15:39.641	O usuário 'pastl' cadastrou uma nova unidade com código 633
1107	2020-04-01 12:16:51.729	O usuário 'pastl' cadastrou uma nova unidade com código 632
1110	2020-04-01 12:19:02.829	O usuário 'pastl' cadastrou uma nova unidade com código 631
1112	2020-04-01 12:21:01.868	O usuário 'pastl' cadastrou uma nova unidade com código 630
1114	2020-04-01 12:22:24.332	O usuário 'pastl' cadastrou uma nova unidade com código 629
1116	2020-04-01 12:23:49.474	O usuário 'pastl' cadastrou uma nova unidade com código 628
1118	2020-04-01 12:24:58.872	O usuário 'pastl' cadastrou uma nova unidade com código 627
1120	2020-04-01 12:26:50.257	O usuário 'pastl' cadastrou uma nova unidade com código 626
1122	2020-04-01 12:27:45.305	O usuário 'pastl' cadastrou uma nova unidade com código 625
1124	2020-04-01 12:28:26.698	O usuário 'pastl' cadastrou uma nova unidade com código 624
1126	2020-04-01 12:29:13.505	O usuário 'pastl' cadastrou uma nova unidade com código 623
1128	2020-04-01 12:29:56.105	O usuário 'pastl' cadastrou uma nova unidade com código 622
1130	2020-04-01 12:30:40.39	O usuário 'pastl' cadastrou uma nova unidade com código 621
1132	2020-04-01 12:32:13.917	O usuário 'pastl' cadastrou uma nova unidade com código 620
1134	2020-04-01 12:33:55.591	O usuário 'pastl' cadastrou uma nova unidade com código 619
1136	2020-04-01 12:34:39.696	O usuário 'pastl' cadastrou uma nova unidade com código 618
1138	2020-04-01 12:35:22.951	O usuário 'pastl' cadastrou uma nova unidade com código 617
1140	2020-04-01 12:36:07.411	O usuário 'pastl' cadastrou uma nova unidade com código 616
1142	2020-04-01 12:37:00.138	O usuário 'pastl' cadastrou uma nova unidade com código 615
1144	2020-04-01 12:38:04.276	O usuário 'pastl' cadastrou uma nova unidade com código 614
1146	2020-04-01 12:38:55.616	O usuário 'pastl' cadastrou uma nova unidade com código 613
1148	2020-04-01 12:41:07.174	O usuário 'pastl' cadastrou uma nova unidade com código 612
1150	2020-04-01 12:42:01.454	O usuário 'pastl' cadastrou uma nova unidade com código 611
1152	2020-04-01 12:42:43.606	O usuário 'pastl' cadastrou uma nova unidade com código 610
1154	2020-04-01 13:25:02.713	O usuário 'pastl' cadastrou uma nova unidade com código 609
1156	2020-04-01 13:25:51.699	O usuário 'pastl' cadastrou uma nova unidade com código 608
1158	2020-04-01 13:26:33.326	O usuário 'pastl' cadastrou uma nova unidade com código 607
1160	2020-04-01 13:27:22.706	O usuário 'pastl' cadastrou uma nova unidade com código 606
1162	2020-04-01 13:28:28.914	O usuário 'pastl' cadastrou uma nova unidade com código 605
1164	2020-04-01 13:29:12.809	O usuário 'pastl' cadastrou uma nova unidade com código 604
1166	2020-04-01 13:29:59.824	O usuário 'pastl' cadastrou uma nova unidade com código 603
1168	2020-04-01 13:31:28.538	O usuário 'pastl' cadastrou uma nova unidade com código 602
1169	2020-04-01 13:32:17.939	O usuário 'pastl' alterou a unidade com código 603
1171	2020-04-01 13:33:06.439	O usuário 'pastl' cadastrou uma nova unidade com código 601
1173	2020-04-01 13:33:52.209	O usuário 'pastl' cadastrou uma nova unidade com código 600
1175	2020-04-01 13:36:08.014	O usuário 'pastl' cadastrou uma nova unidade com código 599
1177	2020-04-01 14:35:18.523	O usuário 'administrador' cadastrou uma nova unidade com código 527
1183	2020-04-01 14:40:10.708	O usuário 'administrador' cadastrou uma nova unidade com código 530
1187	2020-04-01 14:44:24.085	O usuário 'administrador' cadastrou uma nova unidade com código 532
1191	2020-04-01 14:48:54.454	O usuário 'administrador' cadastrou uma nova unidade com código 534
1193	2020-04-01 14:50:23.397	O usuário 'administrador' cadastrou uma nova unidade com código 535
1199	2020-04-01 14:58:33.99	O usuário 'administrador' alterou a unidade com código 97
1200	2020-04-01 14:59:05.657	O usuário 'administrador' alterou a unidade com código 161
1201	2020-04-01 14:59:33.272	O usuário 'administrador' alterou a unidade com código 118
1202	2020-04-01 14:59:52.498	O usuário 'administrador' alterou a unidade com código 183
1203	2020-04-01 15:00:47.174	O usuário 'administrador' alterou a unidade com código 58
1207	2020-04-01 15:05:59.054	O usuário 'administrador' alterou a unidade com código 69
1208	2020-04-01 15:08:11.039	O usuário 'administrador' alterou a unidade com código 92
1209	2020-04-01 15:09:52.027	O usuário 'administrador' excluiu a unidade com código 8
1210	2020-04-01 15:10:56.401	O usuário 'administrador' excluiu a unidade com código 22
1213	2020-04-01 15:15:46.792	O usuário 'administrador' excluiu a unidade com código 91
1215	2020-04-01 15:16:42.84	O usuário 'administrador' excluiu a unidade com código 100
1217	2020-04-01 15:17:25.353	O usuário 'administrador' excluiu a unidade com código 106
1219	2020-04-01 15:17:55.761	O usuário 'pastl' cadastrou uma nova unidade com código 598
1220	2020-04-01 15:17:57.832	O usuário 'administrador' excluiu a unidade com código 113
1221	2020-04-01 15:18:14.769	O usuário 'administrador' excluiu a unidade com código 121
1224	2020-04-01 15:19:05.014	O usuário 'pastl' cadastrou uma nova unidade com código 597
1226	2020-04-01 15:19:39.991	O usuário 'administrador' excluiu a unidade com código 132
1228	2020-04-01 15:20:03.19	O usuário 'administrador' excluiu a unidade com código 135
1232	2020-04-01 15:20:49.568	O usuário 'pastl' cadastrou uma nova unidade com código 596
1235	2020-04-01 15:23:47.916	O usuário 'administrador' excluiu a unidade com código 142
1179	2020-04-01 14:36:44.552	O usuário 'administrador' cadastrou uma nova unidade com código 528
1181	2020-04-01 14:38:43.43	O usuário 'administrador' cadastrou uma nova unidade com código 529
1185	2020-04-01 14:41:36.702	O usuário 'administrador' cadastrou uma nova unidade com código 531
1189	2020-04-01 14:45:46.403	O usuário 'administrador' cadastrou uma nova unidade com código 533
1194	2020-04-01 14:53:39.46	O usuário 'administrador' alterou a unidade com código 184
1195	2020-04-01 14:54:34.94	O usuário 'administrador' alterou a unidade com código 201
1196	2020-04-01 14:55:49.401	O usuário 'administrador' alterou a unidade com código 135
1197	2020-04-01 14:56:43.782	O usuário 'administrador' alterou a unidade com código 200
1198	2020-04-01 14:58:02.515	O usuário 'administrador' alterou a unidade com código 186
1204	2020-04-01 15:02:06.307	O usuário 'administrador' alterou a unidade com código 420
1205	2020-04-01 15:04:09.169	O usuário 'administrador' alterou a unidade com código 178
1206	2020-04-01 15:04:30.524	O usuário 'administrador' alterou a unidade com código 195
1211	2020-04-01 15:14:09.342	O usuário 'administrador' excluiu a unidade com código 62
1212	2020-04-01 15:15:01.37	O usuário 'administrador' excluiu a unidade com código 69
1214	2020-04-01 15:15:54.469	O usuário 'administrador' excluiu a unidade com código 92
1216	2020-04-01 15:17:15.751	O usuário 'administrador' excluiu a unidade com código 105
1222	2020-04-01 15:18:51.962	O usuário 'administrador' excluiu a unidade com código 128
1225	2020-04-01 15:19:22.984	O usuário 'administrador' excluiu a unidade com código 131
1227	2020-04-01 15:19:54.737	O usuário 'administrador' excluiu a unidade com código 133
1229	2020-04-01 15:20:20.545	O usuário 'administrador' excluiu a unidade com código 138
1230	2020-04-01 15:20:31.205	O usuário 'administrador' excluiu a unidade com código 140
1234	2020-04-01 15:21:55.577	O usuário 'pastl' cadastrou uma nova unidade com código 595
1237	2020-04-01 15:24:14.336	O usuário 'pastl' cadastrou uma nova unidade com código 594
1239	2020-04-01 15:25:41.535	O usuário 'pastl' cadastrou uma nova unidade com código 593
1240	2020-04-01 15:28:13.419	O usuário 'administrador' excluiu a unidade com código 178
1241	2020-04-01 15:29:06.042	O usuário 'administrador' excluiu a unidade com código 184
1242	2020-04-01 15:29:17.091	O usuário 'administrador' excluiu a unidade com código 186
1243	2020-04-01 15:29:41.285	O usuário 'administrador' excluiu a unidade com código 195
1244	2020-04-01 15:30:31.564	O usuário 'administrador' excluiu a unidade com código 209
1245	2020-04-01 15:33:53.288	O usuário 'administrador' excluiu a unidade com código 275
1246	2020-04-01 15:34:20.926	O usuário 'administrador' excluiu a unidade com código 290
1247	2020-04-01 15:35:00.2	O usuário 'administrador' excluiu a unidade com código 297
1248	2020-04-01 15:39:07.846	O usuário 'administrador' excluiu a unidade com código 340
1249	2020-04-01 15:45:33.69	O usuário 'administrador' excluiu a unidade com código 374
1250	2020-04-01 15:45:52.249	O usuário 'administrador' excluiu a unidade com código 381
1251	2020-04-01 15:45:57.505	O usuário 'administrador' excluiu a unidade com código 382
1252	2020-04-01 15:46:02.238	O usuário 'administrador' excluiu a unidade com código 383
1253	2020-04-01 15:46:10.387	O usuário 'administrador' excluiu a unidade com código 384
1256	2020-04-01 16:01:22.361	O usuário 'administrador' cadastrou uma nova unidade com código 535
1258	2020-04-01 16:02:52.454	O usuário 'administrador' cadastrou uma nova unidade com código 536
1260	2020-04-01 16:04:07.269	O usuário 'administrador' cadastrou uma nova unidade com código 537
1262	2020-04-01 16:05:17.242	O usuário 'administrador' cadastrou uma nova unidade com código 538
1264	2020-04-01 16:07:16.155	O usuário 'administrador' cadastrou uma nova unidade com código 539
1266	2020-04-01 16:08:27.987	O usuário 'administrador' cadastrou uma nova unidade com código 540
1268	2020-04-01 16:09:50.281	O usuário 'administrador' cadastrou uma nova unidade com código 541
1270	2020-04-01 16:11:11.153	O usuário 'administrador' cadastrou uma nova unidade com código 542
1272	2020-04-01 16:12:48.176	O usuário 'administrador' cadastrou uma nova unidade com código 543
1274	2020-04-01 16:13:57.596	O usuário 'administrador' cadastrou uma nova unidade com código 544
1276	2020-04-01 16:15:32.225	O usuário 'administrador' cadastrou uma nova unidade com código 545
1278	2020-04-01 16:16:56.043	O usuário 'administrador' cadastrou uma nova unidade com código 546
1280	2020-04-01 16:18:07.111	O usuário 'administrador' cadastrou uma nova unidade com código 547
1282	2020-04-01 16:18:39.812	O usuário 'pastl' cadastrou uma nova unidade com código 592
1284	2020-04-01 16:19:33.449	O usuário 'pastl' cadastrou uma nova unidade com código 591
1286	2020-04-01 16:19:35.225	O usuário 'administrador' cadastrou uma nova unidade com código 548
1288	2020-04-01 16:20:21.997	O usuário 'pastl' cadastrou uma nova unidade com código 590
1290	2020-04-01 16:20:41.131	O usuário 'administrador' cadastrou uma nova unidade com código 549
1292	2020-04-01 16:21:14.476	O usuário 'pastl' cadastrou uma nova unidade com código 589
1294	2020-04-01 16:21:53.45	O usuário 'administrador' cadastrou uma nova unidade com código 550
1296	2020-04-01 16:22:09.812	O usuário 'pastl' cadastrou uma nova unidade com código 588
1298	2020-04-01 16:23:04.491	O usuário 'administrador' cadastrou uma nova unidade com código 551
1300	2020-04-01 16:23:09.866	O usuário 'pastl' cadastrou uma nova unidade com código 587
1302	2020-04-01 16:23:55.519	O usuário 'pastl' cadastrou uma nova unidade com código 586
1304	2020-04-01 16:24:28.517	O usuário 'administrador' cadastrou uma nova unidade com código 552
1306	2020-04-01 16:26:25.963	O usuário 'pastl' cadastrou uma nova unidade com código 585
1308	2020-04-01 16:27:46.86	O usuário 'pastl' cadastrou uma nova unidade com código 584
1310	2020-04-01 16:35:02.519	O usuário 'pastl' cadastrou uma nova unidade com código 583
1312	2020-04-01 16:36:41.984	O usuário 'pastl' cadastrou uma nova unidade com código 582
1314	2020-04-01 16:37:29.06	O usuário 'pastl' cadastrou uma nova unidade com código 581
1316	2020-04-01 16:38:13.91	O usuário 'pastl' cadastrou uma nova unidade com código 580
1318	2020-04-01 16:47:55.839	O usuário 'pastl' cadastrou uma nova unidade com código 579
1320	2020-04-01 16:48:44.272	O usuário 'pastl' cadastrou uma nova unidade com código 577
1322	2020-04-01 16:49:44.619	O usuário 'pastl' cadastrou uma nova unidade com código 576
1324	2020-04-01 16:50:30.268	O usuário 'pastl' cadastrou uma nova unidade com código 575
1326	2020-04-01 16:51:15.608	O usuário 'pastl' cadastrou uma nova unidade com código 574
1328	2020-04-01 16:52:22.999	O usuário 'pastl' cadastrou uma nova unidade com código 573
1330	2020-04-01 16:54:52.049	O usuário 'pastl' cadastrou uma nova unidade com código 572
1334	2020-04-01 16:56:26.485	O usuário 'pastl' cadastrou uma nova unidade com código 570
1338	2020-04-01 17:16:35.463	O usuário 'administrador' cadastrou uma nova unidade com código 554
1340	2020-04-01 17:18:01.725	O usuário 'administrador' cadastrou uma nova unidade com código 555
1346	2020-04-01 17:21:13.132	O usuário 'pastl' cadastrou uma nova unidade com código 567
1348	2020-04-01 17:22:09.453	O usuário 'pastl' cadastrou uma nova unidade com código 566
1350	2020-04-01 17:22:48.077	O usuário 'administrador' cadastrou uma nova unidade com código 557
1352	2020-04-01 17:23:09.265	O usuário 'pastl' cadastrou uma nova unidade com código 565
1353	2020-04-01 17:23:39.3	O usuário 'administrador' alterou a unidade com código 557
1359	2020-04-01 17:25:11.33	O usuário 'administrador' cadastrou uma nova unidade com código 558
1363	2020-04-01 17:26:22.581	O usuário 'administrador' cadastrou uma nova unidade com código 559
1365	2020-04-01 17:26:36.736	O usuário 'pastl' cadastrou uma nova unidade com código 561
1367	2020-04-01 17:27:42.295	O usuário 'administrador' cadastrou uma nova unidade com código 560
1332	2020-04-01 16:55:44.695	O usuário 'pastl' cadastrou uma nova unidade com código 571
1336	2020-04-01 16:58:28.276	O usuário 'pastl' cadastrou uma nova unidade com código 569
1342	2020-04-01 17:19:14.122	O usuário 'administrador' cadastrou uma nova unidade com código 556
1344	2020-04-01 17:20:20.869	O usuário 'pastl' cadastrou uma nova unidade com código 568
1355	2020-04-01 17:23:48.868	O usuário 'pastl' cadastrou uma nova unidade com código 564
1357	2020-04-01 17:24:47.907	O usuário 'pastl' cadastrou uma nova unidade com código 563
1361	2020-04-01 17:25:36.648	O usuário 'pastl' cadastrou uma nova unidade com código 562
1368	2020-04-01 17:27:48.719	O usuário 'administrador' alterou a unidade com código 560
1369	2020-04-01 17:44:46.516	O usuário 'administrador' alterou a unidade com código 26
\.


--
-- Data for Name: categoriadeunidade; Type: TABLE DATA; Schema: mapbiogas; Owner: postgres
--

COPY mapbiogas.categoriadeunidade (id, nome) FROM stdin;
1	Agropecuária
2	Aterro Sanitário
3	Estação de Tratamento de Esgoto
4	Indústria
5	Codigestão
\.


--
-- Data for Name: escala; Type: TABLE DATA; Schema: mapbiogas; Owner: postgres
--

COPY mapbiogas.escala (id, intervalo, legenda, porte, valor) FROM stdin;
1	1	1251 a 2500 m³/dia	2	2500
2	1	< 1250 m³/dia	1	1250
3	2	2501 a 8500 m³/dia	3	8500
4	2	8501 a 12500 m³/dia	4	12500
5	3	12501 a 85500 m³/dia	5	85500
6	3	85501 a 350.000 m³/dia	6	350000
7	3	> 350.000 m³/dia	7	351000
\.


--
-- Data for Name: estado; Type: TABLE DATA; Schema: mapbiogas; Owner: postgres
--

COPY mapbiogas.estado (id, ibgecode, nome, nome2, regiao, sigla) FROM stdin;
1	12	Acre	\N	Norte	AC
2	27	Alagoas	\N	Nordeste	AL
3	16	Amapá	\N	Norte	AP
4	13	Amazonas	\N	Norte	AM
5	29	Bahia	\N	Nordeste	BA
6	23	Ceará	\N	Nordeste	CE
7	53	Distrito Federal	\N	Centro-Oeste	DF
8	32	Espírito Santo	\N	Sudeste	ES
9	52	Goiás	\N	Centro-Oeste	GO
10	21	Maranhão	\N	Nordeste	MA
11	51	Mato Grosso	\N	Centro-Oeste	MT
12	50	Mato Grosso do Sul	\N	Centro-Oeste	MS
13	31	Minas Gerais	\N	Sudeste	MG
14	15	Pará	\N	Nordeste	PA
15	25	Paraíba	\N	Nordeste	PB
16	41	Paraná	\N	Sul	PR
17	26	Pernambuco	\N	Nordeste	PE
18	22	Piauí	\N	Nordeste	PI
19	33	Rio de Janeiro	\N	Sudeste	RJ
20	24	Rio Grande do Norte	\N	Nordeste	RN
21	43	Rio Grande do Sul	\N	Sul	RS
22	11	Rondônia	\N	Norte	RO
23	14	Roraima	\N	Norte	RR
24	42	Santa Catarina	\N	Sul	SC
25	35	São Paulo	\N	Sudeste	SP
26	28	Sergipe	\N	Nordeste	SE
27	17	Tocantins	\N	Norte	TO
\.


--
-- Data for Name: fontedosubstrato; Type: TABLE DATA; Schema: mapbiogas; Owner: postgres
--

COPY mapbiogas.fontedosubstrato (id, nome, categoriadeunidade_id) FROM stdin;
1	Suinocultura	1
2	Avicultura de Postura ou Corte	1
3	Bovinocultura de Leite ou Corte	1
4	Indústria Sucroenergética	4
5	Abatedouro de Aves ou Suínos	4
6	Indústria de Alimentos e/ou Bebidas	4
7	Indústria de Laticínios	4
8	Aterro Sanitário	2
9	Esgoto	3
10	Lodo de Esgoto	3
11	Codigestão de Resíduos	5
12	Suinocultura bovinocultura e/ou avicultura	1
\.


--
-- Data for Name: municipio; Type: TABLE DATA; Schema: mapbiogas; Owner: postgres
--

COPY mapbiogas.municipio (id, nome, uf, estado_id) FROM stdin;
3	Abadiânia	GO	9
4	Abaeté	MG	13
5	Abaetetuba	PA	14
6	Abaiara	CE	6
7	Abaíra	BA	5
8	Abaré	BA	5
10	Abdon Batista	SC	24
11	Abel Figueiredo	PA	14
12	Abelardo Luz	SC	24
13	Abre Campo	MG	13
15	Abreulândia	TO	27
16	Acaiaca	MG	13
17	Açailândia	MA	10
18	Acajutiba	BA	5
19	Acará	PA	14
21	Acaraú	CE	6
22	Acari	RN	20
23	Acauã	PI	18
24	Aceguá	RS	21
25	Acopiara	CE	6
27	Acrelândia	AC	1
28	Acreúna	GO	9
29	Açu	RN	20
30	Açucena	MG	13
32	Adelândia	GO	9
33	Adolfo	SP	25
34	Adrianópolis	PR	16
35	Adustina	BA	5
37	Afonso Bezerra	RN	20
38	Afonso Cláudio	ES	8
39	Afonso Cunha	MA	10
40	Afrânio	PE	17
41	Afuá	PA	14
42	Agrestina	PE	17
44	Agrolândia	SC	24
45	Agronômica	SC	24
46	Água Azul do Norte	PA	14
47	Água Boa	MG	13
48	Água Boa	MT	11
49	Água Branca	AL	2
51	Água Branca	PI	18
52	Água Clara	MS	12
53	Água Comprida	MG	13
54	Água Doce	SC	24
56	Água Doce do Norte	ES	8
57	Água Fria	BA	5
58	Água Fria de Goiás	GO	9
59	Água Limpa	GO	9
60	Água Nova	RN	20
61	Água Preta	PE	17
62	Água Santa	RS	21
64	Aguanil	MG	13
65	Águas Belas	PE	17
66	Águas da Prata	SP	25
67	Águas de Chapecó	SC	24
69	Águas de Santa Bárbara	SP	25
70	Águas de São Pedro	SP	25
71	Águas Formosas	MG	13
72	Águas Frias	SC	24
73	Águas Lindas de Goiás	GO	9
75	Águas Vermelhas	MG	13
76	Agudo	RS	21
77	Agudos	SP	25
78	Agudos do Sul	PR	16
79	Águia Branca	ES	8
80	Aguiar	PB	15
82	Aimorés	MG	13
83	Aiquara	BA	5
84	Aiuaba	CE	6
85	Aiuruoca	MG	13
86	Ajuricaba	RS	21
87	Alagoa	MG	13
89	Alagoa Nova	PB	15
90	Alagoinha	PB	15
91	Alagoinha	PE	17
92	Alagoinha do Piauí	PI	18
93	Alagoinhas	BA	5
95	Albertina	MG	13
96	Alcântara	MA	10
97	Alcântaras	CE	6
98	Alcantil	PB	15
99	Alcinópolis	MS	12
101	Aldeias Altas	MA	10
102	Alecrim	RS	21
103	Alegre	ES	8
104	Alegrete	RS	21
106	Alegria	RS	21
107	Além Paraíba	MG	13
108	Alenquer	PA	14
109	Alexandria	RN	20
110	Alexânia	GO	9
111	Alfenas	MG	13
113	Alfredo Marcondes	SP	25
114	Alfredo Vasconcelos	MG	13
115	Alfredo Wagner	SC	24
116	Algodão de Jandaíra	PB	15
117	Alhandra	PB	15
119	Aliança do Tocantins	TO	27
120	Almadina	BA	5
121	Almas	TO	27
122	Almeirim	PA	14
123	Almenara	MG	13
125	Almirante Tamandaré	PR	16
126	Almirante Tamandaré do Sul	RS	21
127	Aloândia	GO	9
128	Alpercata	MG	13
129	Alpestre	RS	21
132	Alta Floresta D' Oeste	RO	22
133	Altair	SP	25
135	Altamira do Maranhão	MA	10
136	Altamira do Paraná	PR	16
137	Altaneira	CE	6
138	Alterosa	MG	13
139	Altinho	PE	17
141	Alto Alegre	RR	23
142	Alto Alegre	RS	21
143	Alto Alegre	SP	25
145	Alto Alegre do Pindaré	MA	10
146	Alto Alegre dos Parecis	RO	22
147	Alto Araguaia	MT	11
148	Alto Bela Vista	SC	24
149	Alto Boa Vista	MT	11
150	Alto Caparaó	MG	13
151	Alto do Rodrigues	RN	20
152	Alto Feliz	RS	21
154	Alto Horizonte	GO	9
155	Alto Jequitibá	MG	13
156	Alto Longá	PI	18
157	Alto Paraguai	MT	11
159	Alto Paraíso	RO	22
160	Alto Paraíso de Goiás	GO	9
161	Alto Paraná	PR	16
162	Alto Parnaíba	MA	10
163	Alto Piquiri	PR	16
165	Alto Rio Novo	ES	8
166	Alto Santo	CE	6
167	Alto Taquari	MT	11
168	Altônia	PR	16
169	Altos	PI	18
170	Alumínio	SP	25
172	Alvarenga	MG	13
173	Álvares Florence	SP	25
174	Álvares Machado	SP	25
175	Álvaro de Carvalho	SP	25
176	Alvinlândia	SP	25
178	Alvorada	RS	21
179	Alvorada	TO	27
180	Alvorada de Minas	MG	13
182	Alvorada do Norte	GO	9
183	Alvorada do Sul	PR	16
184	Alvorada D' Oeste	RO	22
185	Amajari	RR	23
186	Amambai	MS	12
187	Amapá	AP	3
188	Amapá do Maranhão	MA	10
190	Amaraji	PE	17
191	Amaral Ferrador	RS	21
192	Amaralina	GO	9
193	Amarante	PI	18
195	Amargosa	BA	5
196	Amaturá	AM	4
197	Amélia Rodrigues	BA	5
198	América Dourada	BA	5
199	Americana	SP	25
200	Americano do Brasil	GO	9
202	Américo de Campos	SP	25
203	Ametista do Sul	RS	21
204	Amontada	CE	6
205	Amorinópolis	GO	9
206	Amparo	PB	15
207	Amparo	SP	25
209	Amparo do Serra	MG	13
210	Ampére	PR	16
211	Anadia	AL	2
212	Anagé	BA	5
213	Anahy	PR	16
214	Anajás	PA	14
216	Analândia	SP	25
217	Anamã	AM	4
218	Ananás	TO	27
219	Ananindeua	PA	14
220	Anápolis	GO	9
222	Anapurus	MA	10
223	Anastácio	MS	12
224	Anaurilândia	MS	12
225	Anchieta	ES	8
226	Anchieta	SC	24
228	Andirá	PR	16
229	Andorinha	BA	5
230	Andradas	MG	13
231	Andradina	SP	25
233	Andrelândia	MG	13
234	Angatuba	SP	25
235	Angelândia	MG	13
236	Angélica	MS	12
237	Angelim	PE	17
238	Angelina	SC	24
240	Angical do Piauí	PI	18
241	Angico	TO	27
242	Angicos	RN	20
243	Angra dos Reis	RJ	19
245	Ângulo	PR	16
246	Anhanguera	GO	9
247	Anhembi	SP	25
248	Anhumas	SP	25
249	Anicuns	GO	9
251	Anita Garibaldi	SC	24
252	Anitápolis	SC	24
253	Anori	AM	4
254	Anta Gorda	RS	21
255	Antas	BA	5
257	Antonina do Norte	CE	6
258	Antônio Almeida	PI	18
260	Antônio Carlos	MG	13
261	Antônio Carlos	SC	24
262	Antônio Dias	MG	13
264	Antônio João	MS	12
265	Antônio Martins	RN	20
266	Antônio Olinto	PR	16
267	Antônio Prado	RS	21
268	Antônio Prado de Minas	MG	13
269	Aparecida	PB	15
271	Aparecida de Goiânia	GO	9
272	Aparecida do Rio Doce	GO	9
273	Aparecida do Rio Negro	TO	27
274	Aparecida do Taboado	MS	12
276	Aperibé	RJ	19
277	Apiacá	ES	8
278	Apiacás	MT	11
279	Apiaí	SP	25
280	Apicum-Açu	MA	10
281	Apiúna	SC	24
283	Aporá	BA	5
284	Aporé	GO	9
285	Apuarema	BA	5
286	Apucarana	PR	16
287	Apuí	AM	4
289	Aquidabã	SE	26
290	Aquidauana	MS	12
291	Aquiraz	CE	6
292	Arabutã	SC	24
294	Araçaí	MG	13
295	Aracaju	SE	26
296	Araçariguama	SP	25
297	Araças	BA	5
298	Aracati	CE	6
300	Araçatuba	SP	25
301	Araci	BA	5
302	Aracitaba	MG	13
303	Aracoiaba	CE	6
304	Araçoiaba	PE	17
306	Aracruz	ES	8
307	Araçu	GO	9
308	Araçuaí	MG	13
309	Aragarças	GO	9
310	Aragoiânia	GO	9
312	Araguacema	TO	27
313	Araguaçu	TO	27
314	Araguaiana	MT	11
315	Araguaína	TO	27
316	Araguainha	MT	11
318	Araguanã	TO	27
319	Araguapaz	GO	9
320	Araguari	MG	13
321	Araguatins	TO	27
323	Aral Moreira	MS	12
324	Aramari	BA	5
325	Arambaré	RS	21
326	Arame	MA	10
327	Aramina	SP	25
329	Arantina	MG	13
330	Arapeí	SP	25
331	Arapiraca	AL	2
332	Arapoema	TO	27
333	Araponga	MG	13
335	Araporã	MG	13
336	Arapoti	PR	16
337	Arapuá	MG	13
338	Arapuã	PR	16
340	Araquari	SC	24
341	Arara	PB	15
342	Araranguá	SC	24
343	Araraquara	SP	25
344	Araras	SP	25
346	Arari	MA	10
347	Araricá	RS	21
348	Araripe	CE	6
349	Araripina	PE	17
350	Araruama	RJ	19
352	Araruna	PR	16
353	Arataca	BA	5
354	Aratiba	RS	21
355	Aratuba	CE	6
357	Arauá	SE	26
358	Araucária	PR	16
359	Araújos	MG	13
360	Araxá	MG	13
361	Arceburgo	MG	13
363	Arcos	MG	13
364	Arcoverde	PE	17
365	Areado	MG	13
366	Areal	RJ	19
367	Arealva	SP	25
369	Areia Branca	RN	20
370	Areia Branca	SE	26
371	Areia de Baraúnas	PB	15
372	Areial	PB	15
374	Areiópolis	SP	25
375	Arenápolis	MT	11
376	Arenópolis	GO	9
377	Arês	RN	20
378	Argirita	MG	13
380	Arinos	MG	13
381	Aripuanã	MT	11
382	Ariquemes	RO	22
383	Ariranha	SP	25
385	Armação dos Búzios	RJ	19
386	Armazém	SC	24
387	Arneiroz	CE	6
388	Aroazes	PI	18
389	Aroeiras	PB	15
392	Arraial do Cabo	RJ	19
393	Arraias	TO	27
394	Arroio do Meio	RS	21
395	Arroio do Padre	RS	21
397	Arroio do Tigre	RS	21
398	Arroio dos Ratos	RS	21
399	Arroio Grande	RS	21
400	Arroio Trinta	SC	24
401	Artur Nogueira	SP	25
402	Aruanã	GO	9
404	Arvoredo	SC	24
405	Arvorezinha	RS	21
406	Ascurra	SC	24
407	Aspásia	SP	25
408	Assaí	PR	16
410	Assis	SP	25
411	Assis Brasil	AC	1
412	Assis Chateaubriand	PR	16
413	Assunção	PB	15
415	Astolfo Dutra	MG	13
416	Astorga	PR	16
417	Atalaia	AL	2
418	Atalaia	PR	16
419	Atalaia do Norte	AM	4
420	Atalanta	SC	24
422	Atibaia	SP	25
423	Atilio Vivacqua	ES	8
424	Augustinópolis	TO	27
425	Augusto Corrêa	PA	14
427	Augusto Pestana	RS	21
428	Augusto Severo	RN	20
429	Áurea	RS	21
430	Aurelino Leal	BA	5
431	Auriflama	SP	25
432	Aurilândia	GO	9
434	Aurora	SC	24
435	Aurora do Pará	PA	14
436	Aurora do Tocantins	TO	27
437	Autazes	AM	4
439	Avanhandava	SP	25
440	Avaré	SP	25
441	Aveiro	PA	14
442	Avelino Lopes	PI	18
444	Axixá	MA	10
445	Axixá do Tocantins	TO	27
446	Babaçulândia	TO	27
447	Bacabal	MA	10
448	Bacabeira	MA	10
449	Bacuri	MA	10
451	Bady Bassitt	SP	25
452	Baependi	MG	13
453	Bagé	RS	21
454	Bagre	PA	14
456	Baía Formosa	RN	20
457	Baianópolis	BA	5
458	Baião	PA	14
459	Baixa Grande	BA	5
460	Baixa Grande do Ribeiro	PI	18
461	Baixio	CE	6
463	Balbinos	SP	25
464	Baldim	MG	13
465	Baliza	GO	9
466	Balneário Arroio do Silva	SC	24
468	Balneário Camboriú	SC	24
469	Balneário Gaivota	SC	24
470	Balneário Piçarras	SC	24
471	Balneário Pinhal	RS	21
472	Balsa Nova	PR	16
473	Bálsamo	SP	25
474	Balsas	MA	10
476	Banabuiú	CE	6
477	Bananal	SP	25
478	Bananeiras	PB	15
479	Bandeira	MG	13
481	Bandeirante	SC	24
482	Bandeirantes	MS	12
483	Bandeirantes	PR	16
484	Bandeirantes do Tocantins	TO	27
485	Bannach	PA	14
486	Banzaê	BA	5
488	Barão de Antonina	SP	25
489	Barão de Cocais	MG	13
490	Barão de Cotegipe	RS	21
491	Barão de Grajaú	MA	10
493	Barão de Monte Alto	MG	13
494	Barão do Triunfo	RS	21
495	Baraúna	PB	15
496	Baraúna	RN	20
497	Barbacena	MG	13
498	Barbalha	CE	6
500	Barbosa Ferraz	PR	16
501	Barcarena	PA	14
502	Barcelona	RN	20
503	Barcelos	AM	4
504	Bariri	SP	25
506	Barra Bonita	SC	24
507	Barra Bonita	SP	25
508	Barra da Estiva	BA	5
509	Barra D' Alcântara	PI	18
511	Barra de Santa Rosa	PB	15
512	Barra de Santana	PB	15
513	Barra de Santo Antônio	AL	2
514	Barra de São Francisco	ES	8
515	Barra de São Miguel	AL	2
517	Barra do Bugres	MT	11
520	Barra do Corda	MA	10
521	Barra do Garças	MT	11
522	Barra do Guarita	RS	21
523	Barra do Jacaré	PR	16
524	Barra do Mendes	BA	5
526	Barra do Piraí	RJ	19
527	Barra do Quaraí	RS	21
528	Barra do Ribeiro	RS	21
529	Barra do Rio Azul	RS	21
530	Barra do Rocha	BA	5
532	Barra dos Coqueiros	SE	26
533	Barra Funda	RS	21
534	Barra Longa	MG	13
535	Barra Mansa	RJ	19
536	Barra Velha	SC	24
537	Barracão	PR	16
539	Barras	PI	18
540	Barreira	CE	6
541	Barreiras	BA	5
542	Barreiras do Piauí	PI	18
543	Barreirinha	AM	4
545	Barreiros	PE	17
546	Barretos	SP	25
547	Barrinha	SP	25
548	Barro	CE	6
549	Barro Alto	BA	5
551	Barro Duro	PI	18
552	Barro Preto	BA	5
553	Barrocas	BA	5
554	Barrolândia	TO	27
556	Barros Cassal	RS	21
557	Barroso	MG	13
558	Barueri	SP	25
559	Bastos	SP	25
560	Bataguassu	MS	12
562	Batalha	PI	18
563	Batatais	SP	25
564	Batayporã	MS	12
565	Baturité	CE	6
566	Bauru	SP	25
568	Bebedouro	SP	25
569	Beberibe	CE	6
570	Bela Cruz	CE	6
571	Bela Vista	MS	12
573	Bela Vista de Goiás	GO	9
574	Bela Vista de Minas	MG	13
575	Bela Vista do Maranhão	MA	10
576	Bela Vista do Paraíso	PR	16
577	Bela Vista do Piauí	PI	18
579	Belágua	MA	10
580	Belém	AL	2
581	Belém	PA	14
582	Belém	PB	15
583	Belém de Maria	PE	17
585	Belém do Piauí	PI	18
586	Belém do São Francisco	PE	17
587	Belford Roxo	RJ	19
588	Belmiro Braga	MG	13
589	Belmonte	BA	5
590	Belmonte	SC	24
591	Belo Campo	BA	5
593	Belo Jardim	PE	17
594	Belo Monte	AL	2
595	Belo Oriente	MG	13
596	Belo Vale	MG	13
597	Belterra	PA	14
599	Benedito Leite	MA	10
600	Benedito Novo	SC	24
601	Benevides	PA	14
602	Benjamin Constant	AM	4
604	Bento de Abreu	SP	25
605	Bento Fernandes	RN	20
606	Bento Gonçalves	RS	21
607	Bequimão	MA	10
608	Berilo	MG	13
609	Berizal	MG	13
611	Bernardino de Campos	SP	25
612	Bernardo do Mearim	MA	10
613	Bernardo Sayão	TO	27
614	Bertioga	SP	25
615	Bertolínia	PI	18
616	Bertópolis	MG	13
618	Betânia	PE	17
619	Betânia do Piauí	PI	18
620	Betim	MG	13
621	Bezerros	PE	17
622	Bias Fortes	MG	13
624	Biguaçu	SC	24
625	Bilac	SP	25
626	Biquinhas	MG	13
627	Birigui	SP	25
629	Biritinga	BA	5
630	Bituruna	PR	16
631	Blumenau	SC	24
632	Boa Esperança	ES	8
633	Boa Esperança	MG	13
635	Boa Esperança do Iguaçu	PR	16
636	Boa Esperança do Sul	SP	25
637	Boa Hora	PI	18
638	Boa Nova	BA	5
639	Boa Ventura	PB	15
641	Boa Viagem	CE	6
642	Boa Vista	PB	15
643	Boa Vista	RR	23
644	Boa Vista da Aparecida	PR	16
645	Boa Vista das Missões	RS	21
647	Boa Vista do Cadeado	RS	21
649	Boa Vista do Incra	RS	21
650	Boa Vista do Ramos	AM	4
651	Boa Vista do Sul	RS	21
652	Boa Vista do Tupim	BA	5
653	Boca da Mata	AL	2
654	Boca do Acre	AM	4
656	Bocaina	SP	25
657	Bocaina de Minas	MG	13
658	Bocaina do Sul	SC	24
659	Bocaiúva	MG	13
661	Bodó	RN	20
662	Bodocó	PE	17
663	Bodoquena	MS	12
664	Bofete	SP	25
665	Boituva	SP	25
666	Bom Conselho	PE	17
668	Bom Jardim	MA	10
669	Bom Jardim	PE	17
670	Bom Jardim	RJ	19
671	Bom Jardim da Serra	SC	24
673	Bom Jardim de Minas	MG	13
674	Bom Jesus	PB	15
675	Bom Jesus	PI	18
676	Bom Jesus	RN	20
677	Bom Jesus	RS	21
678	Bom Jesus	SC	24
680	Bom Jesus da Penha	MG	13
681	Bom Jesus da Serra	BA	5
682	Bom Jesus das Selvas	MA	10
683	Bom Jesus de Goiás	GO	9
684	Bom Jesus do Amparo	MG	13
686	Bom Jesus do Galho	MG	13
687	Bom Jesus do Itabapoana	RJ	19
688	Bom Jesus do Norte	ES	8
689	Bom Jesus do Oeste	SC	24
690	Bom Jesus do Sul	PR	16
692	Bom Jesus do Tocantins	TO	27
693	Bom Jesus dos Perdões	SP	25
694	Bom Lugar	MA	10
695	Bom Princípio	RS	21
696	Bom Princípio do Piauí	PI	18
697	Bom Progresso	RS	21
698	Bom Repouso	MG	13
699	Bom Retiro	SC	24
701	Bom Sucesso	MG	13
702	Bom Sucesso	PB	15
703	Bom Sucesso	PR	16
704	Bom Sucesso de Itararé	SP	25
706	Bombinhas	SC	24
707	Bonfim	MG	13
708	Bonfim	RR	23
709	Bonfim do Piauí	PI	18
710	Bonfinópolis	GO	9
712	Boninal	BA	5
713	Bonito	BA	5
714	Bonito	MS	12
715	Bonito	PA	14
716	Bonito	PE	17
717	Bonito de Minas	MG	13
718	Bonito de Santa Fé	PB	15
720	Boqueirão	PB	15
721	Boqueirão do Leão	RS	21
722	Boqueirão do Piauí	PI	18
723	Boquim	SE	26
724	Boquira	BA	5
726	Boracéia	SP	25
727	Borba	AM	4
728	Borborema	PB	15
729	Borborema	SP	25
731	Borebi	SP	25
732	Borrazópolis	PR	16
733	Bossoroca	RS	21
734	Botelhos	MG	13
735	Botucatu	SP	25
736	Botumirim	MG	13
738	Botuverá	SC	24
739	Bozano	RS	21
740	Braço do Norte	SC	24
741	Braço do Trombudo	SC	24
742	Braga	RS	21
744	Bragança Paulista	SP	25
745	Braganey	PR	16
746	Branquinha	AL	2
747	Brás Pires	MG	13
749	Brasilândia	MS	12
750	Brasilândia de Minas	MG	13
751	Brasilândia do Sul	PR	16
752	Brasilândia do Tocantins	TO	27
753	Brasiléia	AC	1
755	Brasília	DF	7
756	Brasília de Minas	MG	13
757	Brasnorte	MT	11
758	Brasópolis	MG	13
759	Braúna	SP	25
761	Brazabrantes	GO	9
762	Brejão	PE	17
763	Brejetuba	ES	8
764	Brejinho	PE	17
766	Brejinho de Nazaré	TO	27
767	Brejo	MA	10
768	Brejo Alegre	SP	25
769	Brejo da Madre de Deus	PE	17
771	Brejo do Cruz	PB	15
772	Brejo do Piauí	PI	18
775	Brejo Grande do Araguaia	PA	14
776	Brejo Santo	CE	6
777	Brejões	BA	5
778	Brejolândia	BA	5
779	Breu Branco	PA	14
781	Britânia	GO	9
782	Brochier	RS	21
783	Brodowski	SP	25
784	Brotas	SP	25
786	Brumadinho	MG	13
787	Brumado	BA	5
788	Brunópolis	SC	24
789	Brusque	SC	24
790	Bueno Brandão	MG	13
791	Buenópolis	MG	13
793	Buerarema	BA	5
794	Bugre	MG	13
795	Buíque	PE	17
796	Bujari	AC	1
797	Bujaru	PA	14
799	Buritama	SP	25
800	Buriti	MA	10
801	Buriti Alegre	GO	9
802	Buriti Bravo	MA	10
804	Buriti do Tocantins	TO	27
805	Buriti dos Lopes	PI	18
806	Buriti dos Montes	PI	18
807	Buriticupu	MA	10
809	Buritirama	BA	5
810	Buritirana	MA	10
811	Buritis	MG	13
812	Buritis	RO	22
813	Buritizal	SP	25
814	Buritizeiro	MG	13
816	Caapiranga	AM	4
817	Caaporã	PB	15
818	Caarapó	MS	12
819	Caatiba	BA	5
820	Cabaceiras	PB	15
822	Cabeceira Grande	MG	13
823	Cabeceiras	GO	9
824	Cabeceiras do Piauí	PI	18
825	Cabedelo	PB	15
826	Cabixi	RO	22
828	Cabo Frio	RJ	19
829	Cabo Verde	MG	13
830	Cabrália Paulista	SP	25
831	Cabreúva	SP	25
832	Cabrobó	PE	17
833	Caçador	SC	24
834	Caçapava	SP	25
836	Cacaulândia	RO	22
837	Cacequi	RS	21
838	Cáceres	MT	11
839	Cachoeira	BA	5
840	Cachoeira Alta	GO	9
842	Cachoeira de Goiás	GO	9
843	Cachoeira de Minas	MG	13
844	Cachoeira de Pajeú	MG	13
845	Cachoeira do Arari	PA	14
846	Cachoeira do Piriá	PA	14
848	Cachoeira dos Índios	PB	15
849	Cachoeira Dourada	GO	9
850	Cachoeira Dourada	MG	13
851	Cachoeira Grande	MA	10
852	Cachoeira Paulista	SP	25
854	Cachoeirinha	PE	17
855	Cachoeirinha	RS	21
856	Cachoeirinha	TO	27
857	Cachoeiro de Itapemirim	ES	8
858	Cacimba de Areia	PB	15
859	Cacimba de Dentro	PB	15
861	Cacimbinhas	AL	2
862	Cacique Doble	RS	21
863	Cacoal	RO	22
864	Caconde	SP	25
865	Caçu	GO	9
867	Caém	BA	5
868	Caetanópolis	MG	13
869	Caetanos	BA	5
870	Caeté	MG	13
871	Caetés	PE	17
873	Cafarnaum	BA	5
874	Cafeara	PR	16
875	Cafelândia	PR	16
876	Cafelândia	SP	25
878	Caiabu	SP	25
879	Caiana	MG	13
880	Caiapônia	GO	9
881	Caibaté	RS	21
882	Caibi	SC	24
883	Caiçara	PB	15
885	Caiçara do Norte	RN	20
886	Caiçara do Rio do Vento	RN	20
887	Caicó	RN	20
888	Caieiras	SP	25
890	Caiuá	SP	25
891	Cajamar	SP	25
892	Cajapió	MA	10
893	Cajari	MA	10
894	Cajati	SP	25
896	Cajazeiras do Piauí	PI	18
897	Cajazeirinhas	PB	15
898	Cajobi	SP	25
899	Cajueiro	AL	2
901	Cajuri	MG	13
902	Cajuru	SP	25
904	Calçoene	AP	3
906	Caldas Brandão	PB	15
907	Caldas Novas	GO	9
908	Caldazinha	GO	9
909	Caldeirão Grande	BA	5
911	Califórnia	PR	16
912	Calmon	SC	24
913	Calumbi	PE	17
914	Camacan	BA	5
915	Camaçari	BA	5
916	Camacho	MG	13
918	Camamu	BA	5
919	Camanducaia	MG	13
920	Camapuã	MS	12
921	Camaquã	RS	21
922	Camaragibe	PE	17
924	Cambará	PR	16
925	Cambará do Sul	RS	21
926	Cambé	PR	16
927	Cambira	PR	16
928	Camboriú	SC	24
930	Cambuí	MG	13
931	Cambuquira	MG	13
932	Cametá	PA	14
933	Camocim	CE	6
935	Campanário	MG	13
936	Campanha	MG	13
937	Campestre	AL	2
938	Campestre	MG	13
939	Campestre da Serra	RS	21
940	Campestre de Goiás	GO	9
942	Campina da Lagoa	PR	16
943	Campina das Missões	RS	21
944	Campina do Monte Alegre	SP	25
945	Campina do Simão	PR	16
946	Campina Grande	PB	15
948	Campina Verde	MG	13
949	Campinaçu	GO	9
950	Campinápolis	MT	11
951	Campinas	SP	25
952	Campinas do Piauí	PI	18
953	Campinas do Sul	RS	21
954	Campinorte	GO	9
956	Campo Alegre	SC	24
957	Campo Alegre de Goiás	GO	9
958	Campo Alegre de Lourdes	BA	5
959	Campo Alegre do Fidalgo	PI	18
960	Campo Azul	MG	13
962	Campo Belo do Sul	SC	24
963	Campo Bom	RS	21
964	Campo Bonito	PR	16
965	Campo do Brito	SE	26
967	Campo do Tenente	PR	16
968	Campo Erê	SC	24
969	Campo Florido	MG	13
970	Campo Formoso	BA	5
971	Campo Grande	AL	2
972	Campo Grande	MS	12
974	Campo Largo	PR	16
975	Campo Largo do Piauí	PI	18
976	Campo Limpo de Goiás	GO	9
977	Campo Limpo Paulista	SP	25
978	Campo Magro	PR	16
979	Campo Maior	PI	18
981	Campo Novo	RS	21
982	Campo Novo de Rondônia	RO	22
983	Campo Novo do Parecis	MT	11
984	Campo Redondo	RN	20
985	Campo Verde	MT	11
987	Campos Belos	GO	9
988	Campos Borges	RS	21
989	Campos de Júlio	MT	11
990	Campos do Jordão	SP	25
992	Campos Gerais	MG	13
993	Campos Lindos	TO	27
994	Campos Novos	SC	24
995	Campos Novos Paulista	SP	25
996	Campos Sales	CE	6
997	Campos Verdes	GO	9
998	Camutanga	PE	17
1000	Canaã	MG	13
1001	Canaã dos Carajás	PA	14
1002	Canabrava do Norte	MT	11
1003	Cananéia	SP	25
1004	Canapi	AL	2
1006	Canápolis	MG	13
1007	Canarana	BA	5
1008	Canarana	MT	11
1009	Canas	SP	25
1011	Canavieiras	BA	5
1012	Candeal	BA	5
1013	Candeias	BA	5
1014	Candeias	MG	13
1016	Candelária	RS	21
1017	Candiba	BA	5
1018	Cândido de Abreu	PR	16
1019	Cândido Godói	RS	21
1020	Cândido Mendes	MA	10
1021	Cândido Mota	SP	25
1023	Cândido Sales	BA	5
1024	Candiota	RS	21
1025	Candói	PR	16
1026	Canela	RS	21
1027	Canelinha	SC	24
1028	Canguaretama	RN	20
1032	Canindé	CE	6
1033	Canindé de São Francisco	SE	26
1034	Canitar	SP	25
1035	Canoas	RS	21
1037	Cansanção	BA	5
1038	Cantá	RR	23
1039	Cantagalo	MG	13
1040	Cantagalo	PR	16
1041	Cantagalo	RJ	19
1043	Canto do Buriti	PI	18
1044	Canudos	BA	5
1045	Canudos do Vale	RS	21
1046	Canutama	AM	4
1047	Capanema	PA	14
1049	Capão Alto	SC	24
1050	Capão Bonito	SP	25
1051	Capão Bonito do Sul	RS	21
1052	Capão da Canoa	RS	21
1054	Capão do Leão	RS	21
1055	Caparaó	MG	13
1056	Capela	AL	2
1057	Capela	SE	26
1058	Capela de Santana	RS	21
1060	Capela do Alto Alegre	BA	5
1061	Capela Nova	MG	13
1062	Capelinha	MG	13
1063	Capetinga	MG	13
1064	Capim	PB	15
1065	Capim Branco	MG	13
1067	Capinópolis	MG	13
1068	Capinzal	SC	24
1069	Capinzal do Norte	MA	10
1070	Capistrano	CE	6
1071	Capitão	RS	21
1073	Capitão de Campos	PI	18
1074	Capitão Enéas	MG	13
1075	Capitão Gervásio Oliveira	PI	18
1076	Capitão Leônidas Marques	PR	16
1078	Capitólio	MG	13
1079	Capivari	SP	25
1080	Capivari de Baixo	SC	24
1081	Capivari do Sul	RS	21
1082	Capixaba	AC	1
1083	Capoeiras	PE	17
1085	Caraá	RS	21
1086	Caracaraí	RR	23
1087	Caracol	MS	12
1088	Caracol	PI	18
1090	Caraí	MG	13
1091	Caraíbas	BA	5
1092	Carambeí	PR	16
1093	Caranaíba	MG	13
1094	Carandaí	MG	13
1095	Carangola	MG	13
1097	Carapicuíba	SP	25
1098	Caratinga	MG	13
1099	Carauari	AM	4
1100	Caraúbas	PB	15
1101	Caraúbas	RN	20
1103	Caravelas	BA	5
1104	Carazinho	RS	21
1105	Carbonita	MG	13
1106	Cardeal da Silva	BA	5
1107	Cardoso	SP	25
1109	Careaçu	MG	13
1110	Careiro	AM	4
1111	Careiro da Várzea	AM	4
1112	Cariacica	ES	8
1113	Caridade	CE	6
1115	Carinhanha	BA	5
1116	Carira	SE	26
1117	Cariré	CE	6
1118	Cariri do Tocantins	TO	27
1119	Caririaçu	CE	6
1120	Cariús	CE	6
1122	Carlópolis	PR	16
1123	Carlos Barbosa	RS	21
1124	Carlos Chagas	MG	13
1125	Carlos Gomes	RS	21
1126	Carmésia	MG	13
1128	Carmo da Cachoeira	MG	13
1129	Carmo da Mata	MG	13
1130	Carmo de Minas	MG	13
1131	Carmo do Cajuru	MG	13
1133	Carmo do Rio Claro	MG	13
1134	Carmo do Rio Verde	GO	9
1135	Carmolândia	TO	27
1136	Carmópolis	SE	26
1137	Carmópolis de Minas	MG	13
1138	Carnaíba	PE	17
1140	Carnaubais	RN	20
1141	Carnaubal	CE	6
1142	Carnaubeira da Penha	PE	17
1143	Carneirinho	MG	13
1144	Carneiros	AL	2
1146	Carolina	MA	10
1147	Carpina	PE	17
1148	Carrancas	MG	13
1149	Carrapateira	PB	15
1151	Caruaru	PE	17
1152	Carutapera	MA	10
1153	Carvalhópolis	MG	13
1154	Carvalhos	MG	13
1155	Casa Branca	SP	25
1156	Casa Grande	MG	13
1158	Casca	RS	21
1159	Cascalho Rico	MG	13
1161	Cascavel	PR	16
1163	Caseiros	RS	21
1164	Casimiro de Abreu	RJ	19
1165	Casinhas	PE	17
1166	Casserengue	PB	15
1167	Cássia	MG	13
1169	Cassilândia	MS	12
1170	Castanhal	PA	14
1171	Castanheira	MT	11
1172	Castanheiras	RO	22
1173	Castelândia	GO	9
1174	Castelo	ES	8
1176	Castilho	SP	25
1177	Castro	PR	16
1178	Castro Alves	BA	5
1179	Cataguases	MG	13
1180	Catalão	GO	9
1182	Catanduvas	PR	16
1183	Catanduvas	SC	24
1184	Catarina	CE	6
1185	Catas Altas	MG	13
1187	Catende	PE	17
1188	Catiguá	SP	25
1189	Catingueira	PB	15
1190	Catolândia	BA	5
1191	Catolé do Rocha	PB	15
1192	Catu	BA	5
1193	Catuípe	RS	21
1195	Catunda	CE	6
1196	Caturaí	GO	9
1197	Caturama	BA	5
1198	Caturité	PB	15
1199	Catuti	MG	13
1201	Cavalcante	GO	9
1202	Caxambu	MG	13
1203	Caxambu do Sul	SC	24
1204	Caxias	MA	10
1206	Caxingó	PI	18
1207	Ceará-Mirim	RN	20
1208	Cedral	MA	10
1209	Cedral	SP	25
1210	Cedro	CE	6
1211	Cedro	PE	17
1213	Cedro do Abaeté	MG	13
1214	Celso Ramos	SC	24
1215	Centenário	RS	21
1216	Centenário	TO	27
1218	Central	BA	5
1219	Central de Minas	MG	13
1220	Central do Maranhão	MA	10
1221	Centralina	MG	13
1222	Centro do Guilherme	MA	10
1224	Cerejeiras	RO	22
1225	Ceres	GO	9
1226	Cerqueira César	SP	25
1227	Cerquilho	SP	25
1228	Cerrito	RS	21
1229	Cerro Azul	PR	16
1230	Cerro Branco	RS	21
1232	Cerro Grande	RS	21
1233	Cerro Grande do Sul	RS	21
1234	Cerro Largo	RS	21
1235	Cerro Negro	SC	24
1237	Céu Azul	PR	16
1238	Cezarina	GO	9
1239	Chã de Alegria	PE	17
1240	Chã Grande	PE	17
1241	Chã Preta	AL	2
1242	Chácara	MG	13
1244	Chapada	RS	21
1245	Chapada da Natividade	TO	27
1246	Chapada de Areia	TO	27
1247	Chapada do Norte	MG	13
1249	Chapada Gaúcha	MG	13
1250	Chapadão do Céu	GO	9
1251	Chapadão do Lageado	SC	24
1252	Chapadão do Sul	MS	12
1253	Chapadinha	MA	10
1254	Chapecó	SC	24
1255	Charqueada	SP	25
1257	Charrua	RS	21
1258	Chaval	CE	6
1259	Chavantes	SP	25
1260	Chaves	PA	14
1261	Chiador	MG	13
1263	Chopinzinho	PR	16
1264	Choró	CE	6
1265	Chorozinho	CE	6
1266	Chorrochó	BA	5
1268	Chupinguaia	RO	22
1269	Chuvisca	RS	21
1270	Cianorte	PR	16
1271	Cícero Dantas	BA	5
1273	Cidade Ocidental	GO	9
1274	Cidelândia	MA	10
1275	Cidreira	RS	21
1276	Cipó	BA	5
1277	Cipotânea	MG	13
1278	Ciríaco	RS	21
1280	Claro dos Poções	MG	13
1281	Cláudia	MT	11
1282	Cláudio	MG	13
1283	Clementina	SP	25
1284	Clevelândia	PR	16
1286	Coari	AM	4
1287	Cocal	PI	18
1288	Cocal de Telha	PI	18
1289	Cocal do Sul	SC	24
1293	Cocos	BA	5
1294	Codajás	AM	4
1295	Codó	MA	10
1296	Coelho Neto	MA	10
1297	Coimbra	MG	13
1299	Coivaras	PI	18
1300	Colares	PA	14
1301	Colatina	ES	8
1302	Colíder	MT	11
1303	Colina	SP	25
1304	Colinas	MA	10
1306	Colinas do Sul	GO	9
1307	Colinas do Tocantins	TO	27
1308	Colméia	TO	27
1309	Colniza	MT	11
1310	Colômbia	SP	25
1312	Colônia do Gurguéia	PI	18
1313	Colônia do Piauí	PI	18
1314	Colônia Leopoldina	AL	2
1315	Colorado	PR	16
1317	Colorado do Oeste	RO	22
1318	Coluna	MG	13
1319	Combinado	TO	27
1320	Comendador Gomes	MG	13
1322	Comercinho	MG	13
1323	Comodoro	MT	11
1324	Conceição	PB	15
1325	Conceição da Aparecida	MG	13
1326	Conceição da Barra	ES	8
1328	Conceição da Feira	BA	5
1329	Conceição das Alagoas	MG	13
1330	Conceição das Pedras	MG	13
1331	Conceição de Ipanema	MG	13
1332	Conceição de Macabu	RJ	19
1333	Conceição do Almeida	BA	5
1334	Conceição do Araguaia	PA	14
1336	Conceição do Castelo	ES	8
1337	Conceição do Coité	BA	5
1338	Conceição do Jacuípe	BA	5
1339	Conceição do Lago-Açu	MA	10
1340	Conceição do Mato Dentro	MG	13
1341	Conceição do Pará	MG	13
1343	Conceição do Tocantins	TO	27
1344	Conceição dos Ouros	MG	13
1345	Conchal	SP	25
1346	Conchas	SP	25
1347	Concórdia	SC	24
1348	Concórdia do Pará	PA	14
1349	Condado	PB	15
1350	Condado	PE	17
1352	Conde	PB	15
1353	Condeúba	BA	5
1354	Condor	RS	21
1355	Cônego Marinho	MG	13
1357	Confresa	MT	11
1358	Congo	PB	15
1359	Congonhal	MG	13
1360	Congonhas	MG	13
1362	Congonhinhas	PR	16
1363	Conquista	MG	13
1364	Conquista D' Oeste	MT	11
1365	Conselheiro Lafaiete	MG	13
1366	Conselheiro Mairinck	PR	16
1367	Conselheiro Pena	MG	13
1369	Constantina	RS	21
1370	Contagem	MG	13
1371	Contenda	PR	16
1372	Contendas do Sincorá	BA	5
1373	Coqueiral	MG	13
1375	Coqueiro Seco	AL	2
1376	Coqueiros do Sul	RS	21
1377	Coração de Jesus	MG	13
1378	Coração de Maria	BA	5
1379	Corbélia	PR	16
1381	Cordeirópolis	SP	25
1382	Cordeiros	BA	5
1383	Cordilheira Alta	SC	24
1384	Cordisburgo	MG	13
1386	Coreaú	CE	6
1387	Coremas	PB	15
1388	Corguinho	MS	12
1389	Coribe	BA	5
1390	Corinto	MG	13
1391	Cornélio Procópio	PR	16
1393	Coroados	SP	25
1394	Coroatá	MA	10
1395	Coromandel	MG	13
1396	Coronel Barros	RS	21
1398	Coronel Domingos Soares	PR	16
1399	Coronel Ezequiel	RN	20
1400	Coronel Fabriciano	MG	13
1401	Coronel Freitas	SC	24
1402	Coronel João Pessoa	RN	20
1403	Coronel João Sá	BA	5
1405	Coronel Macedo	SP	25
1406	Coronel Martins	SC	24
1407	Coronel Murta	MG	13
1408	Coronel Pacheco	MG	13
1409	Coronel Pilar	RS	21
1411	Coronel Vivida	PR	16
1412	Coronel Xavier Chaves	MG	13
1413	Córrego Danta	MG	13
1414	Córrego do Bom Jesus	MG	13
1417	Córrego Novo	MG	13
1418	Correia Pinto	SC	24
1419	Corrente	PI	18
1420	Correntes	PE	17
1421	Correntina	BA	5
1422	Cortês	PE	17
1424	Corumbá de Goiás	GO	9
1425	Corumbaíba	GO	9
1426	Corumbataí	SP	25
1427	Corumbataí do Sul	PR	16
1429	Corupá	SC	24
1430	Coruripe	AL	2
1431	Cosmópolis	SP	25
1432	Cosmorama	SP	25
1434	Costa Rica	MS	12
1435	Cotegipe	BA	5
1436	Cotia	SP	25
1437	Cotiporã	RS	21
1438	Cotriguaçu	MT	11
1440	Couto Magalhães	TO	27
1441	Coxilha	RS	21
1442	Coxim	MS	12
1443	Coxixola	PB	15
1444	Craíbas	AL	2
1445	Crateús	CE	6
1446	Crato	CE	6
1448	Cravolândia	BA	5
1449	Criciúma	SC	24
1450	Crisólita	MG	13
1451	Crisópolis	BA	5
1452	Crissiumal	RS	21
1454	Cristais Paulista	SP	25
1455	Cristal	RS	21
1456	Cristal do Sul	RS	21
1457	Cristalândia	TO	27
1459	Cristália	MG	13
1460	Cristalina	GO	9
1461	Cristiano Otoni	MG	13
1462	Cristianópolis	GO	9
1463	Cristina	MG	13
1464	Cristinápolis	SE	26
1466	Cristópolis	BA	5
1467	Crixás	GO	9
1468	Crixás do Tocantins	TO	27
1469	Croatá	CE	6
1470	Cromínia	GO	9
1471	Crucilândia	MG	13
1472	Cruz	CE	6
1474	Cruz das Almas	BA	5
1475	Cruz do Espírito Santo	PB	15
1476	Cruz Machado	PR	16
1477	Cruzália	SP	25
1479	Cruzeiro	SP	25
1480	Cruzeiro da Fortaleza	MG	13
1481	Cruzeiro do Iguaçu	PR	16
1482	Cruzeiro do Oeste	PR	16
1484	Cruzeiro do Sul	PR	16
1485	Cruzeiro do Sul	RS	21
1486	Cruzeta	RN	20
1487	Cruzília	MG	13
1488	Cruzmaltina	PR	16
1489	Cubatão	SP	25
1491	Cuiabá	MT	11
1492	Cuité	PB	15
1493	Cuité de Mamanguape	PB	15
1494	Cuitegi	PB	15
1496	Cumari	GO	9
1497	Cumaru	PE	17
1498	Cumaru do Norte	PA	14
1499	Cumbe	SE	26
1500	Cunha	SP	25
1502	Cunhataí	SC	24
1503	Cuparaque	MG	13
1504	Cupira	PE	17
1505	Curaçá	BA	5
1506	Curimatá	PI	18
1508	Curitiba	PR	16
1509	Curitibanos	SC	24
1510	Curiúva	PR	16
1511	Currais	PI	18
1513	Curral de Cima	PB	15
1514	Curral de Dentro	MG	13
1515	Curral Novo do Piauí	PI	18
1516	Curral Velho	PB	15
1517	Curralinho	PA	14
1518	Curralinhos	PI	18
1520	Curuçá	PA	14
1521	Cururupu	MA	10
1522	Curvelândia	MT	11
1523	Curvelo	MG	13
1524	Custódia	PE	17
1526	Damianópolis	GO	9
1527	Damião	PB	15
1528	Damolândia	GO	9
1529	Darcinópolis	TO	27
1530	Dário Meira	BA	5
1532	David Canabarro	RS	21
1533	Davinópolis	GO	9
1534	Davinópolis	MA	10
1535	Delfim Moreira	MG	13
1537	Delmiro Gouveia	AL	2
1538	Delta	MG	13
1539	Demerval Lobão	PI	18
1540	Denise	MT	11
1541	Deodápolis	MS	12
1543	Derrubadas	RS	21
1544	Descalvado	SP	25
1547	Desterro	PB	15
1548	Desterro de Entre Rios	MG	13
1549	Desterro do Melo	MG	13
1551	Diadema	SP	25
1552	Diamante	PB	15
1553	Diamante do Norte	PR	16
1554	Diamante do Sul	PR	16
1555	Diamante D' Oeste	PR	16
1556	Diamantina	MG	13
1557	Diamantino	MT	11
1559	Dias D' Ávila	BA	5
1560	Dilermando de Aguiar	RS	21
1561	Diogo de Vasconcelos	MG	13
1562	Dionísio	MG	13
1564	Diorama	GO	9
1565	Dirce Reis	SP	25
1566	Dirceu Arcoverde	PI	18
1567	Divina Pastora	SE	26
1568	Divinésia	MG	13
1569	Divino	MG	13
1571	Divino de São Lourenço	ES	8
1572	Divinolândia	SP	25
1573	Divinolândia de Minas	MG	13
1574	Divinópolis	MG	13
1575	Divinópolis de Goiás	GO	9
1577	Divisa Alegre	MG	13
1578	Divisa Nova	MG	13
1579	Divisópolis	MG	13
1580	Dobrada	SP	25
1581	Dois Córregos	SP	25
1582	Dois Irmãos	RS	21
1584	Dois Irmãos do Buriti	MS	12
1585	Dois Irmãos do Tocantins	TO	27
1586	Dois Lajeados	RS	21
1587	Dois Riachos	AL	2
1588	Dois Vizinhos	PR	16
1589	Dolcinópolis	SP	25
1590	Dom Aquino	MT	11
1592	Dom Bosco	MG	13
1593	Dom Cavati	MG	13
1594	Dom Eliseu	PA	14
1595	Dom Expedito Lopes	PI	18
1597	Dom Inocêncio	PI	18
1598	Dom Joaquim	MG	13
1599	Dom Macedo Costa	BA	5
1600	Dom Pedrito	RS	21
1601	Dom Pedro	MA	10
1603	Dom Silvério	MG	13
1604	Dom Viçoso	MG	13
1605	Domingos Martins	ES	8
1606	Domingos Mourão	PI	18
1607	Dona Emma	SC	24
1608	Dona Eusébia	MG	13
1609	Dona Francisca	RS	21
1611	Dores de Campos	MG	13
1612	Dores de Guanhães	MG	13
1613	Dores do Indaiá	MG	13
1614	Dores do Rio Preto	ES	8
1616	Doresópolis	MG	13
1617	Dormentes	PE	17
1618	Douradina	MS	12
1619	Douradina	PR	16
1620	Dourado	SP	25
1621	Douradoquara	MG	13
1623	Doutor Camargo	PR	16
1624	Doutor Maurício Cardoso	RS	21
1625	Doutor Pedrinho	SC	24
1626	Doutor Ricardo	RS	21
1628	Doutor Ulysses	PR	16
1629	Doverlândia	GO	9
1630	Dracena	SP	25
1631	Duartina	SP	25
1632	Duas Barras	RJ	19
1633	Duas Estradas	PB	15
1635	Dumont	SP	25
1636	Duque Bacelar	MA	10
1637	Duque de Caxias	RJ	19
1638	Durandé	MG	13
1639	Echaporã	SP	25
1641	Edealina	GO	9
1642	Edéia	GO	9
1643	Eirunepé	AM	4
1644	Eldorado	MS	12
1645	Eldorado	SP	25
1647	Eldorado dos Carajás	PA	14
1648	Elesbão Veloso	PI	18
1649	Elias Fausto	SP	25
1650	Eliseu Martins	PI	18
1651	Elisiário	SP	25
1653	Elói Mendes	MG	13
1654	Emas	PB	15
1655	Embaúba	SP	25
1656	Embu	SP	25
1657	Embu-Guaçu	SP	25
1659	Encantado	RS	21
1660	Encanto	RN	20
1661	Encruzilhada	BA	5
1662	Encruzilhada do Sul	RS	21
1663	Enéas Marques	PR	16
1665	Engenheiro Caldas	MG	13
1666	Engenheiro Coelho	SP	25
1667	Engenheiro Navarro	MG	13
1668	Engenheiro Paulo de Frontin	RJ	19
1669	Engenho Velho	RS	21
1670	Entre Folhas	MG	13
1672	Entre Rios	SC	24
1674	Entre Rios do Oeste	PR	16
1675	Entre Rios do Sul	RS	21
1676	Entre-Ijuís	RS	21
1677	Envira	AM	4
1678	Epitaciolândia	AC	1
1680	Erebango	RS	21
1681	Erechim	RS	21
1682	Ererê	CE	6
1683	Érico Cardoso	BA	5
1684	Ermo	SC	24
1686	Erval Grande	RS	21
1687	Erval Seco	RS	21
1688	Erval Velho	SC	24
1689	Ervália	MG	13
1690	Escada	PE	17
1692	Esmeraldas	MG	13
1693	Espera Feliz	MG	13
1694	Esperança	PB	15
1695	Esperança do Sul	RS	21
1697	Esperantina	PI	18
1698	Esperantina	TO	27
1699	Esperantinópolis	MA	10
1700	Espigão Alto do Iguaçu	PR	16
1701	Espigão D' Oeste	RO	22
1702	Espinosa	MG	13
1704	Espírito Santo do Dourado	MG	13
1705	Espírito Santo do Pinhal	SP	25
1706	Espírito Santo do Turvo	SP	25
1707	Esplanada	BA	5
1708	Espumoso	RS	21
1710	Estância	SE	26
1711	Estância Velha	RS	21
1712	Esteio	RS	21
1713	Estiva	MG	13
1714	Estiva Gerbi	SP	25
1716	Estrela	RS	21
1717	Estrela Dalva	MG	13
1718	Estrela de Alagoas	AL	2
1719	Estrela do Indaiá	MG	13
1721	Estrela do Norte	SP	25
1722	Estrela do Sul	MG	13
1723	Estrela D' Oeste	SP	25
1724	Estrela Velha	RS	21
1725	Euclides da Cunha	BA	5
1727	Eugênio de Castro	RS	21
1728	Eugenópolis	MG	13
1729	Eunápolis	BA	5
1730	Eusébio	CE	6
1731	Ewbank da Câmara	MG	13
1732	Extrema	MG	13
1733	Extremoz	RN	20
1735	Fagundes	PB	15
1736	Fagundes Varela	RS	21
1737	Faina	GO	9
1738	Fama	MG	13
1740	Farias Brito	CE	6
1741	Faro	PA	14
1742	Farol	PR	16
1743	Farroupilha	RS	21
1745	Fartura do Piauí	PI	18
1746	Fátima	BA	5
1747	Fátima	TO	27
1748	Fátima do Sul	MS	12
1749	Faxinal	PR	16
1751	Faxinal dos Guedes	SC	24
1752	Faxinalzinho	RS	21
1753	Fazenda Nova	GO	9
1754	Fazenda Rio Grande	PR	16
1755	Fazenda Vilanova	RS	21
1757	Feira da Mata	BA	5
1758	Feira de Santana	BA	5
1759	Feira Grande	AL	2
1760	Feira Nova	PE	17
1761	Feira Nova	SE	26
1763	Felício dos Santos	MG	13
1764	Felipe Guerra	RN	20
1765	Felisburgo	MG	13
1766	Felixlândia	MG	13
1767	Feliz	RS	21
1769	Feliz Natal	MT	11
1770	Fênix	PR	16
1771	Fernandes Pinheiro	PR	16
1772	Fernandes Tourinho	MG	13
1773	Fernando de Noronha	PE	17
1774	Fernando Falcão	MA	10
1776	Fernando Prestes	SP	25
1777	Fernandópolis	SP	25
1778	Fernão	SP	25
1779	Ferraz de Vasconcelos	SP	25
1780	Ferreira Gomes	AP	3
1781	Ferreiros	PE	17
1783	Fervedouro	MG	13
1784	Figueira	PR	16
1785	Figueirão	MS	12
1786	Figueirópolis	TO	27
1788	Filadélfia	BA	5
1789	Filadélfia	TO	27
1790	Firmino Alves	BA	5
1791	Firminópolis	GO	9
1792	Flexeiras	AL	2
1793	Flor da Serra do Sul	PR	16
1795	Flora Rica	SP	25
1796	Floraí	PR	16
1797	Florânia	RN	20
1798	Floreal	SP	25
1800	Flores da Cunha	RS	21
1801	Flores de Goiás	GO	9
1802	Flores do Piauí	PI	18
1803	Floresta	PE	17
1805	Floresta Azul	BA	5
1806	Floresta do Araguaia	PA	14
1807	Floresta do Piauí	PI	18
1808	Florestal	MG	13
1810	Floriano	PI	18
1811	Floriano Peixoto	RS	21
1812	Florianópolis	SC	24
1813	Flórida	PR	16
1814	Flórida Paulista	SP	25
1815	Florínia	SP	25
1817	Fontoura Xavier	RS	21
1818	Formiga	MG	13
1819	Formigueiro	RS	21
1820	Formosa	GO	9
1822	Formosa do Oeste	PR	16
1823	Formosa do Rio Preto	BA	5
1824	Formosa do Sul	SC	24
1825	Formoso	GO	9
1826	Formoso	MG	13
1827	Formoso do Araguaia	TO	27
1828	Forquetinha	RS	21
1830	Forquilhinha	SC	24
1831	Fortaleza	CE	6
1832	Fortaleza de Minas	MG	13
1834	Fortaleza dos Nogueiras	MA	10
1835	Fortaleza dos Valos	RS	21
1836	Fortim	CE	6
1837	Fortuna	MA	10
1838	Fortuna de Minas	MG	13
1839	Foz do Iguaçu	PR	16
1840	Foz do Jordão	PR	16
1841	Fraiburgo	SC	24
1843	Francinópolis	PI	18
1844	Francisco Alves	PR	16
1845	Francisco Ayres	PI	18
1846	Francisco Badaró	MG	13
1848	Francisco Dantas	RN	20
1849	Francisco Dumont	MG	13
1850	Francisco Macedo	PI	18
1851	Francisco Morato	SP	25
1852	Francisco Sá	MG	13
1854	Franciscópolis	MG	13
1855	Franco da Rocha	SP	25
1856	Frecheirinha	CE	6
1857	Frederico Westphalen	RS	21
1858	Frei Gaspar	MG	13
1860	Frei Lagonegro	MG	13
1861	Frei Martinho	PB	15
1862	Frei Miguelinho	PE	17
1863	Frei Paulo	SE	26
1864	Frei Rogério	SC	24
1865	Fronteira	MG	13
1867	Fronteiras	PI	18
1868	Fruta de Leite	MG	13
1869	Frutal	MG	13
1870	Frutuoso Gomes	RN	20
1871	Fundão	ES	8
1872	Funilândia	MG	13
1874	Gado Bravo	PB	15
1875	Gália	SP	25
1876	Galiléia	MG	13
1877	Galinhos	RN	20
1878	Galvão	SC	24
1880	Gameleira de Goiás	GO	9
1881	Gameleiras	MG	13
1882	Gandu	BA	5
1883	Garanhuns	PE	17
1884	Gararu	SE	26
1886	Garibaldi	RS	21
1887	Garopaba	SC	24
1888	Garrafão do Norte	PA	14
1889	Garruchos	RS	21
1891	Gaspar	SC	24
1892	Gastão Vidigal	SP	25
1893	Gaúcha do Norte	MT	11
1894	Gaurama	RS	21
1895	Gavião	BA	5
1897	Geminiano	PI	18
1898	General Câmara	RS	21
1899	General Carneiro	MT	11
1900	General Carneiro	PR	16
1901	General Maynard	SE	26
1903	General Sampaio	CE	6
1904	Gentil	RS	21
1905	Gentio do Ouro	BA	5
1906	Getulina	SP	25
1907	Getúlio Vargas	RS	21
1908	Gilbués	PI	18
1910	Giruá	RS	21
1911	Glaucilândia	MG	13
1912	Glicério	SP	25
1913	Glória	BA	5
1915	Glória do Goitá	PE	17
1916	Glória D' Oeste	MT	11
1917	Glorinha	RS	21
1918	Godofredo Viana	MA	10
1919	Godoy Moreira	PR	16
1920	Goiabeira	MG	13
1922	Goianá	MG	13
1923	Goianápolis	GO	9
1924	Goiandira	GO	9
1926	Goianésia do Pará	PA	14
1927	Goiânia	GO	9
1928	Goianinha	RN	20
1929	Goianira	GO	9
1931	Goiás	GO	9
1932	Goiatins	TO	27
1933	Goiatuba	GO	9
1934	Goioerê	PR	16
1935	Goioxim	PR	16
1937	Gonçalves Dias	MA	10
1938	Gongogi	BA	5
1939	Gonzaga	MG	13
1940	Gouveia	MG	13
1941	Gouvelândia	GO	9
1943	Governador Celso Ramos	SC	24
1944	Governador Dix-Sept Rosado	RN	20
1945	Governador Edison Lobão	MA	10
1946	Governador Eugênio Barros	MA	10
1948	Governador Lindenberg	ES	8
1949	Governador Luiz Rocha	MA	10
1950	Governador Mangabeira	BA	5
1951	Governador Newton Bello	MA	10
1952	Governador Nunes Freire	MA	10
1953	Governador Valadares	MG	13
1954	Graça	CE	6
1956	Gracho Cardoso	SE	26
1957	Grajaú	MA	10
1958	Gramado	RS	21
1959	Gramado dos Loureiros	RS	21
1960	Gramado Xavier	RS	21
1962	Granito	PE	17
1963	Granja	CE	6
1964	Granjeiro	CE	6
1965	Grão Mogol	MG	13
1966	Grão Pará	SC	24
1968	Gravataí	RS	21
1969	Gravatal	SC	24
1970	Groaíras	CE	6
1971	Grossos	RN	20
1972	Grupiara	MG	13
1974	Guabiruba	SC	24
1975	Guaçuí	ES	8
1976	Guadalupe	PI	18
1977	Guaíba	RS	21
1979	Guaimbê	SP	25
1980	Guaíra	PR	16
1981	Guaíra	SP	25
1982	Guairaçá	PR	16
1983	Guaiúba	CE	6
1985	Guajará-Mirim	RO	22
1986	Guajeru	BA	5
1987	Guamaré	RN	20
1988	Guamiranga	PR	16
1989	Guanambi	BA	5
1991	Guapé	MG	13
1992	Guapiaçu	SP	25
1993	Guapiara	SP	25
1994	Guapimirim	RJ	19
1996	Guapó	GO	9
1997	Guaporé	RS	21
1998	Guaporema	PR	16
1999	Guará	SP	25
2000	Guarabira	PB	15
2002	Guaraci	PR	16
2003	Guaraci	SP	25
2004	Guaraciaba	MG	13
2005	Guaraciaba	SC	24
2007	Guaraciama	MG	13
2008	Guaraí	TO	27
2009	Guaraíta	GO	9
2010	Guaramiranga	CE	6
2011	Guaramirim	SC	24
2012	Guaranésia	MG	13
2014	Guarani das Missões	RS	21
2015	Guarani de Goiás	GO	9
2016	Guarani D' Oeste	SP	25
2017	Guaraniaçu	PR	16
2018	Guarantã	SP	25
2020	Guarapari	ES	8
2021	Guarapuava	PR	16
2022	Guaraqueçaba	PR	16
2023	Guarará	MG	13
2024	Guararapes	SP	25
2026	Guaratinga	BA	5
2027	Guaratinguetá	SP	25
2028	Guaratuba	PR	16
2029	Guarda-Mor	MG	13
2030	Guareí	SP	25
2032	Guaribas	PI	18
2033	Guarinos	GO	9
2034	Guarujá	SP	25
2035	Guarujá do Sul	SC	24
2037	Guatambú	SC	24
2038	Guatapará	SP	25
2039	Guaxupé	MG	13
2040	Guia Lopes da Laguna	MS	12
2041	Guidoval	MG	13
2043	Guimarânia	MG	13
2044	Guiratinga	MT	11
2045	Guiricema	MG	13
2046	Gurinhatã	MG	13
2047	Gurinhém	PB	15
2049	Gurupá	PA	14
2050	Gurupi	TO	27
2051	Guzolândia	SP	25
2052	Harmonia	RS	21
2054	Heliodora	MG	13
2057	Herval	RS	21
2058	Herval D' Oeste	SC	24
2059	Herveiras	RS	21
2060	Hidrolândia	CE	6
2062	Hidrolina	GO	9
2063	Holambra	SP	25
2064	Honório Serpa	PR	16
2065	Horizonte	CE	6
2066	Horizontina	RS	21
2068	Hugo Napoleão	PI	18
2069	Hulha Negra	RS	21
2070	Humaitá	AM	4
2071	Humaitá	RS	21
2073	Iacanga	SP	25
2074	Iaciara	GO	9
2075	Iacri	SP	25
2076	Iaçu	BA	5
2077	Iapu	MG	13
2078	Iaras	SP	25
2079	Iati	PE	17
2081	Ibarama	RS	21
2082	Ibaretama	CE	6
2083	Ibaté	SP	25
2084	Ibateguara	AL	2
2086	Ibema	PR	16
2087	Ibertioga	MG	13
2088	Ibiá	MG	13
2089	Ibiaçá	RS	21
2091	Ibiam	SC	24
2092	Ibiapina	CE	6
2093	Ibiara	PB	15
2094	Ibiassucê	BA	5
2095	Ibicaraí	BA	5
2097	Ibicoara	BA	5
2098	Ibicuí	BA	5
2099	Ibicuitinga	CE	6
2100	Ibimirim	PE	17
2101	Ibipeba	BA	5
2103	Ibiporã	PR	16
2104	Ibiquera	BA	5
2105	Ibirá	SP	25
2106	Ibiracatu	MG	13
2108	Ibiraçu	ES	8
2109	Ibiraiaras	RS	21
2110	Ibirajuba	PE	17
2111	Ibirama	SC	24
2112	Ibirapitanga	BA	5
2114	Ibirapuitã	RS	21
2115	Ibirarema	SP	25
2116	Ibirataia	BA	5
2117	Ibirité	MG	13
2118	Ibirubá	RS	21
2120	Ibitinga	SP	25
2121	Ibitirama	ES	8
2122	Ibititá	BA	5
2123	Ibitiúra de Minas	MG	13
2125	Ibiúna	SP	25
2126	Ibotirama	BA	5
2127	Icapuí	CE	6
2128	Içara	SC	24
2130	Icaraíma	PR	16
2131	Icatu	MA	10
2132	Icém	SP	25
2133	Ichu	BA	5
2134	Icó	CE	6
2135	Iconha	ES	8
2137	Iepê	SP	25
2138	Igaci	AL	2
2139	Igaporã	BA	5
2140	Igaraçu do Tietê	SP	25
2141	Igaracy	PB	15
2142	Igarapava	SP	25
2144	Igarapé do Meio	MA	10
2145	Igarapé Grande	MA	10
2146	Igarapé-Açu	PA	14
2147	Igarapé-Miri	PA	14
2149	Igaratá	SP	25
2150	Igaratinga	MG	13
2151	Igrapiúna	BA	5
2152	Igreja Nova	AL	2
2153	Igrejinha	RS	21
2155	Iguaí	BA	5
2156	Iguape	SP	25
2157	Iguaraci	PE	17
2158	Iguaraçu	PR	16
2159	Iguatama	MG	13
2161	Iguatu	CE	6
2162	Iguatu	PR	16
2163	Ijaci	MG	13
2164	Ijuí	RS	21
2166	Ilha das Flores	SE	26
2167	Ilha de Itamaracá	PE	17
2168	Ilha Grande	PI	18
2169	Ilha Solteira	SP	25
2170	Ilhabela	SP	25
2171	Ilhéus	BA	5
2173	Ilicínea	MG	13
2174	Ilópolis	RS	21
2175	Imaculada	PB	15
2176	Imaruí	SC	24
2177	Imbaú	PR	16
2179	Imbé de Minas	MG	13
2180	Imbituba	SC	24
2181	Imbituva	PR	16
2182	Imbuia	SC	24
2183	Imigrante	RS	21
2185	Inácio Martins	PR	16
2186	Inaciolândia	GO	9
2187	Inajá	PE	17
2188	Inajá	PR	16
2191	Indaial	SC	24
2192	Indaiatuba	SP	25
2193	Independência	CE	6
2194	Independência	RS	21
2195	Indiana	SP	25
2197	Indianópolis	PR	16
2198	Indiaporã	SP	25
2199	Indiara	GO	9
2200	Indiaroba	SE	26
2201	Indiavaí	MT	11
2203	Ingaí	MG	13
2204	Ingazeira	PE	17
2205	Inhacorá	RS	21
2206	Inhambupe	BA	5
2207	Inhangapi	PA	14
2209	Inhapim	MG	13
2210	Inhaúma	MG	13
2211	Inhuma	PI	18
2212	Inhumas	GO	9
2213	Inimutaba	MG	13
2215	Inúbia Paulista	SP	25
2216	Iomerê	SC	24
2217	Ipaba	MG	13
2218	Ipameri	GO	9
2220	Ipanguaçu	RN	20
2221	Ipaporanga	CE	6
2222	Ipatinga	MG	13
2223	Ipaumirim	CE	6
2224	Ipaussu	SP	25
2225	Ipê	RS	21
2227	Iperó	SP	25
2228	Ipeúna	SP	25
2229	Ipiaçu	MG	13
2230	Ipiaú	BA	5
2232	Ipira	SC	24
2233	Ipirá	BA	5
2234	Ipiranga	PR	16
2235	Ipiranga de Goiás	GO	9
2237	Ipiranga do Piauí	PI	18
2238	Ipiranga do Sul	RS	21
2239	Ipixuna	AM	4
2240	Ipixuna do Pará	PA	14
2241	Ipojuca	PE	17
2242	Iporá	GO	9
2244	Iporã do Oeste	SC	24
2245	Iporanga	SP	25
2246	Ipu	CE	6
2247	Ipuã	SP	25
2249	Ipubi	PE	17
2250	Ipueira	RN	20
2251	Ipueiras	CE	6
2252	Ipueiras	TO	27
2253	Ipuiúna	MG	13
2255	Ipupiara	BA	5
2256	Iracema	CE	6
2257	Iracema	RR	23
2258	Iracema do Oeste	PR	16
2260	Iraceminha	SC	24
2261	Iraí	RS	21
2262	Iraí de Minas	MG	13
2263	Irajuba	BA	5
2264	Iramaia	BA	5
2265	Iranduba	AM	4
2267	Irapuã	SP	25
2268	Irapuru	SP	25
2269	Iraquara	BA	5
2270	Irará	BA	5
2271	Irati	PR	16
2273	Irauçuba	CE	6
2274	Irecê	BA	5
2275	Iretama	PR	16
2276	Irineópolis	SC	24
2278	Irupi	ES	8
2279	Isaías Coelho	PI	18
2280	Israelândia	GO	9
2281	Itá	SC	24
2282	Itaara	RS	21
2284	Itabaiana	SE	26
2285	Itabaianinha	SE	26
2286	Itabela	BA	5
2287	Itaberá	SP	25
2288	Itaberaba	BA	5
2290	Itabi	SE	26
2291	Itabira	MG	13
2292	Itabirinha	MG	13
2293	Itabirito	MG	13
2295	Itabuna	BA	5
2296	Itacajá	TO	27
2297	Itacambira	MG	13
2298	Itacarambi	MG	13
2299	Itacaré	BA	5
2301	Itacuruba	PE	17
2302	Itacurubi	RS	21
2303	Itaeté	BA	5
2304	Itagi	BA	5
2305	Itagibá	BA	5
2307	Itaguaçu	ES	8
2308	Itaguaçu da Bahia	BA	5
2309	Itaguaí	RJ	19
2310	Itaguajé	PR	16
2312	Itaguari	GO	9
2313	Itaguaru	GO	9
2314	Itaguatins	TO	27
2315	Itaí	SP	25
2316	Itaíba	PE	17
2318	Itainópolis	PI	18
2319	Itaiópolis	SC	24
2320	Itaipava do Grajaú	MA	10
2321	Itaipé	MG	13
2325	Itajá	GO	9
2326	Itajá	RN	20
2327	Itajaí	SC	24
2328	Itajobi	SP	25
2330	Itaju do Colônia	BA	5
2331	Itajubá	MG	13
2332	Itajuípe	BA	5
2333	Italva	RJ	19
2334	Itamaraju	BA	5
2336	Itamarati	AM	4
2337	Itamarati de Minas	MG	13
2338	Itamari	BA	5
2339	Itambacuri	MG	13
2340	Itambaracá	PR	16
2342	Itambé	PE	17
2343	Itambé	PR	16
2344	Itambé do Mato Dentro	MG	13
2345	Itamogi	MG	13
2347	Itanagra	BA	5
2348	Itanhaém	SP	25
2349	Itanhandu	MG	13
2350	Itanhangá	MT	11
2351	Itanhém	BA	5
2353	Itaobim	MG	13
2354	Itaóca	SP	25
2355	Itaocara	RJ	19
2356	Itapaci	GO	9
2357	Itapagé	CE	6
2359	Itaparica	BA	5
2360	Itapé	BA	5
2361	Itapebi	BA	5
2362	Itapecerica	MG	13
2364	Itapecuru Mirim	MA	10
2365	Itapejara D' Oeste	PR	16
2366	Itapema	SC	24
2367	Itapemirim	ES	8
2368	Itaperuçu	PR	16
2369	Itaperuna	RJ	19
2371	Itapetinga	BA	5
2372	Itapetininga	SP	25
2373	Itapeva	MG	13
2374	Itapeva	SP	25
2376	Itapicuru	BA	5
2377	Itapipoca	CE	6
2378	Itapira	SP	25
2379	Itapiranga	AM	4
2380	Itapiranga	SC	24
2382	Itapirapuã Paulista	SP	25
2383	Itapiratins	TO	27
2384	Itapissuma	PE	17
2385	Itapitanga	BA	5
2386	Itapiúna	CE	6
2388	Itápolis	SP	25
2389	Itaporã	MS	12
2390	Itaporã do Tocantins	TO	27
2391	Itaporanga	PB	15
2393	Itaporanga D' Ajuda	SE	26
2394	Itapororoca	PB	15
2395	Itapuã do Oeste	RO	22
2396	Itapuca	RS	21
2397	Itapuí	SP	25
2399	Itapuranga	GO	9
2400	Itaquaquecetuba	SP	25
2401	Itaquara	BA	5
2402	Itaqui	RS	21
2403	Itaquiraí	MS	12
2405	Itarana	ES	8
2406	Itarantim	BA	5
2407	Itararé	SP	25
2408	Itarema	CE	6
2410	Itarumã	GO	9
2411	Itati	RS	21
2412	Itatiaia	RJ	19
2413	Itatiaiuçu	MG	13
2414	Itatiba	SP	25
2416	Itatim	BA	5
2417	Itatinga	SP	25
2418	Itatira	CE	6
2419	Itatuba	PB	15
2420	Itaú	RN	20
2422	Itaúba	MT	11
2423	Itaubal	AP	3
2424	Itauçu	GO	9
2425	Itaueira	PI	18
2426	Itaúna	MG	13
2428	Itaverava	MG	13
2429	Itinga	MG	13
2430	Itinga do Maranhão	MA	10
2431	Itiquira	MT	11
2432	Itirapina	SP	25
2433	Itirapuã	SP	25
2435	Itiúba	BA	5
2436	Itobi	SP	25
2437	Itororó	BA	5
2438	Itu	SP	25
2439	Ituaçu	BA	5
2441	Itueta	MG	13
2442	Ituiutaba	MG	13
2443	Itumbiara	GO	9
2444	Itumirim	MG	13
2446	Itupiranga	PA	14
2447	Ituporanga	SC	24
2448	Iturama	MG	13
2449	Itutinga	MG	13
2450	Ituverava	SP	25
2452	Iúna	ES	8
2453	Ivaí	PR	16
2454	Ivaiporã	PR	16
2455	Ivaté	PR	16
2456	Ivatuba	PR	16
2458	Ivolândia	GO	9
2460	Ivoti	RS	21
2461	Jaboatão dos Guararapes	PE	17
2462	Jaborá	SC	24
2463	Jaborandi	BA	5
2465	Jaboti	PR	16
2466	Jaboticaba	RS	21
2467	Jaboticabal	SP	25
2468	Jaboticatubas	MG	13
2469	Jaçanã	RN	20
2471	Jacaraú	PB	15
2472	Jacaré dos Homens	AL	2
2473	Jacareacanga	PA	14
2474	Jacareí	SP	25
2475	Jacarezinho	PR	16
2477	Jaciara	MT	11
2478	Jacinto	MG	13
2479	Jacinto Machado	SC	24
2480	Jacobina	BA	5
2482	Jacuí	MG	13
2483	Jacuípe	AL	2
2484	Jacuizinho	RS	21
2485	Jacundá	PA	14
2486	Jacupiranga	SP	25
2488	Jacutinga	RS	21
2489	Jaguapitã	PR	16
2490	Jaguaquara	BA	5
2491	Jaguaraçu	MG	13
2492	Jaguarão	RS	21
2494	Jaguaré	ES	8
2495	Jaguaretama	CE	6
2496	Jaguari	RS	21
2497	Jaguariaíva	PR	16
2499	Jaguaribe	CE	6
2500	Jaguaripe	BA	5
2501	Jaguariúna	SP	25
2502	Jaguaruana	CE	6
2503	Jaguaruna	SC	24
2505	Jaicós	PI	18
2506	Jales	SP	25
2507	Jambeiro	SP	25
2508	Jampruca	MG	13
2509	Janaúba	MG	13
2511	Jandaia do Sul	PR	16
2512	Jandaíra	BA	5
2513	Jandaíra	RN	20
2514	Jandira	SP	25
2516	Jangada	MT	11
2517	Janiópolis	PR	16
2518	Januária	MG	13
2519	Januário Cicco	RN	20
2520	Japaraíba	MG	13
2522	Japaratuba	SE	26
2523	Japeri	RJ	19
2524	Japi	RN	20
2525	Japira	PR	16
2526	Japoatã	SE	26
2528	Japorã	MS	12
2529	Japurá	AM	4
2530	Japurá	PR	16
2531	Jaqueira	PE	17
2533	Jaraguá	GO	9
2534	Jaraguá do Sul	SC	24
2535	Jaraguari	MS	12
2536	Jaramataia	AL	2
2537	Jardim	CE	6
2539	Jardim Alegre	PR	16
2540	Jardim de Angicos	RN	20
2541	Jardim de Piranhas	RN	20
2542	Jardim do Mulato	PI	18
2544	Jardim Olinda	PR	16
2545	Jardinópolis	SC	24
2546	Jardinópolis	SP	25
2547	Jari	RS	21
2548	Jarinu	SP	25
2549	Jaru	RO	22
2551	Jataizinho	PR	16
2552	Jataúba	PE	17
2553	Jateí	MS	12
2554	Jati	CE	6
2555	Jatobá	MA	10
2557	Jatobá do Piauí	PI	18
2558	Jaú	SP	25
2559	Jaú do Tocantins	TO	27
2560	Jaupaci	GO	9
2562	Jeceaba	MG	13
2563	Jenipapo de Minas	MG	13
2564	Jenipapo dos Vieiras	MA	10
2565	Jequeri	MG	13
2567	Jequié	BA	5
2568	Jequitaí	MG	13
2569	Jequitibá	MG	13
2570	Jequitinhonha	MG	13
2571	Jeremoabo	BA	5
2572	Jericó	PB	15
2574	Jerônimo Monteiro	ES	8
2575	Jerumenha	PI	18
2576	Jesuânia	MG	13
2577	Jesuítas	PR	16
2578	Jesúpolis	GO	9
2580	Ji-Paraná	RO	22
2581	Jiquiriçá	BA	5
2582	Jitaúna	BA	5
2583	Joaçaba	SC	24
2584	Joaíma	MG	13
2585	Joanésia	MG	13
2587	João Alfredo	PE	17
2588	João Câmara	RN	20
2589	João Costa	PI	18
2591	João Dourado	BA	5
2592	João Lisboa	MA	10
2594	João Neiva	ES	8
2595	João Pessoa	PB	15
2596	João Pinheiro	MG	13
2597	João Ramalho	SP	25
2599	Joaquim Gomes	AL	2
2600	Joaquim Nabuco	PE	17
2601	Joaquim Pires	PI	18
2602	Joaquim Távora	PR	16
2603	Joca Claudino	PB	15
2604	Joca Marques	PI	18
2606	Joinville	SC	24
2607	Jordânia	MG	13
2608	Jordão	AC	1
2609	José Boiteux	SC	24
2611	José da Penha	RN	20
2612	José de Freitas	PI	18
2613	José Gonçalves de Minas	MG	13
2614	José Raydan	MG	13
2615	Joselândia	MA	10
2616	Josenópolis	MG	13
2618	Juara	MT	11
2619	Juarez Távora	PB	15
2620	Juarina	TO	27
2621	Juatuba	MG	13
2622	Juazeirinho	PB	15
2624	Juazeiro do Norte	CE	6
2625	Juazeiro do Piauí	PI	18
2626	Jucás	CE	6
2627	Jucati	PE	17
2628	Jucuruçu	BA	5
2630	Juína	MT	11
2631	Juiz de Fora	MG	13
2632	Júlio Borges	PI	18
2633	Júlio de Castilhos	RS	21
2635	Jumirim	SP	25
2636	Junco do Maranhão	MA	10
2637	Junco do Seridó	PB	15
2638	Jundiá	AL	2
2639	Jundiá	RN	20
2640	Jundiaí	SP	25
2642	Junqueiro	AL	2
2643	Junqueirópolis	SP	25
2644	Jupi	PE	17
2645	Jupiá	SC	24
2646	Juquiá	SP	25
2648	Juramento	MG	13
2649	Juranda	PR	16
2650	Jurema	PE	17
2651	Jurema	PI	18
2652	Juripiranga	PB	15
2654	Juruá	AM	4
2655	Juruaia	MG	13
2656	Juruena	MT	11
2657	Juruti	PA	14
2659	Jussara	BA	5
2660	Jussara	GO	9
2661	Jussara	PR	16
2662	Jussari	BA	5
2664	Jutaí	AM	4
2665	Juti	MS	12
2666	Juvenília	MG	13
2667	Kaloré	PR	16
2668	Lábrea	AM	4
2670	Ladainha	MG	13
2671	Ladário	MS	12
2672	Lafaiete Coutinho	BA	5
2673	Lagamar	MG	13
2674	Lagarto	SE	26
2676	Lago da Pedra	MA	10
2677	Lago do Junco	MA	10
2678	Lago dos Rodrigues	MA	10
2679	Lago Verde	MA	10
2680	Lagoa	PB	15
2682	Lagoa Bonita do Sul	RS	21
2683	Lagoa da Canoa	AL	2
2684	Lagoa da Confusão	TO	27
2685	Lagoa da Prata	MG	13
2687	Lagoa de Dentro	PB	15
2688	Lagoa de Itaenga	PE	17
2689	Lagoa de Pedras	RN	20
2690	Lagoa de São Francisco	PI	18
2691	Lagoa de Velhos	RN	20
2693	Lagoa do Carro	PE	17
2694	Lagoa do Mato	MA	10
2695	Lagoa do Ouro	PE	17
2696	Lagoa do Piauí	PI	18
2697	Lagoa do Sítio	PI	18
2698	Lagoa do Tocantins	TO	27
2700	Lagoa dos Patos	MG	13
2701	Lagoa dos Três Cantos	RS	21
2702	Lagoa Dourada	MG	13
2703	Lagoa Formosa	MG	13
2704	Lagoa Grande	MG	13
2705	Lagoa Grande	PE	17
2707	Lagoa Nova	RN	20
2708	Lagoa Real	BA	5
2709	Lagoa Salgada	RN	20
2710	Lagoa Santa	GO	9
2711	Lagoa Santa	MG	13
2712	Lagoa Seca	PB	15
2714	Lagoão	RS	21
2715	Lagoinha	SP	25
2716	Lagoinha do Piauí	PI	18
2717	Laguna	SC	24
2719	Laje	BA	5
2720	Laje do Muriaé	RJ	19
2721	Lajeado	RS	21
2723	Lajeado do Bugre	RS	21
2724	Lajeado Grande	SC	24
2725	Lajeado Novo	MA	10
2726	Lajedão	BA	5
2727	Lajedinho	BA	5
2729	Lajedo do Tabocal	BA	5
2730	Lajes	RN	20
2731	Lajes Pintadas	RN	20
2732	Lajinha	MG	13
2733	Lamarão	BA	5
2735	Lambari D' Oeste	MT	11
2736	Lamim	MG	13
2737	Landri Sales	PI	18
2738	Lapa	PR	16
2740	Laranja da Terra	ES	8
2741	Laranjal	MG	13
2742	Laranjal	PR	16
2743	Laranjal do Jari	AP	3
2745	Laranjeiras	SE	26
2746	Laranjeiras do Sul	PR	16
2747	Lassance	MG	13
2748	Lastro	PB	15
2749	Laurentino	SC	24
2750	Lauro de Freitas	BA	5
2752	Lavandeira	TO	27
2753	Lavínia	SP	25
2754	Lavras	MG	13
2755	Lavras da Mangabeira	CE	6
2757	Lavrinhas	SP	25
2758	Leandro Ferreira	MG	13
2759	Lebon Régis	SC	24
2760	Leme	SP	25
2761	Leme do Prado	MG	13
2762	Lençóis	BA	5
2764	Leoberto Leal	SC	24
2765	Leopoldina	MG	13
2766	Leopoldo de Bulhões	GO	9
2767	Leópolis	PR	16
2768	Liberato Salzano	RS	21
2769	Liberdade	MG	13
2771	Lidianópolis	PR	16
2772	Lima Campos	MA	10
2773	Lima Duarte	MG	13
2774	Limeira	SP	25
2776	Limoeiro	PE	17
2777	Limoeiro de Anadia	AL	2
2778	Limoeiro do Ajuru	PA	14
2779	Limoeiro do Norte	CE	6
2780	Lindoeste	PR	16
2781	Lindóia	SP	25
2783	Lindolfo Collor	RS	21
2784	Linha Nova	RS	21
2785	Linhares	ES	8
2786	Lins	SP	25
2787	Livramento	PB	15
2789	Lizarda	TO	27
2790	Loanda	PR	16
2791	Lobato	PR	16
2792	Logradouro	PB	15
2793	Londrina	PR	16
2794	Lontra	MG	13
2795	Lontras	SC	24
2797	Loreto	MA	10
2798	Lourdes	SP	25
2799	Louveira	SP	25
2800	Lucas do Rio Verde	MT	11
2802	Lucena	PB	15
2803	Lucianópolis	SP	25
2804	Luciara	MT	11
2805	Lucrécia	RN	20
2807	Luís Correia	PI	18
2808	Luís Domingues	MA	10
2809	Luís Eduardo Magalhães	BA	5
2810	Luís Gomes	RN	20
2811	Luisburgo	MG	13
2812	Luislândia	MG	13
2814	Luiziana	PR	16
2815	Luiziânia	SP	25
2816	Luminárias	MG	13
2817	Lunardelli	PR	16
2818	Lupércio	SP	25
2820	Lutécia	SP	25
2821	Luz	MG	13
2822	Luzerna	SC	24
2823	Luziânia	GO	9
2824	Luzilândia	PI	18
2826	Macaé	RJ	19
2827	Macaíba	RN	20
2828	Macajuba	BA	5
2829	Maçambará	RS	21
2830	Macambira	SE	26
2832	Macaparana	PE	17
2833	Macarani	BA	5
2834	Macatuba	SP	25
2835	Macau	RN	20
2836	Macaubal	SP	25
2838	Macedônia	SP	25
2839	Maceió	AL	2
2840	Machacalis	MG	13
2841	Machadinho	RS	21
2843	Machado	MG	13
2844	Machados	PE	17
2845	Macieira	SC	24
2846	Macuco	RJ	19
2847	Macururé	BA	5
2848	Madalena	CE	6
2851	Madre de Deus de Minas	MG	13
2852	Mãe D' Água	PB	15
2853	Mãe do Rio	PA	14
2854	Maetinga	BA	5
2855	Mafra	SC	24
2857	Magalhães de Almeida	MA	10
2858	Magda	SP	25
2859	Magé	RJ	19
2860	Maiquinique	BA	5
2861	Mairi	BA	5
2862	Mairinque	SP	25
2864	Mairipotaba	GO	9
2865	Major Gercino	SC	24
2866	Major Isidoro	AL	2
2867	Major Sales	RN	20
2868	Major Vieira	SC	24
2870	Malhada	BA	5
2871	Malhada de Pedras	BA	5
2872	Malhada dos Bois	SE	26
2873	Malhador	SE	26
2874	Mallet	PR	16
2876	Mamanguape	PB	15
2877	Mambaí	GO	9
2878	Mamborê	PR	16
2879	Mamonas	MG	13
2881	Manacapuru	AM	4
2882	Manaíra	PB	15
2883	Manaquiri	AM	4
2884	Manari	PE	17
2885	Manaus	AM	4
2887	Mandaguaçu	PR	16
2888	Mandaguari	PR	16
2889	Mandirituba	PR	16
2890	Manduri	SP	25
2892	Manga	MG	13
2893	Mangaratiba	RJ	19
2894	Mangueirinha	PR	16
2895	Manhuaçu	MG	13
2896	Manhumirim	MG	13
2897	Manicoré	AM	4
2899	Manoel Ribas	PR	16
2900	Manoel Urbano	AC	1
2901	Manoel Viana	RS	21
2902	Manoel Vitorino	BA	5
2903	Mansidão	BA	5
2905	Mantenópolis	ES	8
2906	Maquiné	RS	21
2907	Mar de Espanha	MG	13
2908	Mar Vermelho	AL	2
2909	Mara Rosa	GO	9
2911	Marabá	PA	14
2912	Marabá Paulista	SP	25
2913	Maracaçumé	MA	10
2914	Maracaí	SP	25
2915	Maracajá	SC	24
2917	Maracanã	PA	14
2918	Maracanaú	CE	6
2919	Maracás	BA	5
2920	Maragogi	AL	2
2922	Maraial	PE	17
2923	Marajá do Sena	MA	10
2924	Maranguape	CE	6
2925	Maranhãozinho	MA	10
2926	Marapanim	PA	14
2928	Maratá	RS	21
2929	Marataízes	ES	8
2930	Marau	RS	21
2931	Maraú	BA	5
2932	Maravilha	AL	2
2934	Maravilhas	MG	13
2935	Marcação	PB	15
2936	Marcelândia	MT	11
2937	Marcelino Ramos	RS	21
2939	Marcionílio Souza	BA	5
2940	Marco	CE	6
2941	Marcolândia	PI	18
2942	Marcos Parente	PI	18
2944	Marechal Deodoro	AL	2
2945	Marechal Floriano	ES	8
2946	Marechal Thaumaturgo	AC	1
2947	Marema	SC	24
2948	Mari	PB	15
2949	Maria da Fé	MG	13
2950	Maria Helena	PR	16
2951	Marialva	PR	16
2953	Mariana Pimentel	RS	21
2954	Mariano Moro	RS	21
2955	Marianópolis do Tocantins	TO	27
2956	Mariápolis	SP	25
2958	Maricá	RJ	19
2959	Marilac	MG	13
2960	Marilândia	ES	8
2961	Marilândia do Sul	PR	16
2962	Marilena	PR	16
2964	Mariluz	PR	16
2965	Maringá	PR	16
2966	Marinópolis	SP	25
2967	Mário Campos	MG	13
2968	Mariópolis	PR	16
2970	Maripá de Minas	MG	13
2971	Marituba	PA	14
2972	Marizópolis	PB	15
2973	Marliéria	MG	13
2975	Marmelópolis	MG	13
2976	Marques de Souza	RS	21
2977	Marquinho	PR	16
2978	Martinho Campos	MG	13
2979	Martinópole	CE	6
2981	Martins	RN	20
2982	Martins Soares	MG	13
2984	Marumbi	PR	16
2985	Marzagão	GO	9
2986	Mascote	BA	5
2987	Massapê	CE	6
2989	Massaranduba	PB	15
2990	Massaranduba	SC	24
2991	Mata	RS	21
2992	Mata de São João	BA	5
2993	Mata Grande	AL	2
2994	Mata Roma	MA	10
2996	Matão	SP	25
2997	Mataraca	PB	15
2998	Mateiros	TO	27
2999	Matelândia	PR	16
3000	Materlândia	MG	13
3002	Mathias Lobato	MG	13
3003	Matias Barbosa	MG	13
3004	Matias Cardoso	MG	13
3005	Matias Olímpio	PI	18
3006	Matina	BA	5
3008	Matinhas	PB	15
3009	Matinhos	PR	16
3010	Matipó	MG	13
3011	Mato Castelhano	RS	21
3013	Mato Leitão	RS	21
3014	Mato Queimado	RS	21
3015	Mato Rico	PR	16
3016	Mato Verde	MG	13
3017	Matões	MA	10
3019	Matos Costa	SC	24
3020	Matozinhos	MG	13
3021	Matrinchã	GO	9
3022	Matriz de Camaragibe	AL	2
3023	Matupá	MT	11
3025	Matutina	MG	13
3026	Mauá	SP	25
3027	Mauá da Serra	PR	16
3028	Maués	AM	4
3029	Maurilândia	GO	9
3031	Mauriti	CE	6
3032	Maxaranguape	RN	20
3033	Maximiliano de Almeida	RS	21
3034	Mazagão	AP	3
3035	Medeiros	MG	13
3037	Medianeira	PR	16
3038	Medicilândia	PA	14
3039	Medina	MG	13
3040	Meleiro	SC	24
3041	Melgaço	PA	14
3042	Mendes	RJ	19
3044	Mendonça	SP	25
3045	Mercedes	PR	16
3046	Mercês	MG	13
3047	Meridiano	SP	25
3048	Meruoca	CE	6
3049	Mesópolis	SP	25
3051	Mesquita	RJ	19
3052	Messias	AL	2
3053	Messias Targino	RN	20
3054	Miguel Alves	PI	18
3056	Miguel Leão	PI	18
3057	Miguel Pereira	RJ	19
3058	Miguelópolis	SP	25
3059	Milagres	BA	5
3060	Milagres	CE	6
3062	Milhã	CE	6
3063	Milton Brandão	PI	18
3064	Mimoso de Goiás	GO	9
3065	Mimoso do Sul	ES	8
3066	Minaçu	GO	9
3067	Minador do Negrão	AL	2
3069	Minas Novas	MG	13
3070	Minduri	MG	13
3071	Mineiros	GO	9
3072	Mineiros do Tietê	SP	25
3073	Ministro Andreazza	RO	22
3074	Mira Estrela	SP	25
3076	Miracatu	SP	25
3077	Miracema	RJ	19
3078	Miracema do Tocantins	TO	27
3079	Mirador	MA	10
3080	Mirador	PR	16
3082	Miraguaí	RS	21
3083	Miraí	MG	13
3084	Miraíma	CE	6
3085	Miranda	MS	12
3087	Mirandiba	PE	17
3088	Mirandópolis	SP	25
3089	Mirangaba	BA	5
3090	Miranorte	TO	27
3091	Mirante	BA	5
3093	Mirante do Paranapanema	SP	25
3094	Miraselva	PR	16
3095	Mirassol	SP	25
3096	Mirassol D' Oeste	MT	11
3097	Mirassolândia	SP	25
3098	Miravânia	MG	13
3100	Mirinzal	MA	10
3101	Missal	PR	16
3102	Missão Velha	CE	6
3103	Mocajuba	PA	14
3104	Mococa	SP	25
3106	Moeda	MG	13
3107	Moema	MG	13
3108	Mogeiro	PB	15
3109	Mogi das Cruzes	SP	25
3111	Moiporá	GO	9
3112	Moita Bonita	SE	26
3113	Moji Mirim	SP	25
3114	Moju	PA	14
3116	Mombuca	SP	25
3117	Monção	MA	10
3118	Monções	SP	25
3119	Mondaí	SC	24
3121	Monjolos	MG	13
3122	Monsenhor Gil	PI	18
3123	Monsenhor Hipólito	PI	18
3124	Monsenhor Paulo	MG	13
3126	Montadas	PB	15
3127	Montalvânia	MG	13
3128	Montanha	ES	8
3129	Montanhas	RN	20
3130	Montauri	RS	21
3131	Monte Alegre	PA	14
3133	Monte Alegre de Goiás	GO	9
3134	Monte Alegre de Minas	MG	13
3135	Monte Alegre de Sergipe	SE	26
3137	Monte Alegre do Sul	SP	25
3138	Monte Alegre dos Campos	RS	21
3139	Monte Alto	SP	25
3140	Monte Aprazível	SP	25
3141	Monte Azul	MG	13
3142	Monte Azul Paulista	SP	25
3143	Monte Belo	MG	13
3145	Monte Carlo	SC	24
3146	Monte Carmelo	MG	13
3147	Monte Castelo	SC	24
3148	Monte Castelo	SP	25
3149	Monte das Gameleiras	RN	20
3151	Monte Formoso	MG	13
3152	Monte Horebe	PB	15
3153	Monte Mor	SP	25
3154	Monte Negro	RO	22
3155	Monte Santo	BA	5
3157	Monte Santo do Tocantins	TO	27
3158	Monte Sião	MG	13
3159	Monteiro	PB	15
3160	Monteiro Lobato	SP	25
3161	Monteirópolis	AL	2
3162	Montenegro	RS	21
3164	Montes Claros	MG	13
3165	Montes Claros de Goiás	GO	9
3166	Montezuma	MG	13
3167	Montividiu	GO	9
3169	Morada Nova	CE	6
3170	Morada Nova de Minas	MG	13
3171	Moraújo	CE	6
3172	Moreilândia	PE	17
3173	Moreira Sales	PR	16
3174	Moreno	PE	17
3176	Morpará	BA	5
3177	Morretes	PR	16
3178	Morrinhos	CE	6
3179	Morrinhos	GO	9
3181	Morro Agudo	SP	25
3182	Morro Agudo de Goiás	GO	9
3183	Morro Cabeça no Tempo	PI	18
3184	Morro da Fumaça	SC	24
3185	Morro da Garça	MG	13
3186	Morro do Chapéu	BA	5
3188	Morro do Pilar	MG	13
3189	Morro Grande	SC	24
3190	Morro Redondo	RS	21
3191	Morro Reuter	RS	21
3192	Morros	MA	10
3193	Mortugaba	BA	5
3195	Mossâmedes	GO	9
3196	Mossoró	RN	20
3197	Mostardas	RS	21
3198	Motuca	SP	25
3199	Mozarlândia	GO	9
3201	Mucajaí	RR	23
3202	Mucambo	CE	6
3203	Mucugê	BA	5
3204	Muçum	RS	21
3205	Mucuri	BA	5
3207	Muitos Capões	RS	21
3208	Muliterno	RS	21
3209	Mulungu	CE	6
3210	Mulungu	PB	15
3212	Mundo Novo	BA	5
3213	Mundo Novo	GO	9
3214	Mundo Novo	MS	12
3215	Munhoz	MG	13
3216	Munhoz de Melo	PR	16
3218	Muniz Freire	ES	8
3219	Muquém de São Francisco	BA	5
3220	Muqui	ES	8
3221	Muriaé	MG	13
3222	Muribeca	SE	26
3223	Murici	AL	2
3225	Muricilândia	TO	27
3226	Muritiba	BA	5
3227	Murutinga do Sul	SP	25
3228	Mutuípe	BA	5
3229	Mutum	MG	13
3231	Muzambinho	MG	13
3232	Nacip Raydan	MG	13
3233	Nantes	SP	25
3234	Nanuque	MG	13
3236	Naque	MG	13
3237	Narandiba	SP	25
3239	Natalândia	MG	13
3241	Natividade	RJ	19
3242	Natividade	TO	27
3243	Natividade da Serra	SP	25
3244	Natuba	PB	15
3245	Navegantes	SC	24
3247	Nazaré	BA	5
3248	Nazaré	TO	27
3249	Nazaré da Mata	PE	17
3250	Nazaré do Piauí	PI	18
3252	Nazareno	MG	13
3253	Nazarezinho	PB	15
3254	Nazária 	PI	18
3255	Nazário	GO	9
3256	Neópolis	SE	26
3257	Nepomuceno	MG	13
3259	Neves Paulista	SP	25
3260	Nhamundá	AM	4
3261	Nhandeara	SP	25
3262	Nicolau Vergueiro	RS	21
3264	Nilópolis	RJ	19
3265	Nina Rodrigues	MA	10
3266	Ninheira	MG	13
3267	Nioaque	MS	12
3268	Nipoã	SP	25
3269	Niquelândia	GO	9
3271	Niterói	RJ	19
3272	Nobres	MT	11
3273	Nonoai	RS	21
3274	Nordestina	BA	5
3275	Normandia	RR	23
3277	Nossa Senhora Aparecida	SE	26
3278	Nossa Senhora da Glória	SE	26
3279	Nossa Senhora das Dores	SE	26
3281	Nossa Senhora de Lourdes	SE	26
3282	Nossa Senhora de Nazaré	PI	18
3283	Nossa Senhora do Livramento	MT	11
3284	Nossa Senhora do Socorro	SE	26
3285	Nossa Senhora dos Remédios	PI	18
3286	Nova Aliança	SP	25
3288	Nova Alvorada	RS	21
3289	Nova Alvorada do Sul	MS	12
3290	Nova América	GO	9
3291	Nova América da Colina	PR	16
3292	Nova Andradina	MS	12
3293	Nova Araçá	RS	21
3294	Nova Aurora	GO	9
3295	Nova Aurora	PR	16
3297	Nova Bassano	RS	21
3298	Nova Belém	MG	13
3299	Nova Boa Vista	RS	21
3300	Nova Brasilândia	MT	11
3302	Nova Bréscia	RS	21
3303	Nova Campina	SP	25
3304	Nova Canaã	BA	5
3305	Nova Canaã do Norte	MT	11
3306	Nova Canaã Paulista	SP	25
3307	Nova Candelária	RS	21
3308	Nova Cantu	PR	16
3310	Nova Colinas	MA	10
3311	Nova Crixás	GO	9
3312	Nova Cruz	RN	20
3313	Nova Era	MG	13
3314	Nova Erechim	SC	24
3316	Nova Esperança do Piriá	PA	14
3317	Nova Esperança do Sudoeste	PR	16
3318	Nova Esperança do Sul	RS	21
3319	Nova Europa	SP	25
3320	Nova Fátima	BA	5
3321	Nova Fátima	PR	16
3323	Nova Friburgo	RJ	19
3324	Nova Glória	GO	9
3325	Nova Granada	SP	25
3326	Nova Guarita	MT	11
3328	Nova Hartz	RS	21
3329	Nova Ibiá	BA	5
3330	Nova Iguaçu	RJ	19
3331	Nova Iguaçu de Goiás	GO	9
3332	Nova Independência	SP	25
3333	Nova Iorque	MA	10
3335	Nova Itaberaba	SC	24
3336	Nova Itarana	BA	5
3337	Nova Lacerda	MT	11
3338	Nova Laranjeiras	PR	16
3339	Nova Lima	MG	13
3341	Nova Luzitânia	SP	25
3342	Nova Mamoré	RO	22
3343	Nova Marilândia	MT	11
3344	Nova Maringá	MT	11
3345	Nova Módica	MG	13
3347	Nova Mutum	MT	11
3348	Nova Nazaré	MT	11
3349	Nova Odessa	SP	25
3350	Nova Olímpia	MT	11
3351	Nova Olímpia	PR	16
3352	Nova Olinda	CE	6
3354	Nova Olinda	TO	27
3355	Nova Olinda do Maranhão	MA	10
3356	Nova Olinda do Norte	AM	4
3357	Nova Pádua	RS	21
3359	Nova Palmeira	PB	15
3360	Nova Petrópolis	RS	21
3361	Nova Ponte	MG	13
3362	Nova Porteirinha	MG	13
3363	Nova Prata	RS	21
3365	Nova Ramada	RS	21
3367	Nova Resende	MG	13
3368	Nova Roma	GO	9
3369	Nova Roma do Sul	RS	21
3370	Nova Rosalândia	TO	27
3371	Nova Russas	CE	6
3372	Nova Santa Bárbara	PR	16
3374	Nova Santa Rita	PI	18
3375	Nova Santa Rita	RS	21
3376	Nova Santa Rosa	PR	16
3377	Nova Serrana	MG	13
3378	Nova Soure	BA	5
3379	Nova Tebas	PR	16
3381	Nova Trento	SC	24
3382	Nova Ubiratã	MT	11
3383	Nova União	MG	13
3384	Nova União	RO	22
3386	Nova Veneza	GO	9
3387	Nova Veneza	SC	24
3388	Nova Viçosa	BA	5
3389	Nova Xavantina	MT	11
3390	Novais	SP	25
3391	Novo Acordo	TO	27
3393	Novo Alegre	TO	27
3394	Novo Aripuanã	AM	4
3395	Novo Barreiro	RS	21
3396	Novo Brasil	GO	9
3397	Novo Cabrais	RS	21
3399	Novo Gama	GO	9
3400	Novo Hamburgo	RS	21
3401	Novo Horizonte	BA	5
3402	Novo Horizonte	SC	24
3403	Novo Horizonte	SP	25
3405	Novo Horizonte do Oeste	RO	22
3406	Novo Horizonte do Sul	MS	12
3407	Novo Itacolomi	PR	16
3408	Novo Jardim	TO	27
3409	Novo Lino	AL	2
3410	Novo Machado	RS	21
3412	Novo Oriente	CE	6
3413	Novo Oriente de Minas	MG	13
3414	Novo Oriente do Piauí	PI	18
3415	Novo Planalto	GO	9
3417	Novo Repartimento	PA	14
3418	Novo Santo Antônio	MT	11
3419	Novo Santo Antônio	PI	18
3420	Novo São Joaquim	MT	11
3421	Novo Tiradentes	RS	21
3422	Novo Triunfo	BA	5
3424	Novorizonte	MG	13
3425	Nuporanga	SP	25
3426	Óbidos	PA	14
3427	Ocara	CE	6
3428	Ocauçu	SP	25
3430	Oeiras do Pará	PA	14
3431	Oiapoque	AP	3
3432	Olaria	MG	13
3433	Óleo	SP	25
3435	Olho D' Água das Cunhãs	MA	10
3436	Olho D' Água das Flores	AL	2
3437	Olho D' Água do Casado	AL	2
3438	Olho D' Água do Piauí	PI	18
3439	Olho D' Água Grande	AL	2
3441	Olhos D' Água	MG	13
3442	Olímpia	SP	25
3443	Olímpio Noronha	MG	13
3444	Olinda	PE	17
3445	Olinda Nova do Maranhão	MA	10
3446	Olindina	BA	5
3447	Olivedos	PB	15
3449	Oliveira de Fátima	TO	27
3450	Oliveira dos Brejinhos	BA	5
3451	Oliveira Fortes	MG	13
3452	Olivença	AL	2
3454	Onda Verde	SP	25
3455	Oratórios	MG	13
3456	Oriente	SP	25
3457	Orindiúva	SP	25
3458	Oriximiná	PA	14
3459	Orizânia	MG	13
3461	Orlândia	SP	25
3462	Orleans	SC	24
3463	Orobó	PE	17
3464	Orocó	PE	17
3465	Orós	CE	6
3467	Osasco	SP	25
3468	Oscar Bressane	SP	25
3469	Osório	RS	21
3470	Osvaldo Cruz	SP	25
3472	Ourém	PA	14
3473	Ouriçangas	BA	5
3474	Ouricuri	PE	17
3475	Ourilândia do Norte	PA	14
3476	Ourinhos	SP	25
3477	Ourizona	PR	16
3479	Ouro Branco	AL	2
3480	Ouro Branco	MG	13
3481	Ouro Branco	RN	20
3482	Ouro Fino	MG	13
3484	Ouro Preto do Oeste	RO	22
3485	Ouro Velho	PB	15
3486	Ouro Verde	SC	24
3487	Ouro Verde	SP	25
3489	Ouro Verde de Minas	MG	13
3490	Ouro Verde do Oeste	PR	16
3492	Ourolândia	BA	5
3493	Ouvidor	GO	9
3494	Pacaembu	SP	25
3495	Pacajá	PA	14
3497	Pacaraima	RR	23
3498	Pacatuba	CE	6
3499	Pacatuba	SE	26
3500	Paço do Lumiar	MA	10
3501	Pacoti	CE	6
3503	Padre Bernardo	GO	9
3504	Padre Carvalho	MG	13
3505	Padre Marcos	PI	18
3506	Padre Paraíso	MG	13
3508	Pai Pedro	MG	13
3509	Paial	SC	24
3510	Paiçandu	PR	16
3511	Paim Filho	RS	21
3512	Paineiras	MG	13
3514	Pains	MG	13
3515	Paiva	MG	13
3516	Pajeú do Piauí	PI	18
3517	Palestina	AL	2
3518	Palestina	SP	25
3520	Palestina do Pará	PA	14
3521	Palhano	CE	6
3522	Palhoça	SC	24
3523	Palma	MG	13
3524	Palma Sola	SC	24
3526	Palmares	PE	17
3527	Palmares do Sul	RS	21
3528	Palmares Paulista	SP	25
3529	Palmas	PR	16
3530	Palmas	TO	27
3532	Palmeira	PR	16
3533	Palmeira	SC	24
3534	Palmeira das Missões	RS	21
3535	Palmeira do Piauí	PI	18
3537	Palmeira dos Índios	AL	2
3538	Palmeirais	PI	18
3539	Palmeirândia	MA	10
3540	Palmeirante	TO	27
3541	Palmeiras	BA	5
3542	Palmeiras de Goiás	GO	9
3544	Palmeirina	PE	17
3545	Palmeirópolis	TO	27
3546	Palmelo	GO	9
3547	Palminópolis	GO	9
3548	Palmital	PR	16
3549	Palmital	SP	25
3551	Palmitos	SC	24
3552	Palmópolis	MG	13
3553	Palotina	PR	16
3554	Panamá	GO	9
3555	Panambi	RS	21
3557	Panelas	PE	17
3558	Panorama	SP	25
3559	Pantano Grande	RS	21
3560	Pão de Açúcar	AL	2
3561	Papagaios	MG	13
3563	Paquetá	PI	18
3564	Pará de Minas	MG	13
3565	Paracambi	RJ	19
3566	Paracatu	MG	13
3568	Paragominas	PA	14
3569	Paraguaçu	MG	13
3570	Paraguaçu Paulista	SP	25
3571	Paraí	RS	21
3573	Paraibano	MA	10
3574	Paraibuna	SP	25
3575	Paraipaba	CE	6
3576	Paraíso	SC	24
3577	Paraíso	SP	25
3578	Paraíso do Norte	PR	16
3580	Paraíso do Tocantins	TO	27
3581	Paraisópolis	MG	13
3582	Parambu	CE	6
3583	Paramirim	BA	5
3584	Paramoti	CE	6
3585	Paraná	RN	20
3587	Paranacity	PR	16
3588	Paranaguá	PR	16
3589	Paranaíba	MS	12
3590	Paranaiguara	GO	9
3592	Paranapanema	SP	25
3593	Paranapoema	PR	16
3594	Paranapuã	SP	25
3595	Paranatama	PE	17
3596	Paranatinga	MT	11
3598	Paranhos	MS	12
3599	Paraopeba	MG	13
3600	Parapuã	SP	25
3601	Parari	PB	15
3602	Paratinga	BA	5
3604	Paraú	RN	20
3605	Parauapebas	PA	14
3606	Paraúna	GO	9
3607	Parazinho	RN	20
3609	Pareci Novo	RS	21
3610	Parecis	RO	22
3611	Parelhas	RN	20
3612	Pariconha	AL	2
3613	Parintins	AM	4
3615	Paripueira	AL	2
3616	Pariquera-Açu	SP	25
3617	Parisi	SP	25
3618	Parnaguá	PI	18
3619	Parnaíba	PI	18
3621	Parnamirim	RN	20
3623	Parobé	RS	21
3625	Passa Quatro	MG	13
3626	Passa Sete	RS	21
3627	Passa Tempo	MG	13
3628	Passabém	MG	13
3629	Passagem	PB	15
3631	Passagem Franca	MA	10
3632	Passagem Franca do Piauí	PI	18
3633	Passa-Vinte	MG	13
3634	Passira	PE	17
3636	Passo de Torres	SC	24
3637	Passo do Sobrado	RS	21
3638	Passo Fundo	RS	21
3639	Passos	MG	13
3640	Passos Maia	SC	24
3641	Pastos Bons	MA	10
3643	Pato Bragado	PR	16
3644	Pato Branco	PR	16
3645	Patos	PB	15
3646	Patos de Minas	MG	13
3648	Patrocínio	MG	13
3649	Patrocínio do Muriaé	MG	13
3650	Patrocínio Paulista	SP	25
3651	Patu	RN	20
3652	Paty do Alferes	RJ	19
3653	Pau Brasil	BA	5
3655	Pau D' Arco	TO	27
3656	Pau D' Arco do Piauí	PI	18
3657	Pau dos Ferros	RN	20
3658	Paudalho	PE	17
3660	Paula Cândido	MG	13
3661	Paula Freitas	PR	16
3662	Paulicéia	SP	25
3663	Paulínia	SP	25
3665	Paulista	PB	15
3666	Paulista	PE	17
3667	Paulistana	PI	18
3668	Paulistânia	SP	25
3669	Paulistas	MG	13
3670	Paulo Afonso	BA	5
3672	Paulo de Faria	SP	25
3673	Paulo Frontin	PR	16
3674	Paulo Jacinto	AL	2
3675	Paulo Lopes	SC	24
3676	Paulo Ramos	MA	10
3678	Paverama	RS	21
3679	Pavussu	PI	18
3680	Pé de Serra	BA	5
3681	Peabiru	PR	16
3682	Peçanha	MG	13
3684	Pedra	PE	17
3685	Pedra Azul	MG	13
3686	Pedra Bela	SP	25
3687	Pedra Bonita	MG	13
3689	Pedra Branca	PB	15
3690	Pedra Branca do Amapari	AP	3
3691	Pedra do Anta	MG	13
3692	Pedra do Indaiá	MG	13
3694	Pedra Grande	RN	20
3695	Pedra Lavrada	PB	15
3696	Pedra Mole	SE	26
3697	Pedra Preta	MT	11
3698	Pedra Preta	RN	20
3699	Pedralva	MG	13
3701	Pedrão	BA	5
3702	Pedras Altas	RS	21
3703	Pedras de Fogo	PB	15
3704	Pedras de Maria da Cruz	MG	13
3705	Pedras Grandes	SC	24
3706	Pedregulho	SP	25
3708	Pedreiras	MA	10
3709	Pedrinhas	SE	26
3710	Pedrinhas Paulista	SP	25
3711	Pedrinópolis	MG	13
3713	Pedro Alexandre	BA	5
3714	Pedro Avelino	RN	20
3715	Pedro Canário	ES	8
3716	Pedro de Toledo	SP	25
3718	Pedro Gomes	MS	12
3719	Pedro II	PI	18
3720	Pedro Laurentino	PI	18
3721	Pedro Leopoldo	MG	13
3722	Pedro Osório	RS	21
3723	Pedro Régis	PB	15
3725	Pedro Velho	RN	20
3726	Peixe	TO	27
3727	Peixe-Boi	PA	14
3728	Peixoto de Azevedo	MT	11
3729	Pejuçara	RS	21
3730	Pelotas	RS	21
3732	Penalva	MA	10
3733	Penápolis	SP	25
3734	Pendências	RN	20
3735	Penedo	AL	2
3737	Pentecoste	CE	6
3738	Pequeri	MG	13
3739	Pequi	MG	13
3740	Pequizeiro	TO	27
3741	Perdigão	MG	13
3743	Perdões	MG	13
3744	Pereira Barreto	SP	25
3745	Pereiras	SP	25
3746	Pereiro	CE	6
3747	Peri Mirim	MA	10
3749	Peritiba	SC	24
3750	Peritoró	MA	10
3751	Perobal	PR	16
3753	Pérola D' Oeste	PR	16
3754	Perolândia	GO	9
3755	Peruíbe	SP	25
3756	Pescador	MG	13
3757	Pesqueira	PE	17
3759	Petrolândia	SC	24
3760	Petrolina	PE	17
3761	Petrolina de Goiás	GO	9
3762	Petrópolis	RJ	19
3764	Piacatu	SP	25
3765	Piancó	PB	15
3766	Piatã	BA	5
3767	Piau	MG	13
3768	Picada Café	RS	21
3770	Picos	PI	18
3771	Picuí	PB	15
3772	Piedade	SP	25
3773	Piedade de Caratinga	MG	13
3775	Piedade do Rio Grande	MG	13
3776	Piedade dos Gerais	MG	13
3777	Piên	PR	16
3778	Pilão Arcado	BA	5
3779	Pilar	AL	2
3780	Pilar	PB	15
3782	Pilar do Sul	SP	25
3783	Pilões	PB	15
3784	Pilões	RN	20
3785	Pilõezinhos	PB	15
3786	Pimenta	MG	13
3788	Pimenteiras	PI	18
3789	Pimenteiras do Oeste	RO	22
3790	Pindaí	BA	5
3791	Pindamonhangaba	SP	25
3792	Pindaré-Mirim	MA	10
3793	Pindoba	AL	2
3795	Pindorama	SP	25
3796	Pindorama do Tocantins	TO	27
3797	Pindoretama	CE	6
3798	Pingo-D' Água	MG	13
3799	Pinhais	PR	16
3801	Pinhal da Serra	RS	21
3802	Pinhal de São Bento	PR	16
3803	Pinhal Grande	RS	21
3804	Pinhalão	PR	16
3805	Pinhalzinho	SC	24
3807	Pinhão	PR	16
3808	Pinhão	SE	26
3809	Pinheiral	RJ	19
3810	Pinheirinho do Vale	RS	21
3812	Pinheiro Machado	RS	21
3813	Pinheiro Preto	SC	24
3814	Pinheiros	ES	8
3815	Pintadas	BA	5
3816	Pintópolis	MG	13
3818	Pio XII	MA	10
3819	Piquerobi	SP	25
3820	Piquet Carneiro	CE	6
3821	Piquete	SP	25
3822	Piracaia	SP	25
3824	Piracema	MG	13
3825	Piracicaba	SP	25
3826	Piracuruca	PI	18
3827	Piraí	RJ	19
3829	Piraí do Sul	PR	16
3830	Piraju	SP	25
3831	Pirajuba	MG	13
3832	Pirajuí	SP	25
3833	Pirambu	SE	26
3834	Piranga	MG	13
3836	Piranguçu	MG	13
3837	Piranguinho	MG	13
3838	Piranhas	AL	2
3839	Piranhas	GO	9
3841	Pirapetinga	MG	13
3842	Pirapó	RS	21
3843	Pirapora	MG	13
3844	Pirapora do Bom Jesus	SP	25
3845	Pirapozinho	SP	25
3847	Piraquê	TO	27
3848	Pirassununga	SP	25
3849	Piratini	RS	21
3850	Piratininga	SP	25
3851	Piratuba	SC	24
3853	Pirenópolis	GO	9
3854	Pires do Rio	GO	9
3855	Pires Ferreira	CE	6
3856	Piripá	BA	5
3858	Piritiba	BA	5
3859	Pirpirituba	PB	15
3860	Pitanga	PR	16
3861	Pitangueiras	PR	16
3862	Pitangueiras	SP	25
3864	Pitimbu	PB	15
3865	Pium	TO	27
3866	Piúma	ES	8
3867	Piumhi	MG	13
3868	Placas	PA	14
3870	Planaltina	GO	9
3871	Planaltina do Paraná	PR	16
3872	Planaltino	BA	5
3873	Planalto	BA	5
3874	Planalto	PR	16
3876	Planalto	SP	25
3877	Planalto Alegre	SC	24
3878	Planalto da Serra	MT	11
3879	Planura	MG	13
3880	Platina	SP	25
3882	Poção	PE	17
3884	Pocinhos	PB	15
3886	Poço Dantas	PB	15
3887	Poço das Antas	RS	21
3888	Poço das Trincheiras	AL	2
3890	Poço Fundo	MG	13
3891	Poço Redondo	SE	26
3892	Poço Verde	SE	26
3893	Poções	BA	5
3894	Poconé	MT	11
3895	Poços de Caldas	MG	13
3896	Pocrane	MG	13
3898	Poloni	SP	25
3899	Pombal	PB	15
3900	Pombos	PE	17
3901	Pomerode	SC	24
3902	Pompéia	SP	25
3904	Pongaí	SP	25
3905	Ponta de Pedras	PA	14
3906	Ponta Grossa	PR	16
3907	Ponta Porã	MS	12
3908	Pontal	SP	25
3910	Pontal do Paraná	PR	16
3911	Pontalina	GO	9
3912	Pontalinda	SP	25
3913	Pontão	RS	21
3914	Ponte Alta	SC	24
3916	Ponte Alta do Norte	SC	24
3917	Ponte Alta do Tocantins	TO	27
3918	Ponte Branca	MT	11
3919	Ponte Nova	MG	13
3920	Ponte Preta	RS	21
3922	Pontes e Lacerda	MT	11
3923	Pontes Gestal	SP	25
3924	Ponto Belo	ES	8
3925	Ponto Chique	MG	13
3926	Ponto dos Volantes	MG	13
3927	Ponto Novo	BA	5
3929	Poranga	CE	6
3930	Porangaba	SP	25
3931	Porangatu	GO	9
3932	Porciúncula	RJ	19
3933	Porecatu	PR	16
3935	Portão	RS	21
3936	Porteirão	GO	9
3937	Porteiras	CE	6
3938	Porteirinha	MG	13
3939	Portel	PA	14
3941	Porto	PI	18
3942	Porto Acre	AC	1
3943	Porto Alegre	RS	21
3945	Porto Alegre do Piauí	PI	18
3946	Porto Alegre do Tocantins	TO	27
3947	Porto Amazonas	PR	16
3948	Porto Barreiro	PR	16
3949	Porto Belo	SC	24
3950	Porto Calvo	AL	2
3951	Porto da Folha	SE	26
3953	Porto de Pedras	AL	2
3954	Porto do Mangue	RN	20
3955	Porto dos Gaúchos	MT	11
3956	Porto Esperidião	MT	11
3958	Porto Feliz	SP	25
3959	Porto Ferreira	SP	25
3960	Porto Firme	MG	13
3961	Porto Franco	MA	10
3962	Porto Grande	AP	3
3963	Porto Lucena	RS	21
3965	Porto Murtinho	MS	12
3966	Porto Nacional	TO	27
3967	Porto Real	RJ	19
3968	Porto Real do Colégio	AL	2
3969	Porto Rico	PR	16
3971	Porto Seguro	BA	5
3972	Porto União	SC	24
3973	Porto Velho	RO	22
3974	Porto Vera Cruz	RS	21
3975	Porto Vitória	PR	16
3976	Porto Walter	AC	1
3978	Posse	GO	9
3979	Poté	MG	13
3980	Potengi	CE	6
3981	Potim	SP	25
3982	Potiraguá	BA	5
3984	Potiretama	CE	6
3985	Pouso Alegre	MG	13
3986	Pouso Alto	MG	13
3987	Pouso Novo	RS	21
3989	Poxoréo	MT	11
3990	Pracinha	SP	25
3991	Pracuúba	AP	3
3992	Prado	BA	5
3993	Prado Ferreira	PR	16
3994	Pradópolis	SP	25
3996	Praia Grande	SC	24
3997	Praia Grande	SP	25
3998	Praia Norte	TO	27
3999	Prainha	PA	14
4001	Prata	MG	13
4002	Prata	PB	15
4003	Prata do Piauí	PI	18
4004	Pratânia	SP	25
4005	Pratápolis	MG	13
4007	Presidente Alves	SP	25
4008	Presidente Bernardes	MG	13
4009	Presidente Bernardes	SP	25
4011	Presidente Castelo Branco	PR	16
4013	Presidente Dutra	MA	10
4015	Presidente Figueiredo	AM	4
4016	Presidente Getúlio	SC	24
4017	Presidente Jânio Quadros	BA	5
4018	Presidente Juscelino	MA	10
4019	Presidente Juscelino	MG	13
4021	Presidente Kennedy	ES	8
4022	Presidente Kennedy	TO	27
4023	Presidente Kubitschek	MG	13
4024	Presidente Lucena	RS	21
4025	Presidente Médici	MA	10
4027	Presidente Nereu	SC	24
4028	Presidente Olegário	MG	13
4029	Presidente Prudente	SP	25
4030	Presidente Sarney	MA	10
4031	Presidente Tancredo Neves	BA	5
4032	Presidente Vargas	MA	10
4034	Primavera	PA	14
4035	Primavera	PE	17
4036	Primavera de Rondônia	RO	22
4037	Primavera do Leste	MT	11
4038	Primeira Cruz	MA	10
4040	Princesa	SC	24
4041	Princesa Isabel	PB	15
4042	Professor Jamil	GO	9
4043	Progresso	RS	21
4044	Promissão	SP	25
4045	Propriá	SE	26
4047	Prudente de Morais	MG	13
4048	Prudentópolis	PR	16
4049	Pugmil	TO	27
4050	Pureza	RN	20
4051	Putinga	RS	21
4053	Quadra	SP	25
4054	Quaraí	RS	21
4055	Quartel Geral	MG	13
4056	Quarto Centenário	PR	16
4057	Quatá	SP	25
4059	Quatipuru	PA	14
4060	Quatis	RJ	19
4061	Quatro Barras	PR	16
4062	Quatro Irmãos	RS	21
4064	Quebrangulo	AL	2
4065	Quedas do Iguaçu	PR	16
4066	Queimada Nova	PI	18
4067	Queimadas	BA	5
4068	Queimadas	PB	15
4069	Queimados	RJ	19
4071	Queluz	SP	25
4072	Queluzito	MG	13
4073	Querência	MT	11
4074	Querência do Norte	PR	16
4075	Quevedos	RS	21
4077	Quilombo	SC	24
4078	Quinta do Sol	PR	16
4079	Quintana	SP	25
4080	Quinze de Novembro	RS	21
4082	Quirinópolis	GO	9
4083	Quissamã	RJ	19
4084	Quitandinha	PR	16
4085	Quiterianópolis	CE	6
4086	Quixaba	PE	17
4088	Quixabeira	BA	5
4089	Quixadá	CE	6
4090	Quixelô	CE	6
4091	Quixeramobim	CE	6
4092	Quixeré	CE	6
4094	Rafael Godeiro	RN	20
4095	Rafael Jambeiro	BA	5
4096	Rafard	SP	25
4097	Ramilândia	PR	16
4098	Rancharia	SP	25
4100	Rancho Alegre D' Oeste	PR	16
4101	Rancho Queimado	SC	24
4102	Raposa	MA	10
4103	Raposos	MG	13
4104	Raul Soares	MG	13
4106	Rebouças	PR	16
4107	Recife	PE	17
4108	Recreio	MG	13
4109	Recursolândia	TO	27
4110	Redenção	CE	6
4112	Redenção da Serra	SP	25
4113	Redenção do Gurguéia	PI	18
4114	Redentora	RS	21
4115	Reduto	MG	13
4117	Regente Feijó	SP	25
4118	Reginópolis	SP	25
4119	Registro	SP	25
4120	Relvado	RS	21
4121	Remanso	BA	5
4122	Remígio	PB	15
4124	Reriutaba	CE	6
4125	Resende	RJ	19
4126	Resende Costa	MG	13
4127	Reserva	PR	16
4129	Reserva do Iguaçu	PR	16
4130	Resplendor	MG	13
4131	Ressaquinha	MG	13
4132	Restinga	SP	25
4133	Restinga Seca	RS	21
4135	Riachão	MA	10
4136	Riachão	PB	15
4137	Riachão das Neves	BA	5
4265	Roncador	PR	16
4139	Riachão do Dantas	SE	26
4140	Riachão do Jacuípe	BA	5
4142	Riachinho	MG	13
4143	Riachinho	TO	27
4144	Riacho da Cruz	RN	20
4145	Riacho das Almas	PE	17
4146	Riacho de Santana	BA	5
4148	Riacho de Santo Antônio	PB	15
4149	Riacho dos Cavalos	PB	15
4150	Riacho dos Machados	MG	13
4151	Riacho Frio	PI	18
4152	Riachuelo	RN	20
4153	Riachuelo	SE	26
4155	Rianápolis	GO	9
4156	Ribamar Fiquene	MA	10
4157	Ribas do Rio Pardo	MS	12
4158	Ribeira	SP	25
4160	Ribeira do Piauí	PI	18
4161	Ribeira do Pombal	BA	5
4162	Ribeirão	PE	17
4163	Ribeirão Bonito	SP	25
4164	Ribeirão Branco	SP	25
4166	Ribeirão Claro	PR	16
4167	Ribeirão Corrente	SP	25
4168	Ribeirão das Neves	MG	13
4169	Ribeirão do Largo	BA	5
4170	Ribeirão do Pinhal	PR	16
4171	Ribeirão do Sul	SP	25
4173	Ribeirão Grande	SP	25
4314	Salinópolis	PA	14
4174	Ribeirão Pires	SP	25
4175	Ribeirão Preto	SP	25
4176	Ribeirão Vermelho	MG	13
4177	Ribeirãozinho	MT	11
4178	Ribeiro Gonçalves	PI	18
4179	Ribeirópolis	SE	26
4181	Rincão	SP	25
4182	Rinópolis	SP	25
4183	Rio Acima	MG	13
4184	Rio Azul	PR	16
4185	Rio Bananal	ES	8
4187	Rio Bonito	RJ	19
4188	Rio Bonito do Iguaçu	PR	16
4189	Rio Branco	AC	1
4190	Rio Branco	MT	11
4192	Rio Branco do Sul	PR	16
4193	Rio Brilhante	MS	12
4194	Rio Casca	MG	13
4195	Rio Claro	RJ	19
4196	Rio Claro	SP	25
4197	Rio Crespo	RO	22
4199	Rio das Antas	SC	24
4200	Rio das Flores	RJ	19
4201	Rio das Ostras	RJ	19
4202	Rio das Pedras	SP	25
4203	Rio de Contas	BA	5
4205	Rio do Antônio	BA	5
4206	Rio do Campo	SC	24
4207	Rio do Fogo	RN	20
4208	Rio do Oeste	SC	24
4209	Rio do Pires	BA	5
4210	Rio do Prado	MG	13
4212	Rio Doce	MG	13
4213	Rio dos Bois	TO	27
4214	Rio dos Cedros	SC	24
4215	Rio dos Índios	RS	21
4217	Rio Formoso	PE	17
4218	Rio Fortuna	SC	24
4219	Rio Grande	RS	21
4220	Rio Grande da Serra	SP	25
4222	Rio Largo	AL	2
4223	Rio Manso	MG	13
4224	Rio Maria	PA	14
4225	Rio Negrinho	SC	24
4226	Rio Negro	MS	12
4227	Rio Negro	PR	16
4229	Rio Novo do Sul	ES	8
4230	Rio Paranaíba	MG	13
4231	Rio Pardo	RS	21
4232	Rio Pardo de Minas	MG	13
4234	Rio Pomba	MG	13
4235	Rio Preto	MG	13
4236	Rio Preto da Eva	AM	4
4237	Rio Quente	GO	9
4238	Rio Real	BA	5
4239	Rio Rufino	SC	24
4241	Rio Tinto	PB	15
4242	Rio Verde	GO	9
4243	Rio Verde de Mato Grosso	MS	12
4244	Rio Vermelho	MG	13
4245	Riolândia	SP	25
4247	Riqueza	SC	24
4248	Ritápolis	MG	13
4249	Riversul	SP	25
4250	Roca Sales	RS	21
4251	Rochedo	MS	12
4253	Rodeio	SC	24
4254	Rodeio Bonito	RS	21
4255	Rodeiro	MG	13
4256	Rodelas	BA	5
4258	Rodrigues Alves	AC	1
4259	Rolador	RS	21
4260	Rolândia	PR	16
4261	Rolante	RS	21
4262	Rolim de Moura	RO	22
4263	Romaria	MG	13
4267	Rondinha	RS	21
4268	Rondolândia	MT	11
4269	Rondon	PR	16
4270	Rondon do Pará	PA	14
4272	Roque Gonzales	RS	21
4273	Rorainópolis	RR	23
4274	Rosana	SP	25
4275	Rosário	MA	10
4276	Rosário da Limeira	MG	13
4278	Rosário do Ivaí	PR	16
4279	Rosário do Sul	RS	21
4280	Rosário Oeste	MT	11
4281	Roseira	SP	25
4282	Roteiro	AL	2
4283	Rubelita	MG	13
4285	Rubiataba	GO	9
4286	Rubim	MG	13
4287	Rubinéia	SP	25
4288	Rurópolis	PA	14
4289	Russas	CE	6
4291	Ruy Barbosa	RN	20
4292	Sabará	MG	13
4293	Sabáudia	PR	16
4294	Sabino	SP	25
4295	Sabinópolis	MG	13
4297	Sacramento	MG	13
4298	Sagrada Família	RS	21
4299	Sagres	SP	25
4300	Sairé	PE	17
4302	Sales	SP	25
4303	Sales Oliveira	SP	25
4304	Salesópolis	SP	25
4305	Salete	SC	24
4306	Salgadinho	PB	15
4307	Salgadinho	PE	17
4309	Salgado de São Félix	PB	15
4310	Salgado Filho	PR	16
4311	Salgueiro	PE	17
4312	Salinas	MG	13
4315	Salitre	CE	6
4316	Salmourão	SP	25
4317	Saloá	PE	17
4318	Saltinho	SC	24
4319	Saltinho	SP	25
4321	Salto da Divisa	MG	13
4322	Salto de Pirapora	SP	25
4323	Salto do Céu	MT	11
4324	Salto do Itararé	PR	16
4326	Salto do Lontra	PR	16
4327	Salto Grande	SP	25
4328	Salto Veloso	SC	24
4329	Salvador	BA	5
4331	Salvador do Sul	RS	21
4332	Salvaterra	PA	14
4333	Sambaíba	MA	10
4334	Sampaio	TO	27
4335	Sananduva	RS	21
4336	Sanclerlândia	GO	9
4337	Sandolândia	TO	27
4338	Sandovalina	SP	25
4340	Sanharó	PE	17
4341	Santa Adélia	SP	25
4342	Santa Albertina	SP	25
4343	Santa Amélia	PR	16
4345	Santa Bárbara	MG	13
4346	Santa Bárbara de Goiás	GO	9
4347	Santa Bárbara do Leste	MG	13
4348	Santa Bárbara do Monte Verde	MG	13
4350	Santa Bárbara do Sul	RS	21
4351	Santa Bárbara do Tugúrio	MG	13
4352	Santa Bárbara D' Oeste	SP	25
4353	Santa Branca	SP	25
4354	Santa Brígida	BA	5
4355	Santa Carmem	MT	11
4356	Santa Cecília	PB	15
4358	Santa Cecília do Pavão	PR	16
4359	Santa Cecília do Sul	RS	21
4360	Santa Clara do Sul	RS	21
4361	Santa Clara D' Oeste	SP	25
4362	Santa Cruz	PB	15
4363	Santa Cruz	PE	17
4365	Santa Cruz Cabrália	BA	5
4366	Santa Cruz da Baixa Verde	PE	17
4367	Santa Cruz da Conceição	SP	25
4369	Santa Cruz da Vitória	BA	5
4370	Santa Cruz das Palmeiras	SP	25
4371	Santa Cruz de Goiás	GO	9
4372	Santa Cruz de Minas	MG	13
4373	Santa Cruz de Monte Castelo	PR	16
4374	Santa Cruz de Salinas	MG	13
4375	Santa Cruz do Arari	PA	14
4377	Santa Cruz do Escalvado	MG	13
4378	Santa Cruz do Piauí	PI	18
4379	Santa Cruz do Rio Pardo	SP	25
4380	Santa Cruz do Sul	RS	21
4381	Santa Cruz do Xingu	MT	11
4383	Santa Efigênia de Minas	MG	13
4384	Santa Ernestina	SP	25
4385	Santa Fé	PR	16
4386	Santa Fé de Goiás	GO	9
4387	Santa Fé de Minas	MG	13
4388	Santa Fé do Araguaia	TO	27
4390	Santa Filomena	PE	17
4391	Santa Filomena	PI	18
4393	Santa Gertrudes	SP	25
4394	Santa Helena	MA	10
4395	Santa Helena	PB	15
4396	Santa Helena	PR	16
4397	Santa Helena	SC	24
4398	Santa Helena de Goiás	GO	9
4400	Santa Inês	BA	5
4401	Santa Inês	MA	10
4402	Santa Inês	PB	15
4403	Santa Inês	PR	16
4404	Santa Isabel	GO	9
4405	Santa Isabel	SP	25
4407	Santa Isabel do Pará	PA	14
4408	Santa Isabel do Rio Negro	AM	4
4409	Santa Izabel do Oeste	PR	16
4410	Santa Juliana	MG	13
4411	Santa Leopoldina	ES	8
4412	Santa Lúcia	PR	16
4413	Santa Lúcia	SP	25
4414	Santa Luz	PI	18
4416	Santa Luzia	MA	10
4417	Santa Luzia	MG	13
4418	Santa Luzia	PB	15
4420	Santa Luzia do Norte	AL	2
4421	Santa Luzia do Pará	PA	14
4422	Santa Luzia do Paruá	MA	10
4423	Santa Luzia D' Oeste	RO	22
4424	Santa Margarida	MG	13
4425	Santa Margarida do Sul	RS	21
4426	Santa Maria	RN	20
4428	Santa Maria da Boa Vista	PE	17
4429	Santa Maria da Serra	SP	25
4430	Santa Maria da Vitória	BA	5
4431	Santa Maria das Barreiras	PA	14
4433	Santa Maria de Jetibá	ES	8
4434	Santa Maria do Cambucá	PE	17
4435	Santa Maria do Herval	RS	21
4436	Santa Maria do Oeste	PR	16
4437	Santa Maria do Pará	PA	14
4438	Santa Maria do Salto	MG	13
4440	Santa Maria do Tocantins	TO	27
4441	Santa Maria Madalena	RJ	19
4442	Santa Mariana	PR	16
4443	Santa Mercedes	SP	25
4444	Santa Mônica	PR	16
4445	Santa Quitéria	CE	6
4447	Santa Rita	MA	10
4448	Santa Rita	PB	15
4449	Santa Rita de Caldas	MG	13
4450	Santa Rita de Cássia	BA	5
4451	Santa Rita de Ibitipoca	MG	13
4452	Santa Rita de Jacutinga	MG	13
4454	Santa Rita do Araguaia	GO	9
4455	Santa Rita do Itueto	MG	13
4456	Santa Rita do Novo Destino	GO	9
4457	Santa Rita do Pardo	MS	12
4458	Santa Rita do Passa Quatro	SP	25
4460	Santa Rita do Tocantins	TO	27
4461	Santa Rita do Trivelato	MT	11
4462	Santa Rita D' Oeste	SP	25
4463	Santa Rosa	RS	21
4464	Santa Rosa da Serra	MG	13
4465	Santa Rosa de Goiás	GO	9
4466	Santa Rosa de Lima	SC	24
4468	Santa Rosa de Viterbo	SP	25
4469	Santa Rosa do Piauí	PI	18
4470	Santa Rosa do Purus	AC	1
4471	Santa Rosa do Sul	SC	24
4473	Santa Salete	SP	25
4474	Santa Teresa	ES	8
4475	Santa Teresinha	BA	5
4476	Santa Teresinha	PB	15
4477	Santa Tereza	RS	21
4478	Santa Tereza de Goiás	GO	9
4480	Santa Tereza do Tocantins	TO	27
4481	Santa Terezinha	MT	11
4482	Santa Terezinha	PE	17
4483	Santa Terezinha	SC	24
4484	Santa Terezinha de Goiás	GO	9
4485	Santa Terezinha de Itaipu	PR	16
4487	Santa Terezinha do Tocantins	TO	27
4488	Santa Vitória	MG	13
4489	Santa Vitória do Palmar	RS	21
4490	Santaluz	BA	5
4491	Santana	AP	3
4492	Santana	BA	5
4493	Santana da Boa Vista	RS	21
4495	Santana da Vargem	MG	13
4496	Santana de Cataguases	MG	13
4497	Santana de Mangueira	PB	15
4498	Santana de Parnaíba	SP	25
4499	Santana de Pirapama	MG	13
4500	Santana do Acaraú	CE	6
4502	Santana do Cariri	CE	6
4503	Santana do Deserto	MG	13
4504	Santana do Garambéu	MG	13
4505	Santana do Ipanema	AL	2
4506	Santana do Itararé	PR	16
4509	Santana do Manhuaçu	MG	13
4510	Santana do Maranhão	MA	10
4511	Santana do Matos	RN	20
4512	Santana do Mundaú	AL	2
4513	Santana do Paraíso	MG	13
4514	Santana do Piauí	PI	18
4516	Santana do São Francisco	SE	26
4517	Santana do Seridó	RN	20
4518	Santana dos Garrotes	PB	15
4519	Santana dos Montes	MG	13
4520	Santanópolis	BA	5
4521	Santarém	PA	14
4523	Santiago	RS	21
4524	Santiago do Sul	SC	24
4525	Santo Afonso	MT	11
4526	Santo Amaro	BA	5
4528	Santo Amaro das Brotas	SE	26
4529	Santo Amaro do Maranhão	MA	10
4530	Santo Anastácio	SP	25
4531	Santo André	PB	15
4532	Santo André	SP	25
4533	Santo Ângelo	RS	21
4534	Santo Antônio	RN	20
4536	Santo Antônio da Barra	GO	9
4537	Santo Antônio da Patrulha	RS	21
4538	Santo Antônio da Platina	PR	16
4539	Santo Antônio das Missões	RS	21
4540	Santo Antônio de Goiás	GO	9
4542	Santo Antônio de Lisboa	PI	18
4543	Santo Antônio de Pádua	RJ	19
4544	Santo Antônio de Posse	SP	25
4545	Santo Antônio do Amparo	MG	13
4546	Santo Antônio do Aracanguá	SP	25
4548	Santo Antônio do Caiuá	PR	16
4549	Santo Antônio do Descoberto	GO	9
4550	Santo Antônio do Grama	MG	13
4551	Santo Antônio do Içá	AM	4
4552	Santo Antônio do Itambé	MG	13
4553	Santo Antônio do Jacinto	MG	13
4554	Santo Antônio do Jardim	SP	25
4555	Santo Antônio do Leste	MT	11
4557	Santo Antônio do Monte	MG	13
4558	Santo Antônio do Palma	RS	21
4559	Santo Antônio do Paraíso	PR	16
4560	Santo Antônio do Pinhal	SP	25
4561	Santo Antônio do Planalto	RS	21
4562	Santo Antônio do Retiro	MG	13
4564	Santo Antônio do Sudoeste	PR	16
4565	Santo Antônio do Tauá	PA	14
4566	Santo Antônio dos Lopes	MA	10
4567	Santo Antônio dos Milagres	PI	18
4568	Santo Augusto	RS	21
4569	Santo Cristo	RS	21
4571	Santo Expedito	SP	25
4572	Santo Expedito do Sul	RS	21
4573	Santo Hipólito	MG	13
4574	Santo Inácio	PR	16
4575	Santo Inácio do Piauí	PI	18
4577	Santos	SP	25
4578	Santos Dumont	MG	13
4579	São Benedito	CE	6
4580	São Benedito do Rio Preto	MA	10
4581	São Benedito do Sul	PE	17
4582	São Bentinho	PB	15
4588	São Bento do Sul	SC	24
4589	São Bento do Tocantins	TO	27
4590	São Bento do Trairí	RN	20
4591	São Bento do Una	PE	17
4592	São Bernardino	SC	24
4593	São Bernardo	MA	10
4594	São Bernardo do Campo	SP	25
4595	São Bonifácio	SC	24
4596	São Borja	RS	21
4597	São Brás	AL	2
4598	São Brás do Suaçuí	MG	13
4599	São Braz do Piauí	PI	18
4600	São Caetano de Odivelas	PA	14
4601	São Caetano do Sul	SP	25
4602	São Caitano	PE	17
4603	São Carlos	SC	24
4604	São Carlos	SP	25
4605	São Carlos do Ivaí	PR	16
4606	São Cristóvão	SE	26
4607	São Cristovão do Sul	SC	24
4608	São Desidério	BA	5
4609	São Domingos	BA	5
4610	São Domingos	GO	9
4611	São Domingos	PB	15
4612	São Domingos	SC	24
4613	São Domingos	SE	26
4615	São Domingos do Araguaia	PA	14
4616	São Domingos do Azeitão	MA	10
4617	São Domingos do Capim	PA	14
4618	São Domingos do Cariri	PB	15
4619	São Domingos do Maranhão	MA	10
4620	São Domingos do Norte	ES	8
4623	São Felipe	BA	5
4625	São Félix	BA	5
4626	São Félix de Balsas	MA	10
4627	São Félix de Minas	MG	13
4628	São Félix do Araguaia	MT	11
4630	São Félix do Piauí	PI	18
4631	São Félix do Tocantins	TO	27
4632	São Félix do Xingu	PA	14
4633	São Fernando	RN	20
4634	São Fidélis	RJ	19
4635	São Francisco	MG	13
4636	São Francisco	PB	15
4638	São Francisco	SP	25
4639	São Francisco de Assis	RS	21
4640	São Francisco de Assis do Piauí	PI	18
4641	São Francisco de Goiás	GO	9
4642	São Francisco de Itabapoana	RJ	19
4644	São Francisco de Paula	RS	21
4645	São Francisco de Sales	MG	13
4646	São Francisco do Brejão	MA	10
4647	São Francisco do Conde	BA	5
4648	São Francisco do Glória	MG	13
4649	São Francisco do Guaporé	RO	22
4651	São Francisco do Oeste	RN	20
4652	São Francisco do Pará	PA	14
4653	São Francisco do Piauí	PI	18
4654	São Francisco do Sul	SC	24
4655	São Gabriel	BA	5
4656	São Gabriel	RS	21
4658	São Gabriel da Palha	ES	8
4659	São Gabriel do Oeste	MS	12
4660	São Geraldo	MG	13
4661	São Geraldo da Piedade	MG	13
4662	São Geraldo do Araguaia	PA	14
4663	São Geraldo do Baixio	MG	13
4665	São Gonçalo do Abaeté	MG	13
4666	São Gonçalo do Amarante	CE	6
4667	São Gonçalo do Amarante	RN	20
4668	São Gonçalo do Gurguéia	PI	18
4669	São Gonçalo do Pará	MG	13
4671	São Gonçalo do Rio Abaixo	MG	13
4672	São Gonçalo do Rio Preto	MG	13
4673	São Gonçalo do Sapucaí	MG	13
4674	São Gonçalo dos Campos	BA	5
4675	São Gotardo	MG	13
4676	São Jerônimo	RS	21
4678	São João	PE	17
4679	São João	PR	16
4680	São João Batista	MA	10
4681	São João Batista	SC	24
4682	São João Batista do Glória	MG	13
4683	São João da Baliza	RR	23
4684	São João da Barra	RJ	19
4686	São João da Canabrava	PI	18
4687	São João da Fronteira	PI	18
4688	São João da Lagoa	MG	13
4689	São João da Mata	MG	13
4690	São João da Paraúna	GO	9
4691	São João da Ponta	PA	14
4693	São João da Serra	PI	18
4694	São João da Urtiga	RS	21
4695	São João da Varjota	PI	18
4696	São João D' Aliança	GO	9
4698	São João das Missões	MG	13
4699	São João de Iracema	SP	25
4700	São João de Meriti	RJ	19
4701	São João de Pirabas	PA	14
4702	São João del Rei	MG	13
4703	São João do Araguaia	PA	14
4705	São João do Caiuá	PR	16
4706	São João do Cariri	PB	15
4707	São João do Carú	MA	10
4708	São João do Itaperiú	SC	24
4709	São João do Ivaí	PR	16
4710	São João do Jaguaribe	CE	6
4712	São João do Manteninha	MG	13
4713	São João do Oeste	SC	24
4714	São João do Oriente	MG	13
4715	São João do Pacuí	MG	13
4716	São João do Paraíso	MA	10
4717	São João do Paraíso	MG	13
4719	São João do Piauí	PI	18
4720	São João do Polêsine	RS	21
4721	São João do Rio do Peixe	PB	15
4722	São João do Sabugi	RN	20
4723	São João do Soter	MA	10
4724	São João do Sul	SC	24
4725	São João do Tigre	PB	15
4727	São João dos Patos	MA	10
4728	São João Evangelista	MG	13
4729	São João Nepomuceno	MG	13
4730	São Joaquim	SC	24
4731	São Joaquim da Barra	SP	25
4733	São Joaquim do Monte	PE	17
4734	São Jorge	RS	21
4736	São Jorge do Patrocínio	PR	16
4737	São Jorge D' Oeste	PR	16
4738	São José	SC	24
4740	São José da Bela Vista	SP	25
4741	São José da Boa Vista	PR	16
4742	São José da Coroa Grande	PE	17
4743	São José da Lagoa Tapada	PB	15
4744	São José da Laje	AL	2
4745	São José da Lapa	MG	13
4747	São José da Tapera	AL	2
4748	São José da Varginha	MG	13
4749	São José da Vitória	BA	5
4750	São José das Missões	RS	21
4752	São José de Caiana	PB	15
4753	São José de Espinharas	PB	15
4754	São José de Mipibu	RN	20
4755	São José de Piranhas	PB	15
4756	São José de Princesa	PB	15
4757	São José de Ribamar	MA	10
4758	São José de Ubá	RJ	19
4760	São José do Barreiro	SP	25
4761	São José do Belmonte	PE	17
4762	São José do Bonfim	PB	15
4763	São José do Brejo do Cruz	PB	15
4764	São José do Calçado	ES	8
4766	São José do Cedro	SC	24
4767	São José do Cerrito	SC	24
4768	São José do Divino	MG	13
4769	São José do Divino	PI	18
4770	São José do Egito	PE	17
4771	São José do Goiabal	MG	13
4773	São José do Hortêncio	RS	21
4774	São José do Inhacorá	RS	21
4775	São José do Jacuípe	BA	5
4776	São José do Jacuri	MG	13
4777	São José do Mantimento	MG	13
4778	São José do Norte	RS	21
4780	São José do Peixe	PI	18
4781	São José do Piauí	PI	18
4782	São José do Povo	MT	11
4783	São José do Rio Claro	MT	11
4785	São José do Rio Preto	SP	25
4786	São José do Sabugi	PB	15
4787	São José do Seridó	RN	20
4788	São José do Sul	RS	21
4789	São José do Vale do Rio Preto	RJ	19
4790	São José do Xingu	MT	11
4792	São José dos Basílios	MA	10
4793	São José dos Campos	SP	25
4794	São José dos Cordeiros	PB	15
4795	São José dos Pinhais	PR	16
4796	São José dos Quatro Marcos	MT	11
4797	São José dos Ramos	PB	15
4798	São Julião	PI	18
4800	São Lourenço	MG	13
4801	São Lourenço da Mata	PE	17
4802	São Lourenço da Serra	SP	25
4803	São Lourenço do Oeste	SC	24
4804	São Lourenço do Piauí	PI	18
4806	São Ludgero	SC	24
4807	São Luís	MA	10
4808	São Luís de Montes Belos	GO	9
4809	São Luís do Curu	CE	6
4810	São Luís do Paraitinga	SP	25
4811	São Luis do Piauí	PI	18
4813	São Luís Gonzaga do Maranhão	MA	10
4814	São Luiz	RR	23
4815	São Luíz do Norte	GO	9
4816	São Luiz Gonzaga	RS	21
4817	São Mamede	PB	15
4818	São Manoel do Paraná	PR	16
4819	São Manuel	SP	25
4821	São Martinho	RS	21
4822	São Martinho	SC	24
4823	São Martinho da Serra	RS	21
4824	São Mateus	ES	8
4826	São Mateus do Sul	PR	16
4827	São Miguel	RN	20
4828	São Miguel Arcanjo	SP	25
4829	São Miguel da Baixa Grande	PI	18
4830	São Miguel da Boa Vista	SC	24
4832	São Miguel das Missões	RS	21
4833	São Miguel de Taipu	PB	15
4834	São Miguel do Aleixo	SE	26
4835	São Miguel do Anta	MG	13
4836	São Miguel do Araguaia	GO	9
4837	São Miguel do Fidalgo	PI	18
4839	São Miguel do Guamá	PA	14
4840	São Miguel do Guaporé	RO	22
4841	São Miguel do Iguaçu	PR	16
4842	São Miguel do Oeste	SC	24
4843	São Miguel do Passa Quatro	GO	9
4844	São Miguel do Tapuio	PI	18
4846	São Miguel dos Campos	AL	2
4847	São Miguel dos Milagres	AL	2
4850	São Paulo	SP	25
4851	São Paulo das Missões	RS	21
4852	São Paulo de Olivença	AM	4
4853	São Paulo do Potengi	RN	20
4854	São Pedro	RN	20
4855	São Pedro	SP	25
4857	São Pedro da Aldeia	RJ	19
4858	São Pedro da Cipa	MT	11
4859	São Pedro da Serra	RS	21
4860	São Pedro da União	MG	13
4862	São Pedro de Alcântara	SC	24
4863	São Pedro do Butiá	RS	21
4864	São Pedro do Iguaçu	PR	16
4865	São Pedro do Ivaí	PR	16
4866	São Pedro do Paraná	PR	16
4867	São Pedro do Piauí	PI	18
4869	São Pedro do Sul	RS	21
4870	São Pedro do Turvo	SP	25
4871	São Pedro dos Crentes	MA	10
4872	São Pedro dos Ferros	MG	13
4873	São Rafael	RN	20
4874	São Raimundo das Mangabeiras	MA	10
4876	São Raimundo Nonato	PI	18
4877	São Roberto	MA	10
4878	São Romão	MG	13
4879	São Roque	SP	25
4880	São Roque de Minas	MG	13
4881	São Roque do Canaã	ES	8
4882	São Salvador do Tocantins	TO	27
4883	São Sebastião	AL	2
4885	São Sebastião da Amoreira	PR	16
4886	São Sebastião da Bela Vista	MG	13
4887	São Sebastião da Boa Vista	PA	14
4888	São Sebastião da Grama	SP	25
4890	São Sebastião de Lagoa de Roça	PB	15
4891	São Sebastião do Alto	RJ	19
4892	São Sebastião do Anta	MG	13
4893	São Sebastião do Caí	RS	21
4894	São Sebastião do Maranhão	MG	13
4895	São Sebastião do Oeste	MG	13
4896	São Sebastião do Paraíso	MG	13
4898	São Sebastião do Rio Preto	MG	13
4899	São Sebastião do Rio Verde	MG	13
4900	São Sebastião do Tocantins	TO	27
4901	São Sebastião do Uatumã	AM	4
4902	São Sebastião do Umbuzeiro	PB	15
4903	São Sepé	RS	21
4904	São Simão	GO	9
4906	São Thomé das Letras	MG	13
4907	São Tiago	MG	13
4908	São Tomás de Aquino	MG	13
4909	São Tomé	PR	16
4910	São Tomé	RN	20
4912	São Valentim do Sul	RS	21
4913	São Valério	TO	27
4914	São Valério do Sul	RS	21
4915	São Vendelino	RS	21
4916	São Vicente	RN	20
4918	São Vicente de Minas	MG	13
4919	São Vicente do Sul	RS	21
4920	São Vicente Ferrer	MA	10
4921	São Vicente Ferrer	PE	17
4922	Sapé	PB	15
4924	Sapezal	MT	11
4925	Sapiranga	RS	21
4926	Sapopema	PR	16
4927	Sapucaia	PA	14
4928	Sapucaia	RJ	19
4930	Sapucaí-Mirim	MG	13
4931	Saquarema	RJ	19
4932	Sarandi	PR	16
4933	Sarandi	RS	21
4934	Sarapuí	SP	25
4936	Sarutaiá	SP	25
4937	Sarzedo	MG	13
4938	Sátiro Dias	BA	5
4939	Satuba	AL	2
4940	Satubinha	MA	10
4942	Saudade do Iguaçu	PR	16
4943	Saudades	SC	24
4944	Saúde	BA	5
4945	Schroeder	SC	24
4947	Seara	SC	24
4948	Sebastianópolis do Sul	SP	25
4949	Sebastião Barros	PI	18
4950	Sebastião Laranjeiras	BA	5
4952	Seberi	RS	21
4953	Sede Nova	RS	21
4954	Segredo	RS	21
4955	Selbach	RS	21
4956	Selvíria	MS	12
4957	Sem-Peixe	MG	13
4959	Senador Alexandre Costa	MA	10
4960	Senador Amaral	MG	13
4961	Senador Canedo	GO	9
4962	Senador Cortes	MG	13
4964	Senador Firmino	MG	13
4965	Senador Georgino Avelino	RN	20
4966	Senador Guiomard	AC	1
4967	Senador José Bento	MG	13
4969	Senador La Rocque	MA	10
4970	Senador Modestino Gonçalves	MG	13
4972	Senador Rui Palmeira	AL	2
4973	Senador Sá	CE	6
4974	Senador Salgado Filho	RS	21
4975	Sengés	PR	16
4976	Senhor do Bonfim	BA	5
4977	Senhora de Oliveira	MG	13
4979	Senhora dos Remédios	MG	13
4980	Sentinela do Sul	RS	21
4981	Sento Sé	BA	5
4982	Serafina Corrêa	RS	21
4983	Sericita	MG	13
4984	Seridó	PB	15
4986	Sério	RS	21
4987	Seritinga	MG	13
4988	Seropédica	RJ	19
4989	Serra	ES	8
4991	Serra Azul	SP	25
4992	Serra Azul de Minas	MG	13
4993	Serra Branca	PB	15
4994	Serra da Raiz	PB	15
4996	Serra de São Bento	RN	20
4997	Serra do Mel	RN	20
4998	Serra do Navio	AP	3
4999	Serra do Ramalho	BA	5
5000	Serra do Salitre	MG	13
5001	Serra dos Aimorés	MG	13
5003	Serra Grande	PB	15
5004	Serra Negra	SP	25
5005	Serra Negra do Norte	RN	20
5006	Serra Nova Dourada	MT	11
5007	Serra Preta	BA	5
5009	Serra Talhada	PE	17
5010	Serrana	SP	25
5011	Serrania	MG	13
5012	Serrano do Maranhão	MA	10
5013	Serranópolis	GO	9
5015	Serranópolis do Iguaçu	PR	16
5016	Serranos	MG	13
5017	Serraria	PB	15
5018	Serrinha	BA	5
5019	Serrinha	RN	20
5020	Serrinha dos Pintos	RN	20
5021	Serrita	PE	17
5023	Serrolândia	BA	5
5024	Sertaneja	PR	16
5025	Sertânia	PE	17
5026	Sertanópolis	PR	16
5027	Sertão	RS	21
5029	Sertãozinho	PB	15
5030	Sertãozinho	SP	25
5031	Sete Barras	SP	25
5032	Sete de Setembro	RS	21
5033	Sete Lagoas	MG	13
5035	Setubinha	MG	13
5036	Severiano de Almeida	RS	21
5037	Severiano Melo	RN	20
5038	Severínia	SP	25
5039	Siderópolis	SC	24
5041	Sigefredo Pacheco	PI	18
5042	Silva Jardim	RJ	19
5043	Silvânia	GO	9
5044	Silvanópolis	TO	27
5046	Silveirânia	MG	13
5047	Silveiras	SP	25
5048	Silves	AM	4
5049	Silvianópolis	MG	13
5050	Simão Dias	SE	26
5052	Simões	PI	18
5053	Simões Filho	BA	5
5054	Simolândia	GO	9
5055	Simonésia	MG	13
5056	Simplício Mendes	PI	18
5057	Sinimbu	RS	21
5059	Siqueira Campos	PR	16
5060	Sirinhaém	PE	17
5061	Siriri	SE	26
5062	Sítio D' Abadia	GO	9
5064	Sítio do Quinto	BA	5
5065	Sítio Novo	MA	10
5066	Sítio Novo	RN	20
5067	Sítio Novo do Tocantins	TO	27
5068	Sobradinho	BA	5
5069	Sobradinho	RS	21
5071	Sobral	CE	6
5072	Sobrália	MG	13
5073	Socorro	SP	25
5074	Socorro do Piauí	PI	18
5075	Solânea	PB	15
5077	Soledade	RS	21
5078	Soledade de Minas	MG	13
5079	Solidão	PE	17
5080	Solonópole	CE	6
5082	Sonora	MS	12
5083	Sooretama	ES	8
5084	Sorocaba	SP	25
5085	Sorriso	MT	11
5086	Sossêgo	PB	15
5088	Sousa	PB	15
5089	Souto Soares	BA	5
5090	Sucupira	TO	27
5091	Sucupira do Norte	MA	10
5093	Sud Mennucci	SP	25
5094	Sul Brasil	SC	24
5095	Sulina	PR	16
5097	Sumé	PB	15
5098	Sumidouro	RJ	19
5099	Surubim	PE	17
5101	Suzanápolis	SP	25
5102	Suzano	SP	25
5103	Tabaí	RS	21
5104	Tabaporã	MT	11
5106	Tabatinga	AM	4
5107	Tabatinga	SP	25
5108	Tabira	PE	17
5109	Taboão da Serra	SP	25
5111	Taboleiro Grande	RN	20
5112	Tabuleiro	MG	13
5113	Tabuleiro do Norte	CE	6
5114	Tacaimbó	PE	17
5115	Tacaratu	PE	17
5116	Taciba	SP	25
5117	Tacima	PB	15
5119	Taguaí	SP	25
5120	Taguatinga	TO	27
5121	Taiaçu	SP	25
5122	Tailândia	PA	14
5123	Taió	SC	24
5125	Taipas do Tocantins	TO	27
5126	Taipu	RN	20
5127	Taiúva	SP	25
5128	Talismã	TO	27
5130	Tamarana	PR	16
5131	Tambaú	SP	25
5132	Tamboara	PR	16
5133	Tamboril	CE	6
5135	Tanabi	SP	25
5136	Tangará	RN	20
5137	Tangará	SC	24
5138	Tangará da Serra	MT	11
5139	Tanguá	RJ	19
5140	Tanhaçu	BA	5
5142	Tanque do Piauí	PI	18
5143	Tanque Novo	BA	5
5144	Tanquinho	BA	5
5145	Taparuba	MG	13
5146	Tapauá	AM	4
5147	Tapejara	PR	16
5149	Tapera	RS	21
5150	Taperoá	BA	5
5151	Taperoá	PB	15
5152	Tapes	RS	21
5154	Tapira	PR	16
5155	Tapiraí	MG	13
5156	Tapiraí	SP	25
5157	Tapiramutá	BA	5
5158	Tapiratiba	SP	25
5160	Taquara	RS	21
5161	Taquaraçu de Minas	MG	13
5162	Taquaral	SP	25
5163	Taquaral de Goiás	GO	9
5164	Taquarana	AL	2
5166	Taquaritinga	SP	25
5167	Taquaritinga do Norte	PE	17
5168	Taquarituba	SP	25
5169	Taquarivaí	SP	25
5171	Taquarussu	MS	12
5172	Tarabai	SP	25
5173	Tarauacá	AC	1
5174	Tarrafas	CE	6
5175	Tartarugalzinho	AP	3
5176	Tarumã	SP	25
5178	Tasso Fragoso	MA	10
5179	Tatuí	SP	25
5180	Tauá	CE	6
5181	Taubaté	SP	25
5183	Tavares	RS	21
5184	Tefé	AM	4
5185	Teixeira	PB	15
5186	Teixeira de Freitas	BA	5
5188	Teixeiras	MG	13
5189	Teixeirópolis	RO	22
5190	Tejuçuoca	CE	6
5191	Tejupá	SP	25
5192	Telêmaco Borba	PR	16
5193	Telha	SE	26
5195	Tenente Laurentino Cruz	RN	20
5196	Tenente Portela	RS	21
5197	Tenório	PB	15
5198	Teodoro Sampaio	BA	5
5199	Teodoro Sampaio	SP	25
5200	Teofilândia	BA	5
5202	Teolândia	BA	5
5203	Teotônio Vilela	AL	2
5204	Terenos	MS	12
5205	Teresina	PI	18
5207	Teresópolis	RJ	19
5208	Terezinha	PE	17
5209	Terezópolis de Goiás	GO	9
5210	Terra Alta	PA	14
5211	Terra Boa	PR	16
5354	Ubirajara	SP	25
5212	Terra de Areia	RS	21
5214	Terra Nova	PE	17
5215	Terra Nova do Norte	MT	11
5216	Terra Rica	PR	16
5217	Terra Roxa	PR	16
5218	Terra Roxa	SP	25
5220	Tesouro	MT	11
5221	Teutônia	RS	21
5222	Theobroma	RO	22
5223	Tianguá	CE	6
5224	Tibagi	PR	16
5226	Tibau do Sul	RN	20
5229	Tijucas	SC	24
5230	Tijucas do Sul	PR	16
5231	Timbaúba	PE	17
5233	Timbé do Sul	SC	24
5234	Timbiras	MA	10
5235	Timbó	SC	24
5236	Timbó Grande	SC	24
5237	Timburi	SP	25
5238	Timon	MA	10
5239	Timóteo	MG	13
5241	Tiradentes	MG	13
5242	Tiradentes do Sul	RS	21
5243	Tiros	MG	13
5244	Tobias Barreto	SE	26
5245	Tocantínia	TO	27
5247	Tocantins	MG	13
5248	Tocos do Moji	MG	13
5249	Toledo	MG	13
5250	Toledo	PR	16
5251	Tomar do Geru	SE	26
5253	Tombos	MG	13
5254	Tomé-Açu	PA	14
5255	Tonantins	AM	4
5256	Toritama	PE	17
5257	Torixoréu	MT	11
5259	Torre de Pedra	SP	25
5260	Torres	RS	21
5261	Torrinha	SP	25
5262	Touros	RN	20
5263	Trabiju	SP	25
5265	Tracunhaém	PE	17
5266	Traipu	AL	2
5267	Trairão	PA	14
5268	Trairi	CE	6
5270	Tramandaí	RS	21
5271	Travesseiro	RS	21
5272	Tremedal	BA	5
5273	Tremembé	SP	25
5274	Três Arroios	RS	21
5275	Três Barras	SC	24
5277	Três Cachoeiras	RS	21
5278	Três Corações	MG	13
5279	Três Coroas	RS	21
5280	Três de Maio	RS	21
5281	Três Forquilhas	RS	21
5283	Três Lagoas	MS	12
5284	Três Marias	MG	13
5285	Três Palmeiras	RS	21
5286	Três Passos	RS	21
5287	Três Pontas	MG	13
5289	Três Rios	RJ	19
5290	Treviso	SC	24
5291	Treze de Maio	SC	24
5292	Treze Tílias	SC	24
5293	Trindade	GO	9
5294	Trindade	PE	17
5296	Triunfo	PB	15
5297	Triunfo	PE	17
5298	Triunfo	RS	21
5299	Triunfo Potiguar	RN	20
5300	Trizidela do Vale	MA	10
5301	Trombas	GO	9
5303	Tubarão	SC	24
5304	Tucano	BA	5
5305	Tucumã	PA	14
5306	Tucunduva	RS	21
5307	Tucuruí	PA	14
5309	Tuiuti	SP	25
5310	Tumiritinga	MG	13
5311	Tunápolis	SC	24
5312	Tunas	RS	21
5314	Tuneiras do Oeste	PR	16
5315	Tuntum	MA	10
5316	Tupã	SP	25
5317	Tupaciguara	MG	13
5318	Tupanatinga	PE	17
5320	Tupanciretã	RS	21
5321	Tupandi	RS	21
5322	Tuparendi	RS	21
5323	Tuparetama	PE	17
5324	Tupãssi	PR	16
5325	Tupi Paulista	SP	25
5327	Tupiratins	TO	27
5328	Turiaçu	MA	10
5329	Turilândia	MA	10
5330	Turiúba	SP	25
5331	Turmalina	MG	13
5333	Turuçu	RS	21
5334	Tururu	CE	6
5335	Turvânia	GO	9
5336	Turvelândia	GO	9
5337	Turvo	PR	16
5339	Turvolândia	MG	13
5340	Tutóia	MA	10
5341	Uarini	AM	4
5342	Uauá	BA	5
5343	Ubá	MG	13
5345	Ubaíra	BA	5
5346	Ubaitaba	BA	5
5347	Ubajara	CE	6
5348	Ubaporanga	MG	13
5350	Ubatã	BA	5
5351	Ubatuba	SP	25
5352	Uberaba	MG	13
5353	Uberlândia	MG	13
5356	Ubiretama	RS	21
5357	Uchoa	SP	25
5358	Uibaí	BA	5
5360	Uirapuru	GO	9
5361	Uiraúna	PB	15
5362	Ulianópolis	PA	14
5364	Umarizal	RN	20
5365	Umbaúba	SE	26
5366	Umburanas	BA	5
5367	Umburatiba	MG	13
5368	Umbuzeiro	PB	15
5370	Umuarama	PR	16
5371	Una	BA	5
5372	Unaí	MG	13
5373	União	PI	18
5375	União da Vitória	PR	16
5376	União de Minas	MG	13
5377	União do Oeste	SC	24
5378	União do Sul	MT	11
5379	União dos Palmares	AL	2
5381	Uniflor	PR	16
5382	Unistalda	RS	21
5383	Upanema	RN	20
5384	Uraí	PR	16
5385	Urandi	BA	5
5386	Urânia	SP	25
5388	Uru	SP	25
5389	Uruaçu	GO	9
5390	Uruana	GO	9
5391	Uruana de Minas	MG	13
5392	Uruará	PA	14
5394	Uruburetama	CE	6
5395	Urucânia	MG	13
5396	Urucará	AM	4
5397	Uruçuca	BA	5
5398	Uruçuí	PI	18
5400	Urucurituba	AM	4
5401	Uruguaiana	RS	21
5402	Uruoca	CE	6
5403	Urupá	RO	22
5404	Urupema	SC	24
5406	Urussanga	SC	24
5407	Urutaí	GO	9
5408	Utinga	BA	5
5409	Vacaria	RS	21
5411	Vale do Anari	RO	22
5412	Vale do Paraíso	RO	22
5413	Vale do Sol	RS	21
5414	Vale Real	RS	21
5415	Vale Verde	RS	21
5416	Valença	BA	5
5418	Valença do Piauí	PI	18
5419	Valente	BA	5
5420	Valentim Gentil	SP	25
5421	Valinhos	SP	25
5422	Valparaíso	SP	25
5424	Vanini	RS	21
5425	Vargeão	SC	24
5426	Vargem	SC	24
5427	Vargem	SP	25
5428	Vargem Alegre	MG	13
5429	Vargem Alta	ES	8
5431	Vargem Bonita	SC	24
5432	Vargem Grande	MA	10
5433	Vargem Grande do Rio Pardo	MG	13
5434	Vargem Grande do Sul	SP	25
5436	Varginha	MG	13
5437	Varjão	GO	9
5438	Varjão de Minas	MG	13
5439	Varjota	CE	6
5440	Varre-Sai	RJ	19
5441	Várzea	PB	15
5442	Várzea	RN	20
5444	Várzea Branca	PI	18
5445	Várzea da Palma	MG	13
5446	Várzea da Roça	BA	5
5447	Várzea do Poço	BA	5
5448	Várzea Grande	MT	11
5450	Várzea Nova	BA	5
5451	Várzea Paulista	SP	25
5452	Varzedo	BA	5
5453	Varzelândia	MG	13
5454	Vassouras	RJ	19
5455	Vazante	MG	13
5457	Venda Nova do Imigrante	ES	8
5458	Venha-Ver	RN	20
5459	Ventania	PR	16
5460	Venturosa	PE	17
5461	Vera	MT	11
5463	Vera Cruz	RN	20
5464	Vera Cruz	RS	21
5465	Vera Cruz	SP	25
5466	Vera Cruz do Oeste	PR	16
5467	Vera Mendes	PI	18
5469	Verdejante	PE	17
5470	Verdelândia	MG	13
5471	Verê	PR	16
5472	Vereda	BA	5
5473	Veredinha	MG	13
5475	Vermelho Novo	MG	13
5476	Vertente do Lério	PE	17
5477	Vertentes	PE	17
5478	Vespasiano	MG	13
5480	Viadutos	RS	21
5481	Viamão	RS	21
5482	Viana	ES	8
5483	Viana	MA	10
5484	Vianópolis	GO	9
5485	Vicência	PE	17
5487	Vicentina	MS	12
5488	Vicentinópolis	GO	9
1	Abadia de Goiás	GO	9
2	Abadia dos Dourados	MG	13
9	Abatiá	PR	16
14	Abreu e Lima	PE	17
20	Acarape	CE	6
26	Acorizal	MT	11
31	Adamantina	SP	25
36	Afogados da Ingazeira	PE	17
43	Agricolândia	PI	18
50	Água Branca	PB	15
55	Água Doce do Maranhão	MA	10
63	Aguaí	SP	25
68	Águas de Lindóia	SP	25
74	Águas Mornas	SC	24
81	Aguiarnópolis	TO	27
88	Alagoa Grande	PB	15
94	Alambari	SP	25
100	Alcobaça	BA	5
105	Alegrete do Piauí	PI	18
112	Alfredo Chaves	ES	8
118	Aliança	PE	17
124	Almino Afonso	RN	20
130	Alpinópolis	MG	13
131	Alta Floresta	MT	11
134	Altamira	PA	14
140	Altinópolis	SP	25
144	Alto Alegre do Maranhão	MA	10
153	Alto Garças	MT	11
158	Alto Paraíso	PR	16
164	Alto Rio Doce	MG	13
171	Alvarães	AM	4
177	Alvinópolis	MG	13
181	Alvorada do Gurguéia	PI	18
189	Amaporã	PR	16
194	Amarante do Maranhão	MA	10
201	Américo Brasiliense	SP	25
208	Amparo de São Francisco	SE	26
215	Anajatuba	MA	10
221	Anapu	PA	14
227	Andaraí	BA	5
232	André da Rocha	RS	21
239	Angical	BA	5
244	Anguera	BA	5
250	Anísio de Abreu	PI	18
5490	Viçosa	MG	13
5491	Viçosa	RN	20
5493	Victor Graeff	RS	21
5494	Vidal Ramos	SC	24
5495	Videira	SC	24
5496	Vieiras	MG	13
5497	Vieirópolis	PB	15
5499	Vila Bela da Santíssima Trindade	MT	11
5500	Vila Boa	GO	9
5501	Vila Flor	RN	20
5502	Vila Flores	RS	21
5504	Vila Maria	RS	21
5505	Vila Nova do Piauí	PI	18
5506	Vila Nova do Sul	RS	21
5507	Vila Nova dos Martírios	MA	10
5508	Vila Pavão	ES	8
5509	Vila Propício	GO	9
5511	Vila Valério	ES	8
5512	Vila Velha	ES	8
5513	Vilhena	RO	22
5514	Vinhedo	SP	25
5515	Viradouro	SP	25
5517	Virgínia	MG	13
5518	Virginópolis	MG	13
5519	Virgolândia	MG	13
5520	Virmond	PR	16
5522	Viseu	PA	14
5523	Vista Alegre	RS	21
5524	Vista Alegre do Alto	SP	25
5525	Vista Alegre do Prata	RS	21
5526	Vista Gaúcha	RS	21
5527	Vista Serrana	PB	15
5528	Vitor Meireles	SC	24
5530	Vitória Brasil	SP	25
5531	Vitória da Conquista	BA	5
5532	Vitória das Missões	RS	21
5533	Vitória de Santo Antão	PE	17
5535	Vitória do Mearim	MA	10
5536	Vitória do Xingu	PA	14
5537	Vitorino	PR	16
5538	Vitorino Freire	MA	10
5539	Volta Grande	MG	13
5540	Volta Redonda	RJ	19
5542	Votuporanga	SP	25
5543	Wagner	BA	5
5544	Wall Ferraz	PI	18
5545	Wanderlândia	TO	27
5546	Wanderley	BA	5
5548	Wenceslau Braz	PR	16
5549	Wenceslau Guimarães	BA	5
5550	Westfalia	RS	21
5551	Witmarsum	SC	24
5552	Xambioá	TO	27
5554	Xangri-lá	RS	21
5555	Xanxerê	SC	24
5556	Xapuri	AC	1
5557	Xavantina	SC	24
5558	Xaxim	SC	24
5560	Xinguara	PA	14
5561	Xique-Xique	BA	5
5562	Zabelê	PB	15
5563	Zacarias	SP	25
5564	Zé Doca	MA	10
256	Antonina	PR	16
259	Antônio Cardoso	BA	5
263	Antônio Gonçalves	BA	5
270	Aparecida	SP	25
275	Aparecida D' Oeste	SP	25
282	Apodi	RN	20
288	Apuiarés	CE	6
293	Araçagi	PB	15
299	Aracatu	BA	5
305	Araçoiaba da Serra	SP	25
311	Aragominas	TO	27
317	Araguanã	MA	10
322	Araioses	MA	10
328	Arandu	SP	25
334	Arapongas	PR	16
339	Araputanga	MT	11
345	Ararendá	CE	6
351	Araruna	PB	15
356	Aratuípe	BA	5
362	Arco-Íris	SP	25
368	Areia	PB	15
373	Areias	SP	25
379	Aricanduva	MG	13
384	Ariranha do Ivaí	PR	16
390	Aroeiras do Itaim	PI	18
391	Arraial	PI	18
396	Arroio do Sal	RS	21
403	Arujá	SP	25
409	Assaré	CE	6
414	Assunção do Piauí	PI	18
421	Ataléia	MG	13
426	Augusto de Lima	MG	13
433	Aurora	CE	6
438	Avaí	SP	25
443	Avelinópolis	GO	9
450	Bacurituba	MA	10
455	Baía da Traição	PB	15
462	Baixo Guandu	ES	8
467	Balneário Barra do Sul	SC	24
475	Bambuí	MG	13
480	Bandeira do Sul	MG	13
487	Barão	RS	21
492	Barão de Melgaço	MT	11
499	Barbosa	SP	25
505	Barra	BA	5
510	Barra de Guabiraba	PE	17
516	Barra de São Miguel	PB	15
518	Barra do Chapéu	SP	25
519	Barra do Choça	BA	5
525	Barra do Ouro	TO	27
531	Barra do Turvo	SP	25
538	Barracão	RS	21
544	Barreirinhas	MA	10
550	Barro Alto	GO	9
555	Barroquinha	CE	6
561	Batalha	AL	2
567	Bayeux	PB	15
572	Bela Vista da Caroba	PR	16
578	Bela Vista do Toldo	SC	24
584	Belém do Brejo do Cruz	PB	15
592	Belo Horizonte	MG	13
598	Beneditinos	PI	18
603	Benjamin Constant do Sul	RS	21
610	Bernardino Batista	PB	15
617	Beruri	AM	4
623	Bicas	MG	13
628	Biritiba-Mirim	SP	25
634	Boa Esperança	PR	16
640	Boa Ventura de São Roque	PR	16
646	Boa Vista do Buricá	RS	21
648	Boa Vista do Gurupi	MA	10
655	Bocaina	PI	18
660	Bocaiúva do Sul	PR	16
667	Bom Despacho	MG	13
672	Bom Jardim de Goiás	GO	9
679	Bom Jesus da Lapa	BA	5
685	Bom Jesus do Araguaia	MT	11
691	Bom Jesus do Tocantins	PA	14
700	Bom Retiro do Sul	RS	21
705	Bom Sucesso do Sul	PR	16
711	Bonfinópolis de Minas	MG	13
719	Bonópolis	GO	9
725	Borá	SP	25
730	Borda da Mata	MG	13
737	Botuporã	BA	5
743	Bragança	PA	14
748	Brasil Novo	PA	14
754	Brasileira	PI	18
760	Braúnas	MG	13
765	Brejinho	RN	20
770	Brejo de Areia	MA	10
773	Brejo dos Santos	PB	15
774	Brejo Grande	SE	26
780	Breves	PA	14
785	Brotas de Macaúbas	BA	5
792	Buenos Aires	PE	17
798	Buri	SP	25
803	Buriti de Goiás	GO	9
808	Buritinópolis	GO	9
815	Butiá	RS	21
821	Cabaceiras do Paraguaçu	BA	5
827	Cabo de Santo Agostinho	PE	17
835	Caçapava do Sul	RS	21
841	Cachoeira da Prata	MG	13
847	Cachoeira do Sul	RS	21
853	Cachoeiras de Macacu	RJ	19
860	Cacimbas	PB	15
866	Caculé	BA	5
872	Caetité	BA	5
877	Cafezal do Sul	PR	16
884	Caiçara	RS	21
889	Cairu	BA	5
895	Cajazeiras	PB	15
900	Cajueiro da Praia	PI	18
903	Calçado	PE	17
905	Caldas	MG	13
910	Caldeirão Grande do Piauí	PI	18
917	Camalaú	PB	15
923	Camargo	RS	21
929	Cambuci	RJ	19
934	Camocim de São Félix	PE	17
941	Campestre do Maranhão	MA	10
947	Campina Grande do Sul	PR	16
955	Campo Alegre	AL	2
961	Campo Belo	MG	13
966	Campo do Meio	MG	13
973	Campo Grande do Piauí	PI	18
980	Campo Mourão	PR	16
986	Campos Altos	MG	13
991	Campos dos Goytacazes	RJ	19
999	Cana Verde	MG	13
1005	Canápolis	BA	5
1010	Canavieira	PI	18
1015	Candeias do Jamari	RO	22
1022	Cândido Rodrigues	SP	25
1029	Canguçu	RS	21
1030	Canhoba	SE	26
1031	Canhotinho	PE	17
1036	Canoinhas	SC	24
1042	Cantanhede	MA	10
1048	Capanema	PR	16
1053	Capão do Cipó	RS	21
1059	Capela do Alto	SP	25
1066	Capim Grosso	BA	5
1072	Capitão Andrade	MG	13
1077	Capitão Poço	PA	14
1084	Caputira	MG	13
1089	Caraguatatuba	SP	25
1096	Carapebus	RJ	19
1102	Caraúbas do Piauí	PI	18
1108	Cardoso Moreira	RJ	19
1114	Caridade do Piauí	PI	18
1121	Carlinda	MT	11
1127	Carmo	RJ	19
1132	Carmo do Paranaíba	MG	13
1139	Carnaúba dos Dantas	RN	20
1145	Caroebe	RR	23
1150	Carrasco Bonito	TO	27
1157	Casa Nova	BA	5
1160	Cascavel	CE	6
1162	Caseara	TO	27
1168	Cássia dos Coqueiros	SP	25
1175	Castelo do Piauí	PI	18
1181	Catanduva	SP	25
1186	Catas Altas da Noruega	MG	13
1194	Catuji	MG	13
1200	Caucaia	CE	6
1205	Caxias do Sul	RS	21
1212	Cedro de São João	SE	26
1217	Centenário do Sul	PR	16
1223	Centro Novo do Maranhão	MA	10
1231	Cerro Corá	RN	20
1236	Cesário Lange	SP	25
1243	Chalé	MG	13
1248	Chapada dos Guimarães	MT	11
1256	Charqueadas	RS	21
1262	Chiapetta	RS	21
1267	Chuí	RS	21
1272	Cidade Gaúcha	PR	16
1279	Claraval	MG	13
1285	Coaraci	BA	5
1290	Cocal dos Alves	PI	18
1291	Cocalinho	MT	11
1292	Cocalzinho de Goiás	GO	9
1298	Coité do Nóia	AL	2
1305	Colinas	RS	21
1311	Colombo	PR	16
1316	Colorado	RS	21
1321	Comendador Levy Gasparian	RJ	19
1327	Conceição da Barra de Minas	MG	13
1335	Conceição do Canindé	PI	18
1342	Conceição do Rio Verde	MG	13
1351	Conde	BA	5
1356	Confins	MG	13
1361	Congonhas do Norte	MG	13
1368	Consolação	MG	13
1374	Coqueiro Baixo	RS	21
1380	Cordeiro	RJ	19
1385	Cordislândia	MG	13
1392	Coroaci	MG	13
1397	Coronel Bicaco	RS	21
1404	Coronel José Dias	PI	18
1410	Coronel Sapucaia	MS	12
1415	Córrego do Ouro	GO	9
1416	Córrego Fundo	MG	13
1423	Corumbá	MS	12
1428	Corumbiara	RO	22
1433	Costa Marques	RO	22
1439	Couto de Magalhães de Minas	MG	13
1447	Cravinhos	SP	25
1453	Cristais	MG	13
1458	Cristalândia do Piauí	PI	18
1465	Cristino Castro	PI	18
1473	Cruz Alta	RS	21
1478	Cruzaltense	RS	21
1483	Cruzeiro do Sul	AC	1
1490	Cubati	PB	15
1495	Cujubim	RO	22
1501	Cunha Porã	SC	24
1507	Curionópolis	PA	14
1512	Currais Novos	RN	20
1519	Curuá	PA	14
1525	Cutias	AP	3
1531	Datas	MG	13
1536	Delfinópolis	MG	13
1542	Deputado Irapuan Pinheiro	CE	6
1545	Descanso	SC	24
1546	Descoberto	MG	13
1550	Dezesseis de Novembro	RS	21
1558	Dianópolis	TO	27
1563	Dionísio Cerqueira	SC	24
1570	Divino das Laranjeiras	MG	13
1576	Divinópolis do Tocantins	TO	27
1583	Dois Irmãos das Missões	RS	21
1591	Dom Basílio	BA	5
1596	Dom Feliciano	RS	21
1602	Dom Pedro de Alcântara	RS	21
1610	Dona Inês	PB	15
1615	Dores do Turvo	MG	13
1622	Dourados	MS	12
1627	Doutor Severiano	RN	20
1634	Dueré	TO	27
1640	Ecoporanga	ES	8
1646	Eldorado do Sul	RS	21
1652	Elísio Medrado	BA	5
1658	Emilianópolis	SP	25
1664	Engenheiro Beltrão	PR	16
1671	Entre Rios	BA	5
1673	Entre Rios de Minas	MG	13
1679	Equador	RN	20
1685	Ernestina	RS	21
1691	Esmeralda	RS	21
1696	Esperança Nova	PR	16
1703	Espírito Santo	RN	20
1709	Estação	RS	21
1715	Estreito	MA	10
1720	Estrela do Norte	GO	9
1726	Euclides da Cunha Paulista	SP	25
1734	Exu	PE	17
1739	Faria Lemos	MG	13
1744	Fartura	SP	25
1750	Faxinal do Soturno	RS	21
1756	Feijó	AC	1
1762	Feira Nova do Maranhão	MA	10
1768	Feliz Deserto	AL	2
1775	Fernando Pedroza	RN	20
1782	Ferros	MG	13
1787	Figueirópolis D' Oeste	MT	11
1794	Flor do Sertão	SC	24
1799	Flores	PE	17
1804	Floresta	PR	16
1809	Florestópolis	PR	16
1816	Fonte Boa	AM	4
1821	Formosa da Serra Negra	MA	10
1829	Forquilha	CE	6
1833	Fortaleza do Tabocão	TO	27
1842	Franca	SP	25
1847	Francisco Beltrão	PR	16
1853	Francisco Santos	PI	18
1859	Frei Inocêncio	MG	13
1866	Fronteira dos Vales	MG	13
1873	Gabriel Monteiro	SP	25
1879	Gameleira	PE	17
1885	Garça	SP	25
1890	Garuva	SC	24
1896	Gavião Peixoto	SP	25
1902	General Salgado	SP	25
1909	Girau do Ponciano	AL	2
1914	Glória de Dourados	MS	12
1921	Goiana	PE	17
1925	Goianésia	GO	9
1930	Goianorte	TO	27
1936	Gonçalves	MG	13
1942	Governador Archer	MA	10
1947	Governador Jorge Teixeira	RO	22
1955	Graça Aranha	MA	10
1961	Grandes Rios	PR	16
1967	Gravatá	PE	17
1973	Guabiju	RS	21
1978	Guaiçara	SP	25
1984	Guajará	AM	4
1990	Guanhães	MG	13
1995	Guapirama	PR	16
2001	Guaraçaí	SP	25
2006	Guaraciaba do Norte	CE	6
2013	Guarani	MG	13
2019	Guarantã do Norte	MT	11
2025	Guararema	SP	25
2031	Guariba	SP	25
2036	Guarulhos	SP	25
2042	Guimarães	MA	10
2048	Gurjão	PB	15
2053	Heitoraí	GO	9
2055	Heliópolis	BA	5
2056	Herculândia	SP	25
2061	Hidrolândia	GO	9
2067	Hortolândia	SP	25
2072	Humberto de Campos	MA	10
2080	Ibaiti	PR	16
2085	Ibatiba	ES	8
2090	Ibiaí	MG	13
2096	Ibicaré	SC	24
2102	Ibipitanga	BA	5
2107	Ibiraci	MG	13
2113	Ibirapuã	BA	5
2119	Ibitiara	BA	5
2124	Ibituruna	MG	13
2129	Icaraí de Minas	MG	13
2136	Ielmo Marinho	RN	20
2143	Igarapé	MG	13
2148	Igarassu	PE	17
2154	Iguaba Grande	RJ	19
2160	Iguatemi	MS	12
2165	Ilha Comprida	SP	25
2172	Ilhota	SC	24
2178	Imbé	RS	21
2184	Imperatriz	MA	10
2189	Inconfidentes	MG	13
2190	Indaiabira	MG	13
2196	Indianópolis	MG	13
2202	Ingá	PB	15
2208	Inhapi	AL	2
2214	Inocência	MS	12
2219	Ipanema	MG	13
2226	Ipecaetá	BA	5
2231	Ipiguá	SP	25
2236	Ipiranga do Norte	MT	11
2243	Iporã	PR	16
2248	Ipuaçu	SC	24
2254	Ipumirim	SC	24
2259	Iracemápolis	SP	25
2266	Irani	SC	24
2272	Irati	SC	24
2277	Irituia	PA	14
2283	Itabaiana	PB	15
2289	Itaberaí	GO	9
2294	Itaboraí	RJ	19
2300	Itacoatiara	AM	4
2306	Itagimirim	BA	5
2311	Itaguara	MG	13
2317	Itaiçaba	CE	6
2322	Itaipulândia	PR	16
2323	Itaitinga	CE	6
2324	Itaituba	PA	14
2329	Itaju	SP	25
2335	Itamarandiba	MG	13
2341	Itambé	BA	5
2346	Itamonte	MG	13
2352	Itanhomi	MG	13
2358	Itapagipe	MG	13
2363	Itapecerica da Serra	SP	25
2370	Itapetim	PE	17
2375	Itapevi	SP	25
2381	Itapirapuã	GO	9
2387	Itapoá	SC	24
2392	Itaporanga	SP	25
2398	Itapura	SP	25
2404	Itaquitinga	PE	17
2409	Itariri	SP	25
2415	Itatiba do Sul	RS	21
2421	Itaú de Minas	MG	13
2427	Itaúna do Sul	PR	16
2434	Itiruçu	BA	5
2440	Ituberá	BA	5
2445	Itupeva	SP	25
2451	Iuiú	BA	5
2457	Ivinhema	MS	12
2459	Ivorá	RS	21
2464	Jaborandi	SP	25
2470	Jacaraci	BA	5
2476	Jaci	SP	25
2481	Jacobina do Piauí	PI	18
2487	Jacutinga	MG	13
2493	Jaguarari	BA	5
2498	Jaguaribara	CE	6
2504	Jaíba	MG	13
2510	Jandaia	GO	9
2515	Janduís	RN	20
2521	Japaratinga	AL	2
2527	Japonvar	MG	13
2532	Jaquirana	RS	21
2538	Jardim	MS	12
2543	Jardim do Seridó	RN	20
2550	Jataí	GO	9
2556	Jatobá	PE	17
2561	Jauru	MT	11
2566	Jequiá da Praia	AL	2
2573	Jeriquara	SP	25
2579	Jijoca de Jericoacoara	CE	6
2586	Joanópolis	SP	25
2590	João Dias	RN	20
2593	João Monlevade	MG	13
2598	Joaquim Felício	MG	13
2605	Jóia	RS	21
2610	José Bonifácio	SP	25
2617	Joviânia	GO	9
2623	Juazeiro	BA	5
2629	Jucurutu	RN	20
2634	Júlio Mesquita	SP	25
2641	Jundiaí do Sul	PR	16
2647	Juquitiba	SP	25
2653	Juru	PB	15
2658	Juscimeira	MT	11
2663	Jussiape	BA	5
2669	Lacerdópolis	SC	24
2675	Lages	SC	24
2681	Lagoa Alegre	PI	18
2686	Lagoa D' Anta	RN	20
2692	Lagoa do Barro do Piauí	PI	18
2699	Lagoa dos Gatos	PE	17
2706	Lagoa Grande do Maranhão	MA	10
2713	Lagoa Vermelha	RS	21
2718	Laguna Carapã	MS	12
2722	Lajeado	TO	27
2728	Lajedo	PE	17
2734	Lambari	MG	13
2739	Lapão	BA	5
2744	Laranjal Paulista	SP	25
2751	Lauro Muller	SC	24
2756	Lavras do Sul	RS	21
2763	Lençóis Paulista	SP	25
2770	Licínio de Almeida	BA	5
2775	Limeira do Oeste	MG	13
2782	Lindóia do Sul	SC	24
2788	Livramento de Nossa Senhora	BA	5
2796	Lorena	SP	25
2801	Lucélia	SP	25
2806	Luís Antônio	SP	25
2813	Luiz Alves	SC	24
2819	Lupionópolis	PR	16
2825	Luzinópolis	TO	27
2831	Macapá	AP	3
2837	Macaúbas	BA	5
2842	Machadinho D' Oeste	RO	22
2849	Madeiro	PI	18
2850	Madre de Deus	BA	5
2856	Magalhães Barata	PA	14
2863	Mairiporã	SP	25
2869	Malacacheta	MG	13
2875	Malta	PB	15
2880	Mampituba	RS	21
2886	Mâncio Lima	AC	1
2891	Manfrinópolis	PR	16
2898	Manoel Emídio	PI	18
2904	Mantena	MG	13
2910	Maraã	AM	4
2916	Maracaju	MS	12
2921	Maragogipe	BA	5
2927	Marapoama	SP	25
2933	Maravilha	SC	24
2938	Marcelino Vieira	RN	20
2943	Marechal Cândido Rondon	PR	16
2952	Mariana	MG	13
2957	Maribondo	AL	2
2963	Marília	SP	25
2969	Maripá	PR	16
2974	Marmeleiro	PR	16
2980	Martinópolis	SP	25
2983	Maruim	SE	26
2988	Massapê do Piauí	PI	18
2995	Mata Verde	MG	13
3001	Mateus Leme	MG	13
3007	Matinha	MA	10
3012	Mato Grosso	PB	15
3018	Matões do Norte	MA	10
3024	Maturéia	PB	15
3030	Maurilândia do Tocantins	TO	27
3036	Medeiros Neto	BA	5
3043	Mendes Pimentel	MG	13
3050	Mesquita	MG	13
3055	Miguel Calmon	BA	5
3061	Milagres do Maranhão	MA	10
3068	Minas do Leão	RS	21
3075	Mirabela	MG	13
3081	Miradouro	MG	13
3086	Miranda do Norte	MA	10
3092	Mirante da Serra	RO	22
3099	Mirim Doce	SC	24
3105	Modelo	SC	24
3110	Mogi Guaçu	SP	25
3115	Mombaça	CE	6
3120	Mongaguá	SP	25
3125	Monsenhor Tabosa	CE	6
3132	Monte Alegre	RN	20
3136	Monte Alegre do Piauí	PI	18
3144	Monte Belo do Sul	RS	21
3150	Monte do Carmo	TO	27
3156	Monte Santo de Minas	MG	13
3163	Montes Altos	MA	10
3168	Montividiu do Norte	GO	9
3175	Mormaço	RS	21
3180	Morrinhos do Sul	RS	21
3187	Morro do Chapéu do Piauí	PI	18
3194	Morungaba	SP	25
3200	Muaná	PA	14
3206	Mucurici	ES	8
3211	Mulungu do Morro	BA	5
3217	Muniz Ferreira	BA	5
3224	Murici dos Portelas	PI	18
3230	Mutunópolis	GO	9
3235	Não-Me-Toque	RS	21
3238	Natal	RN	20
3240	Natércia	MG	13
3246	Naviraí	MS	12
3251	Nazaré Paulista	SP	25
3258	Nerópolis	GO	9
3263	Nilo Peçanha	BA	5
3270	Nísia Floresta	RN	20
3276	Nortelândia	MT	11
3280	Nossa Senhora das Graças	PR	16
3287	Nova Aliança do Ivaí	PR	16
3296	Nova Bandeirantes	MT	11
3301	Nova Brasilândia D' Oeste	RO	22
3309	Nova Castilho	SP	25
3315	Nova Esperança	PR	16
3322	Nova Floresta	PB	15
3327	Nova Guataporanga	SP	25
3334	Nova Ipixuna	PA	14
3340	Nova Londrina	PR	16
3346	Nova Monte Verde	MT	11
3353	Nova Olinda	PB	15
3358	Nova Palma	RS	21
3364	Nova Prata do Iguaçu	PR	16
3366	Nova Redenção	BA	5
3373	Nova Santa Helena	MT	11
3380	Nova Timboteua	PA	14
3385	Nova Venécia	ES	8
3392	Novo Airão	AM	4
3398	Novo Cruzeiro	MG	13
3404	Novo Horizonte do Norte	MT	11
3411	Novo Mundo	MT	11
3416	Novo Progresso	PA	14
3423	Novo Xingu	RS	21
3429	Oeiras	PI	18
3434	Olho D' Água	PB	15
3440	Olho D' Água do Borges	RN	20
3448	Oliveira	MG	13
3453	Onça de Pitangui	MG	13
3460	Orizona	GO	9
3466	Ortigueira	PR	16
3471	Otacílio Costa	SC	24
3478	Ouro	SC	24
3483	Ouro Preto	MG	13
3488	Ouro Verde de Goiás	GO	9
3491	Ouroeste	SP	25
3496	Pacajus	CE	6
3502	Pacujá	CE	6
3507	Paes Landim	PI	18
3513	Painel	SC	24
3519	Palestina de Goiás	GO	9
3525	Palmácia	CE	6
3531	Palmas de Monte Alto	BA	5
3536	Palmeira D' Oeste	SP	25
3543	Palmeiras do Tocantins	TO	27
3550	Palmitinho	RS	21
3556	Pancas	ES	8
3562	Papanduva	SC	24
3567	Paracuru	CE	6
3572	Paraíba do Sul	RJ	19
3579	Paraíso do Sul	RS	21
3586	Paranã	TO	27
3591	Paranaíta	MT	11
3597	Paranavaí	PR	16
3603	Paraty	RJ	19
3608	Pardinho	SP	25
3614	Paripiranga	BA	5
3620	Parnamirim	PE	17
3622	Parnarama	MA	10
3624	Passa e Fica	RN	20
3630	Passagem	RN	20
3635	Passo de Camaragibe	AL	2
3642	Patis	MG	13
3647	Patos do Piauí	PI	18
3654	Pau D' Arco	PA	14
3659	Pauini	AM	4
3664	Paulino Neves	MA	10
3671	Paulo Bento	RS	21
3677	Pavão	MG	13
3683	Pederneiras	SP	25
3688	Pedra Branca	CE	6
3693	Pedra Dourada	MG	13
3700	Pedranópolis	SP	25
3707	Pedreira	SP	25
3712	Pedro Afonso	TO	27
3717	Pedro do Rosário	MA	10
3724	Pedro Teixeira	MG	13
3731	Penaforte	CE	6
3736	Penha	SC	24
3742	Perdizes	MG	13
3748	Periquito	MG	13
3752	Pérola	PR	16
3758	Petrolândia	PE	17
3763	Piaçabuçu	AL	2
3769	Piçarra	PA	14
3774	Piedade de Ponte Nova	MG	13
3781	Pilar de Goiás	GO	9
3787	Pimenta Bueno	RO	22
3794	Pindobaçu	BA	5
3800	Pinhal	RS	21
3806	Pinhalzinho	SP	25
3811	Pinheiro	MA	10
3817	Pio IX	PI	18
3823	Piracanjuba	GO	9
3828	Piraí do Norte	BA	5
3835	Pirangi	SP	25
3840	Pirapemas	MA	10
3846	Piraquara	PR	16
3852	Piraúba	MG	13
3857	Piripiri	PI	18
3863	Pitangui	MG	13
3869	Plácido de Castro	AC	1
3875	Planalto	RS	21
3881	Poá	SP	25
3883	Poção de Pedras	MA	10
3885	Poço Branco	RN	20
3889	Poço de José de Moura	PB	15
3897	Pojuca	BA	5
3903	Pompéu	MG	13
3909	Pontal do Araguaia	MT	11
3915	Ponte Alta do Bom Jesus	TO	27
3921	Ponte Serrada	SC	24
3928	Populina	SP	25
3934	Portalegre	RN	20
3940	Portelândia	GO	9
3944	Porto Alegre do Norte	MT	11
3952	Porto de Moz	PA	14
3957	Porto Estrela	MT	11
3964	Porto Mauá	RS	21
3970	Porto Rico do Maranhão	MA	10
3977	Porto Xavier	RS	21
3983	Potirendaba	SP	25
3988	Pouso Redondo	SC	24
3995	Prados	MG	13
4000	Pranchita	PR	16
4006	Pratinha	MG	13
4010	Presidente Castello Branco	SC	24
4012	Presidente Dutra	BA	5
4014	Presidente Epitácio	SP	25
4020	Presidente Juscelino	RN	20
4026	Presidente Médici	RO	22
4033	Presidente Venceslau	SP	25
4039	Primeiro de Maio	PR	16
4046	Protásio Alves	RS	21
4052	Puxinanã	PB	15
4058	Quatiguá	PR	16
4063	Quatro Pontes	PR	16
4070	Queiroz	SP	25
4076	Quijingue	BA	5
4081	Quipapá	PE	17
4087	Quixabá	PB	15
4093	Rafael Fernandes	RN	20
4099	Rancho Alegre	PR	16
4105	Realeza	PR	16
4111	Redenção	PA	14
4116	Regeneração	PI	18
4123	Renascença	PR	16
4128	Reserva do Cabaçal	MT	11
4134	Retirolândia	BA	5
4138	Riachão do Bacamarte	PB	15
4141	Riachão do Poço	PB	15
4147	Riacho de Santana	RN	20
4154	Rialma	GO	9
4159	Ribeira do Amparo	BA	5
4165	Ribeirão Cascalheira	MT	11
4172	Ribeirão dos Índios	SP	25
4180	Rifaina	SP	25
4186	Rio Bom	PR	16
4191	Rio Branco do Ivaí	PR	16
4198	Rio da Conceição	TO	27
4204	Rio de Janeiro	RJ	19
4211	Rio do Sul	SC	24
4216	Rio Espera	MG	13
4221	Rio Grande do Piauí	PI	18
4228	Rio Novo	MG	13
4233	Rio Piracicaba	MG	13
4240	Rio Sono	TO	27
4246	Riozinho	RS	21
4252	Rochedo de Minas	MG	13
4257	Rodolfo Fernandes	RN	20
4264	Romelândia	SC	24
4266	Ronda Alta	RS	21
4271	Rondonópolis	MT	11
4277	Rosário do Catete	SE	26
4284	Rubiácea	SP	25
4290	Ruy Barbosa	BA	5
4296	Saboeiro	CE	6
4301	Saldanha Marinho	RS	21
4308	Salgado	SE	26
4313	Salinas da Margarida	BA	5
4320	Salto	SP	25
4325	Salto do Jacuí	RS	21
4330	Salvador das Missões	RS	21
4339	Sangão	SC	24
4344	Santa Bárbara	BA	5
4349	Santa Bárbara do Pará	PA	14
4357	Santa Cecília	SC	24
4364	Santa Cruz	RN	20
4368	Santa Cruz da Esperança	SP	25
4376	Santa Cruz do Capibaribe	PE	17
4382	Santa Cruz dos Milagres	PI	18
4389	Santa Fé do Sul	SP	25
4392	Santa Filomena do Maranhão	MA	10
4399	Santa Helena de Minas	MG	13
4406	Santa Isabel do Ivaí	PR	16
4415	Santa Luzia	BA	5
4419	Santa Luzia do Itanhy	SE	26
4427	Santa Maria	RS	21
4432	Santa Maria de Itabira	MG	13
4439	Santa Maria do Suaçuí	MG	13
4446	Santa Quitéria do Maranhão	MA	10
4453	Santa Rita de Minas	MG	13
4459	Santa Rita do Sapucaí	MG	13
4467	Santa Rosa de Lima	SE	26
4472	Santa Rosa do Tocantins	TO	27
4479	Santa Tereza do Oeste	PR	16
4486	Santa Terezinha do Progresso	SC	24
4494	Santana da Ponte Pensa	SP	25
4501	Santana do Araguaia	PA	14
4507	Santana do Jacaré	MG	13
4508	Sant' Ana do Livramento	RS	21
4515	Santana do Riacho	MG	13
4522	Santarém Novo	PA	14
4527	Santo Amaro da Imperatriz	SC	24
4535	Santo Antônio da Alegria	SP	25
4541	Santo Antônio de Jesus	BA	5
4547	Santo Antônio do Aventureiro	MG	13
4556	Santo Antônio do Leverger	MT	11
4563	Santo Antônio do Rio Abaixo	MG	13
4570	Santo Estêvão	BA	5
4576	Santópolis do Aguapeí	SP	25
4583	São Bento	MA	10
4584	São Bento	PB	15
4585	São Bento Abade	MG	13
4586	São Bento do Norte	RN	20
4587	São Bento do Sapucaí	SP	25
4614	São Domingos das Dores	MG	13
4621	São Domingos do Prata	MG	13
4622	São Domingos do Sul	RS	21
4624	São Felipe D' Oeste	RO	22
4629	São Félix do Coribe	BA	5
4637	São Francisco	SE	26
4643	São Francisco de Paula	MG	13
4650	São Francisco do Maranhão	MA	10
4657	São Gabriel da Cachoeira	AM	4
4664	São Gonçalo	RJ	19
4670	São Gonçalo do Piauí	PI	18
4677	São Jerônimo da Serra	PR	16
4685	São João da Boa Vista	SP	25
4692	São João da Ponte	MG	13
4697	São João das Duas Pontes	SP	25
4704	São João do Arraial	PI	18
4711	São João do Manhuaçu	MG	13
4718	São João do Pau D' Alho	SP	25
4726	São João do Triunfo	PR	16
4732	São Joaquim de Bicas	MG	13
4735	São Jorge do Ivaí	PR	16
4739	São José da Barra	MG	13
4746	São José da Safira	MG	13
4751	São José das Palmeiras	PR	16
4759	São José do Alegre	MG	13
4765	São José do Campestre	RN	20
4772	São José do Herval	RS	21
4779	São José do Ouro	RS	21
4784	São José do Rio Pardo	SP	25
4791	São José dos Ausentes	RS	21
4799	São Leopoldo	RS	21
4805	São Lourenço do Sul	RS	21
4812	São Luís do Quitunde	AL	2
4820	São Marcos	RS	21
4825	São Mateus do Maranhão	MA	10
4831	São Miguel das Matas	BA	5
4838	São Miguel do Gostoso	RN	20
4845	São Miguel do Tocantins	TO	27
4848	São Nicolau	RS	21
4849	São Patrício	GO	9
4856	São Pedro da Água Branca	MA	10
4861	São Pedro das Missões	RS	21
4868	São Pedro do Suaçuí	MG	13
4875	São Raimundo do Doca Bezerra	MA	10
4884	São Sebastião	SP	25
4889	São Sebastião da Vargem Alegre	MG	13
4897	São Sebastião do Passé	BA	5
4905	São Simão	SP	25
4911	São Valentim	RS	21
4917	São Vicente	SP	25
4923	Sapeaçu	BA	5
4929	Sapucaia do Sul	RS	21
4935	Sardoá	MG	13
4941	Saubara	BA	5
4946	Seabra	BA	5
4951	Sebastião Leal	PI	18
4958	Sena Madureira	AC	1
4963	Senador Elói de Souza	RN	20
4968	Senador José Porfírio	PA	14
4971	Senador Pompeu	CE	6
4978	Senhora do Porto	MG	13
4985	Seringueiras	RO	22
4990	Serra Alta	SC	24
4995	Serra da Saudade	MG	13
5002	Serra Dourada	BA	5
5008	Serra Redonda	PB	15
5014	Serranópolis de Minas	MG	13
5022	Serro	MG	13
5028	Sertão Santana	RS	21
5034	Sete Quedas	MS	12
5040	Sidrolândia	MS	12
5045	Silveira Martins	RS	21
5051	Simão Pereira	MG	13
5058	Sinop	MT	11
5063	Sítio do Mato	BA	5
5070	Sobrado	PB	15
5076	Soledade	PB	15
5081	Sombrio	SC	24
5087	Soure	PA	14
5092	Sucupira do Riachão	MA	10
5096	Sumaré	SP	25
5100	Sussuapara	PI	18
5105	Tabapuã	SP	25
5110	Tabocas do Brejo Velho	BA	5
5118	Tacuru	MS	12
5124	Taiobeiras	MG	13
5129	Tamandaré	PE	17
5134	Tamboril do Piauí	PI	18
5141	Tanque D' Arca	AL	2
5148	Tapejara	RS	21
5153	Tapira	MG	13
5159	Tapurah	MT	11
5165	Taquari	RS	21
5170	Taquaruçu do Sul	RS	21
5177	Tarumirim	MG	13
5182	Tavares	PB	15
5187	Teixeira Soares	PR	16
5194	Tenente Ananias	RN	20
5201	Teófilo Otoni	MG	13
5206	Teresina de Goiás	GO	9
5213	Terra Nova	BA	5
5219	Terra Santa	PA	14
5225	Tibau	RN	20
5227	Tietê	SP	25
5228	Tigrinhos	SC	24
5232	Timbaúba dos Batistas	RN	20
5240	Tio Hugo	RS	21
5246	Tocantinópolis	TO	27
5252	Tomazina	PR	16
5258	Toropi	RS	21
5264	Tracuateua	PA	14
5269	Trajano de Moraes	RJ	19
5276	Três Barras do Paraná	PR	16
5282	Três Fronteiras	SP	25
5288	Três Ranchos	GO	9
5295	Trindade do Sul	RS	21
5302	Trombudo Central	SC	24
5308	Tufilândia	MA	10
5313	Tunas do Paraná	PR	16
5319	Tupanci do Sul	RS	21
5326	Tupirama	TO	27
5332	Turmalina	SP	25
5338	Turvo	SC	24
5344	Ubaí	MG	13
5349	Ubarana	SP	25
5355	Ubiratã	PR	16
5359	Uiramutã	RR	23
5363	Umari	CE	6
5369	Umirim	CE	6
5374	União da Serra	RS	21
5380	União Paulista	SP	25
5387	Urbano Santos	MA	10
5393	Urubici	SC	24
5399	Urucuia	MG	13
5405	Urupês	SP	25
5410	Vale de São Domingos	MT	11
5417	Valença	RJ	19
5423	Valparaíso de Goiás	GO	9
5430	Vargem Bonita	MG	13
5435	Vargem Grande Paulista	SP	25
5443	Várzea Alegre	CE	6
5449	Várzea Grande	PI	18
5456	Venâncio Aires	RS	21
5462	Vera Cruz	BA	5
5468	Veranópolis	RS	21
5474	Veríssimo	MG	13
5479	Vespasiano Correa	RS	21
5486	Vicente Dutra	RS	21
5489	Viçosa	AL	2
5492	Viçosa do Ceará	CE	6
5498	Vigia	PA	14
5503	Vila Lângaro	RS	21
5510	Vila Rica	MT	11
5516	Virgem da Lapa	MG	13
5521	Visconde do Rio Branco	MG	13
5529	Vitória	ES	8
5534	Vitória do Jari	AP	3
5541	Votorantim	SP	25
5547	Wenceslau Braz	MG	13
5553	Xambrê	PR	16
5559	Xexéu	PE	17
5565	Zortéa	SC	24
\.


--
-- Data for Name: situacaodaplanta; Type: TABLE DATA; Schema: mapbiogas; Owner: postgres
--

COPY mapbiogas.situacaodaplanta (id, nome) FROM stdin;
1	Em Operação
2	Em Construção
3	Em Reforma
\.


--
-- Data for Name: tecnologia; Type: TABLE DATA; Schema: mapbiogas; Owner: postgres
--

COPY mapbiogas.tecnologia (id, nome) FROM stdin;
1	Biodigestor
2	Compostagem
\.


--
-- Data for Name: unidade; Type: TABLE DATA; Schema: mapbiogas; Owner: postgres
--

COPY mapbiogas.unidade (id, anodeiniciooperacao, biogasparabiometano, biogasparaenergiaeletrica, biogasparaenergiamecanica, biogasparaenergiatermica, codigo, dataalteracao, datacadastro, emissaodegeeevitado, latitude, longitude, producaoanual, producaobiogasano, producaobiogasdia, producaodiaria, valorestimado, volumecompostagemano, volumecompostagemdia, volumedejetotratadoano, volumedejetotratadodia, escala_id, fontedosubstrato_id, municipio_id, situacaodaplanta_id, tecnologia_id) FROM stdin;
324	2017	f	t	f	f	213	2020-03-30 11:11:18.608	2018-10-13 11:07:57.592	0	-19.0011100000000006	-46.3091666700000033	0	589959	1616	0	t	0	0	0	0	1	1	1132	1	1
325	2017	f	t	f	f	214	2020-03-30 11:12:20.165	2018-10-13 11:07:57.592	0	-23.0430555599999991	-47.3686111100000034	0	165367	453	0	t	0	0	0	0	2	1	1649	1	1
326	2017	f	t	f	f	216	2020-03-30 11:13:22.473	2018-10-13 11:07:57.592	0	-18.9849999999999994	-47.4647222199999987	0	168049	460	0	t	0	0	0	0	2	3	2262	1	1
276	2015	f	t	f	f	336	2020-03-31 10:20:37.597	2018-10-13 11:07:57.592	0	-19.3516699999999986	-47.2913888900000003	0	178775	489	0	t	0	0	0	0	2	1	3742	2	1
167	2018	f	t	f	f	337	2020-03-31 10:21:37.363	2018-10-13 11:07:57.592	0	-20.7003999999999984	-41.1835999999999984	0	502806	1377	0	t	0	0	0	0	1	1	857	2	1
277	2015	f	t	f	f	338	2020-03-31 10:22:35.943	2018-10-13 11:07:57.592	0	-23.0880599999999987	-47.2077777800000007	0	167602	459	0	t	0	0	0	0	2	1	2192	2	1
168	2015	f	t	f	f	339	2020-03-31 10:23:45.922	2018-10-13 11:07:57.592	0	-12.5466700000000007	-55.7263888900000026	0	2234695	6122	0	t	0	0	0	0	3	1	5085	1	1
280	2019	f	t	f	f	342	2020-03-31 10:27:12.563	2018-10-13 11:07:57.592	0	-22.4175000000000004	-54.2308333300000029	0	167602	459	0	t	0	0	0	0	2	1	1914	1	1
281	2015	f	t	f	f	343	2020-03-31 10:30:09.817	2018-10-13 11:07:57.592	0	-23.4155599999999993	-51.4263888899999984	0	167602	459	0	t	0	0	0	0	2	1	334	1	1
169	2015	f	t	f	f	344	2020-03-31 10:31:14.08	2018-10-13 11:07:57.592	0	-20.4544400000000017	-42.6652777799999967	0	167602	459	429	t	0	0	0	0	2	1	2565	1	1
282	2015	f	t	f	f	345	2020-03-31 10:32:22.585	2018-10-13 11:07:57.592	0	-20.4544400000000017	-42.6652777799999967	0	167602	459	0	t	0	0	0	0	2	1	2565	1	1
170	2015	f	t	f	f	346	2020-03-31 10:33:17.983	2018-10-13 11:07:57.592	0	-24.3169399999999989	-52.5275000000000034	0	335204	918	0	t	0	0	0	0	2	1	2878	1	1
283	2015	f	t	f	f	347	2020-03-31 10:34:18.826	2018-10-13 11:07:57.592	0	-22.7338899999999988	-53.0405555600000014	0	446939	1224	0	t	0	0	0	0	2	1	2962	1	1
171	2018	f	t	f	f	348	2020-03-31 10:35:25.056	2018-10-13 11:07:57.592	0	-20.3704000000000001	-42.3586999999999989	0	167602	459	0	t	0	0	0	0	2	1	3010	1	1
286	2015	f	t	f	f	352	2020-03-31 10:46:39.332	2018-10-13 11:07:57.592	0	-19.3516699999999986	-47.2913888900000003	0	167602	459	0	t	0	0	0	0	2	1	3742	1	1
173	2015	f	t	f	f	353	2020-03-31 10:47:38.655	2018-10-13 11:07:57.592	0	-12.5466700000000007	-55.7263888900000026	0	558673	1530	0	t	0	0	0	0	1	1	5085	1	1
287	2018	f	t	f	f	354	2020-03-31 10:48:36.627	2018-10-13 11:07:57.592	0	-18.6905000000000001	-46.4962000000000018	0	167602	459	0	t	0	0	0	0	2	1	3646	1	1
288	2015	f	t	f	f	355	2020-03-31 10:49:51.619	2018-10-13 11:07:57.592	0	-21.9983299999999993	-45.2933333300000029	0	167602	459	0	t	0	0	0	0	2	3	2576	1	1
5	2006	f	t	f	f	26	2020-04-01 17:44:46.516	2018-10-13 11:07:57.592	0	-25.045774999999999	-53.7832440000000034	0	525600	1440	0	f	0	0	0	0	1	3	1237	1	1
4	2016	f	t	f	f	25	2020-03-24 13:55:08.961	2018-10-13 11:07:57.592	0	-25.5616960000000013	-54.5894660000000016	0	18250	50	0	f	0	0	0	0	2	9	1839	1	1
3	2013	f	t	f	t	17	2020-03-27 17:40:01.393	2018-10-13 11:07:57.592	0	-19.9127550000000006	-44.0133330000000029	0	43800000	120000	0	f	0	0	0	0	6	8	592	1	1
34	2008	f	f	f	t	83	2020-03-27 17:41:16.626	2018-10-13 11:07:57.592	0	-21.3182399999999994	-48.1274000000000015	0	2000000	5479	0	f	0	0	0	0	3	4	3994	1	1
26	2013	f	f	f	t	53	2020-03-27 11:05:14.406	2018-10-13 11:07:57.592	0	-24.4271859600472006	-53.9774417842558023	0	1665000	6660	0	f	0	0	0	0	3	6	3376	3	1
37	2012	f	f	f	t	102	2020-03-27 11:36:23.113	2018-10-13 11:07:57.592	0	-25.2847690000000007	-54.1045200000000008	0	876000	2400	0	f	0	0	0	0	1	5	3037	1	1
6	2017	f	t	f	f	29	2020-03-27 17:40:21.375	2018-10-13 11:07:57.592	0	-25.1480950000000014	-54.3406560000000027	0	341908	936	0	f	0	0	0	0	2	1	2322	1	1
25	2013	f	f	f	t	52	2020-03-27 17:40:44.647	2018-10-13 11:07:57.592	0	-23.0641543390369996	-52.6043196502490034	0	2775000	7602	0	f	0	0	0	0	3	6	3597	1	1
27	2014	f	f	f	t	54	2020-03-27 17:40:49.876	2018-10-13 11:07:57.592	0	-22.7377439736234983	-50.3663014411393988	0	1665000	4561	0	f	0	0	0	0	3	6	1021	1	1
28	2014	f	f	f	t	55	2020-03-27 17:40:52.622	2018-10-13 11:07:57.592	0	-22.7367241773381998	-50.3655677054300028	0	925000	2534	0	f	0	0	0	0	3	6	1021	1	1
29	2013	f	f	f	t	56	2020-03-27 17:40:55.403	2018-10-13 11:07:57.592	0	-13.0938115406564002	-39.279058509736501	0	1202500	3294	0	f	0	0	0	0	3	6	4541	1	1
30	2013	f	f	f	t	57	2020-03-27 17:40:58.043	2018-10-13 11:07:57.592	0	-23.9661904003470987	-55.0149019809546971	0	1387500	3801	0	f	0	0	0	0	3	6	5034	1	1
31	2012	f	f	f	t	59	2020-03-27 17:41:00.589	2018-10-13 11:07:57.592	0	-24.3857824170525994	-53.5734958761225997	0	750000	2054	0	f	0	0	0	0	1	6	412	1	1
32	2005	f	t	t	f	67	2020-03-27 17:41:03.099	2018-10-13 11:07:57.592	0	-24.7824929999999988	-53.7617210000000014	0	205592	563	0	f	0	0	0	0	2	1	5250	1	1
33	2015	f	t	f	t	79	2020-03-27 17:41:05.703	2018-10-13 11:07:57.592	0	-26.2867500000000014	-53.2911599999999979	0	511000	1400	0	f	0	0	0	0	1	1	3524	1	1
35	2011	f	t	f	f	98	2020-03-27 17:41:08.349	2018-10-13 11:07:57.592	0	-27.5882369999999995	-54.4606780000000015	0	58400	160	0	f	0	0	0	0	2	1	5306	1	1
36	2013	f	t	f	f	101	2020-03-27 17:41:10.919	2018-10-13 11:07:57.592	0	-27.8019999999999996	-54.6090000000000018	0	201122	551	0	f	0	0	0	0	2	1	4569	1	1
38	2012	f	t	f	t	151	2020-03-27 17:41:13.569	2018-10-13 11:07:57.592	0	-24.4863730000000004	-53.8184899999999971	0	182500	500	0	f	0	0	0	0	2	1	5250	1	1
41	2008	f	t	f	t	13	2020-03-30 11:03:33.965	2018-10-13 11:07:57.592	0	-18.9333169999999988	-47.0498309999999975	0	471520	1291	0	f	0	0	0	0	1	1	3648	1	1
44	2005	f	t	f	t	61	2020-03-30 11:04:12.506	2018-10-13 11:07:57.592	0	-20.8493010000000005	-44.8097509999999986	0	156428	428	0	f	0	0	0	0	2	1	3448	1	1
327	2017	f	t	f	f	219	2020-03-30 11:20:13.222	2018-10-13 11:07:57.592	0	-20.4544400000000017	-42.6652777799999967	0	214530	587	0	f	0	0	0	0	2	1	2565	1	1
328	2017	f	t	f	f	220	2020-03-30 11:21:24.63	2018-10-13 11:07:57.592	0	-20.3508299999999984	-42.740000000000002	0	167602	459	0	f	0	0	0	0	2	1	2565	1	1
40	2015	f	f	f	t	19	2020-03-30 11:47:54.74	2018-10-13 11:07:57.592	0	-23.5135639999999988	-46.8448020000000014	0	20440000	56000	0	f	0	0	0	0	5	10	558	3	1
53	2015	f	t	f	f	127	2020-03-31 07:55:41.172	2018-10-13 11:07:57.592	0	-22.0981799999999993	-46.5771769999999989	0	71510	195	0	t	0	0	0	0	2	1	230	3	1
833	2018	f	t	f	f	395	2020-03-31 11:27:31.549	2020-03-31 11:27:31.549	0	-22.7338899999999988	-53.0405555600000014	0	469286	1285	0	f	0	0	0	0	1	1	2962	1	1
289	2015	f	t	f	f	356	2020-03-31 10:50:44.794	2018-10-13 11:07:57.592	0	-21.61083	-55.1680555599999991	0	78214	214	0	t	0	0	0	0	2	3	2916	1	1
835	2020	f	f	f	t	645	2020-03-31 11:27:33.518	2020-03-31 11:27:33.518	0	-23.0819399999999995	-52.4619444400000035	0	4380000	12000	0	f	0	0	0	0	4	6	3597	2	1
174	2019	f	t	f	f	357	2020-03-31 10:51:40.882	2018-10-13 11:07:57.592	0	-19.7608299999999986	-44.3136111099999965	0	167602	459	0	t	0	0	0	0	2	1	1692	1	1
57	2011	f	t	f	t	16	2020-03-24 11:46:53.63	2018-10-13 11:07:57.592	0	-21.1055729999999997	-47.8113159999999979	0	2920000	8000	0	f	0	0	0	0	3	10	4175	1	1
290	2015	f	t	f	f	358	2020-03-31 10:52:32.372	2018-10-13 11:07:57.592	0	-19.7472199999999987	-47.9388888900000012	0	167602	459	0	t	0	0	0	0	2	1	5352	1	1
42	2012	f	f	f	t	63	2020-03-25 08:53:27.019	2018-10-13 11:07:57.592	0	-28.4057929999999992	-50.895620000000001	0	200940	550	5000	f	0	0	0	0	2	11	5409	1	1
48	2012	f	f	f	t	31	2020-03-31 17:48:39.592	2018-10-13 11:07:57.592	0	-24.1982673331051004	-53.9841241296177969	0	3750000	10273	0	f	0	0	0	0	4	6	5217	1	1
51	2014	f	f	f	t	58	2020-04-01 15:00:47.174	2018-10-13 11:07:57.592	0	-23.9665266064686016	-52.5700577908992983	0	500000	1369	0	f	0	0	0	0	1	6	980	1	1
795	2020	t	t	f	t	650	2020-03-31 10:57:17.596	2020-03-31 10:57:17.596	0	-27.1638899999999985	-52.5791666699999993	0	5475000	15000	0	f	0	0	0	0	5	8	1289	1	1
43	2008	f	t	f	f	169	2020-03-27 11:56:43.031	2018-10-13 11:07:57.592	0	-12.3156479999999995	-55.4531339999999986	0	858123	2351	0	f	0	0	0	0	1	1	5461	1	1
52	2015	f	t	t	t	144	2020-03-27 10:53:45.157	2018-10-13 11:07:57.592	0	-24.593319000000001	-52.804077999999997	0	100375	275	0	f	0	0	0	0	2	11	942	1	1
66	2014	f	f	f	t	116	2020-03-27 11:17:05.754	2018-10-13 11:07:57.592	0	-23.0087989999999998	-52.9571200000000033	0	3000000	12000	0	f	0	0	0	0	4	6	3871	1	1
39	2015	f	t	f	f	152	2020-03-27 11:32:57.647	2018-10-13 11:07:57.592	0	-21.5546429999999987	-43.2626220000000004	0	73000	200	0	f	0	0	0	0	2	3	1408	1	1
45	2009	f	t	f	t	159	2020-03-27 11:39:57.996	2018-10-13 11:07:57.592	0	-20.0030269999999994	-45.5393820000000034	0	365000	1000	0	f	0	0	0	0	2	7	2685	1	1
75	2015	f	f	f	t	160	2020-03-27 11:42:40.116	2018-10-13 11:07:57.592	0	-24.5801939999999988	-53.7670499999999976	0	109500	300	0	f	0	0	0	0	2	1	5250	1	1
70	2015	f	t	t	f	175	2020-03-27 12:01:45.007	2018-10-13 11:07:57.592	0	-17.4541889999999995	-54.4693350000000009	0	291776	799	0	f	0	0	0	0	2	1	2431	1	1
55	2015	f	t	f	f	179	2020-03-27 12:03:01.986	2018-10-13 11:07:57.592	0	-24.7998779999999996	-53.8569900000000032	0	143020	392	0	f	0	0	0	0	2	1	3490	1	1
64	2013	f	f	f	t	114	2020-03-27 17:41:39.326	2018-10-13 11:07:57.592	0	-21.4505559999999988	-47.0041889999999967	0	3504000	9600	0	f	0	0	0	0	4	6	3104	1	1
65	2008	f	f	f	t	115	2020-03-27 17:41:43.054	2018-10-13 11:07:57.592	0	-23.3066430000000011	-51.8941469999999967	0	5256000	14400	0	f	0	0	0	0	5	6	2965	1	1
67	2012	f	t	f	f	117	2020-03-27 17:41:47.929	2018-10-13 11:07:57.592	0	-24.9577777800000007	-53.4594444399999986	0	171624	470	0	f	0	0	0	0	2	1	1161	1	1
68	2005	f	t	f	t	119	2020-03-27 17:41:50.646	2018-10-13 11:07:57.592	0	-23.0263232000000002	-47.0361173000000008	0	5292500	14500	0	f	0	0	0	0	5	6	5421	1	1
112	2015	f	t	f	f	185	2020-03-30 10:00:32.485	2018-10-13 11:07:57.592	0	-24.7233470000000004	-54.2346509999999995	0	54708	149	0	t	0	0	0	0	2	1	1674	1	1
90	2018	f	t	f	f	187	2020-03-30 10:01:56.163	2018-10-13 11:07:57.592	0	-8.01522899999999971	-34.977649999999997	0	812490	2226	0	f	0	0	0	0	1	9	922	1	1
86	2015	f	t	f	f	196	2020-03-30 10:53:23.717	2018-10-13 11:07:57.592	0	-24.5563900000000004	-54.0577777800000021	0	255500	700	0	f	0	0	0	0	2	1	2943	1	1
105	2018	f	t	f	f	390	2020-03-31 11:23:11.871	2018-10-13 11:07:57.592	0	-29.4799499999999988	-51.4880390000000006	0	446939	1224	0	t	0	0	0	0	2	3	4331	1	1
87	2014	f	t	f	f	4	2020-03-30 11:02:20.77	2018-10-13 11:07:57.592	0	-23.4208409999999994	-46.7584129999999973	0	41610000	114000	0	f	0	0	0	0	6	8	4850	1	1
839	2018	f	t	f	f	398	2020-03-31 11:31:16.4	2020-03-31 11:30:59.989	0	-25.3444399999999987	-54.2305555599999991	0	134081	367	0	f	0	0	0	0	2	1	4841	1	1
119	2018	f	t	f	f	405	2020-03-31 11:38:20.164	2018-10-13 11:07:57.592	0	-20.6693050000000014	-48.4983539999999991	0	165948	454	0	t	0	0	0	0	2	1	1303	1	1
647	2019	f	t	f	f	653	2020-03-30 12:06:10.119	2020-03-30 12:06:10.119	0	-23.4541700000000013	-46.5336111100000025	0	963600	2640	0	f	0	0	0	0	3	6	2036	1	1
114	2012	f	t	f	f	393	2020-03-24 11:59:35.661	2018-10-13 11:07:57.592	0	-22.5864709999999995	-44.2154880000000006	0	17520000	48000	5714	t	0	0	0	0	5	8	535	1	1
108	2015	f	t	f	t	421	2020-03-31 11:56:31.966	2018-10-13 11:07:57.592	0	-22.8581609999999991	-42.9835640000000012	0	52560000	144000	0	t	0	0	0	0	6	8	4664	2	1
107	2019	f	t	f	t	422	2020-03-31 11:57:37.336	2018-10-13 11:07:57.592	0	-22.2268480000000004	-41.7851739999999978	0	3981818	10909	0	t	0	0	0	0	4	8	2826	1	1
109	2018	t	f	f	f	388	2020-03-24 13:47:35.525	2018-10-13 11:07:57.592	0	-27.3137369999999997	-51.9966340000000002	0	9125	25	25	f	0	0	0	0	2	1	1347	1	1
83	2015	f	f	f	t	118	2020-04-01 14:59:33.272	2018-10-13 11:07:57.592	0	-23.5249379999999988	-52.0307460000000006	0	832200	2280	0	f	0	0	0	0	1	6	2965	2	1
102	2014	f	f	f	t	165	2020-03-27 11:49:03.828	2018-10-13 11:07:57.592	0	-16.6861609999999985	-43.8535419999999974	0	1839600	5040	0	f	0	0	0	0	3	9	3164	1	1
77	2015	f	t	f	t	60	2020-03-27 11:13:57.969	2018-10-13 11:07:57.592	0	-27.1503230000000002	-53.6983820000000023	0	730000	2000	0	f	0	0	0	0	1	1	2380	2	1
84	2016	f	t	f	f	171	2020-03-27 11:59:06.38	2018-10-13 11:07:57.592	0	-19.1094720000000002	-46.6796330000000026	0	1460000	4000	0	f	0	0	0	0	3	3	5000	1	1
81	2015	f	t	f	f	154	2020-03-27 11:40:33.828	2018-10-13 11:07:57.592	0	-12.2625620000000009	-38.9883960000000016	0	812490	2226	0	f	0	0	0	0	1	9	1758	1	1
106	2016	f	t	t	f	218	2020-03-30 11:17:51.723	2018-10-13 11:07:57.592	0	-20.3847999999999985	-42.6709999999999994	0	730000	2000	0	f	0	0	0	0	1	1	2565	1	1
640	2017	f	t	f	f	221	2020-03-30 11:23:26.95	2020-03-30 11:23:26.95	0	-20.4544400000000017	-42.6652777799999967	0	214352	587	0	f	0	0	0	0	2	1	2565	1	1
651	2019	f	f	f	f	651	2020-03-30 12:11:51.945	2020-03-30 12:11:51.945	0	-30.1753789999999995	-50.8707670000000007	0	1051200	2880	0	f	0	0	0	0	3	6	5481	1	1
655	2018	f	t	f	f	224	2020-03-30 14:15:11.853	2020-03-30 14:15:11.853	0	-23.0254380000000012	-50.6651570000000007	0	134081	367	0	f	0	0	0	0	2	1	2767	1	1
110	2012	f	t	f	f	378	2020-03-31 11:13:55.129	2018-10-13 11:07:57.592	0	-23.9622400000000013	-53.5714839999999981	0	371186	1016	0	t	0	0	0	0	2	6	877	1	1
111	2014	f	t	f	f	379	2020-03-31 11:14:47.961	2018-10-13 11:07:57.592	0	-24.2001069999999991	-52.9687309999999982	0	4751186	13016	0	t	0	0	0	0	5	6	1934	1	1
97	2009	t	f	f	t	28	2020-03-31 17:48:22.882	2018-10-13 11:07:57.592	0	-24.5804100000000005	-54.1146519999999995	0	109500	300	0	f	0	0	0	0	2	11	2943	1	1
643	2014	f	f	f	t	655	2020-03-30 11:55:07.304	2020-03-30 11:55:07.304	0	-22.9066699999999983	-43.172777779999997	0	2803200	7680	0	f	0	0	0	0	3	6	4204	1	1
128	2018	f	t	f	f	389	2020-03-31 11:22:21.537	2018-10-13 11:07:57.592	0	-26.8308420000000005	-52.6150999999999982	0	167602	459	0	t	0	0	0	0	2	1	2947	1	1
645	2019	f	t	f	f	654	2020-03-30 11:58:30.294	2020-03-30 11:58:30.294	0	-25.0991700000000009	-50.1580555600000011	0	1051200	2880	0	f	0	0	0	0	3	6	3906	1	1
129	2018	f	t	f	f	392	2020-03-31 11:24:12.264	2018-10-13 11:07:57.592	0	-16.0386449999999989	-47.489060000000002	0	867598	2376	0	t	0	0	0	0	1	1	755	1	1
123	2018	f	t	f	f	396	2020-03-31 11:28:30.475	2018-10-13 11:07:57.592	0	-25.6369444400000006	-53.2161111099999999	0	167602	459	0	t	0	0	0	0	2	2	635	1	1
127	2018	f	t	f	f	397	2020-03-31 11:29:32.157	2018-10-13 11:07:57.592	0	-21.766964999999999	-43.6272129999999976	0	1501715	4114	0	t	0	0	0	0	3	1	2631	1	1
842	2020	f	t	f	f	640	2020-03-31 11:31:56.858	2020-03-31 11:31:56.858	0	-23.2786100000000005	-52.1538888899999975	0	1825000	5000	0	f	0	0	0	0	3	9	4011	1	1
122	2018	f	t	f	f	399	2020-03-31 11:32:11.259	2018-10-13 11:07:57.592	0	-20.3215809999999983	-42.5132380000000012	0	167602	459	0	t	0	0	0	0	2	1	13	1	1
124	2018	f	t	f	f	401	2020-03-31 11:34:02.765	2018-10-13 11:07:57.592	0	-27.1636629999999997	-52.2349609999999984	0	167602	459	0	t	0	0	0	0	2	1	4947	1	1
125	2018	f	t	f	f	402	2020-03-31 11:35:02.577	2018-10-13 11:07:57.592	0	-27.0166000000000004	-53.063600000000001	0	75979	208	0	t	0	0	0	0	2	1	4603	1	1
126	2018	f	t	f	f	403	2020-03-31 11:36:06.517	2018-10-13 11:07:57.592	0	-26.6942430000000002	-52.5681390000000022	0	139445	382	0	t	0	0	0	0	2	1	1672	1	1
116	2015	f	t	f	f	386	2020-03-31 11:21:08.156	2018-10-13 11:07:57.592	0	-22.8719670000000015	-43.229534000000001	0	517440	1417	0	t	0	0	0	0	1	8	4204	1	1
135	2008	f	t	t	f	107	2020-03-25 15:50:33.181	2018-10-13 11:07:57.592	0	-26.2871929999999985	-50.1869360000000029	0	178775	489	1495	t	0	0	0	0	2	1	3562	1	1
146	2018	f	t	f	f	289	2020-03-31 09:04:09.291	2018-10-13 11:07:57.592	0	-22.2313779999999994	-44.9323959999999971	0	521428	1428	0	t	0	0	0	0	1	11	3986	1	1
147	2018	f	t	f	f	292	2020-03-31 09:05:10.952	2018-10-13 11:07:57.592	0	-20.267199999999999	-42.4703000000000017	0	167602	459	0	f	0	0	0	0	2	1	13	1	1
148	2017	f	t	f	f	294	2020-03-31 09:08:16.171	2018-10-13 11:07:57.592	0	-18.3644444399999998	-44.4519444399999983	0	502806	1377	0	t	0	0	0	0	1	1	1390	1	1
150	2018	f	t	f	f	300	2020-03-31 09:11:43.795	2018-10-13 11:07:57.592	0	-19.2457999999999991	-47.6122000000000014	0	167602	459	0	t	0	0	0	0	2	1	4410	1	1
120	2019	f	t	f	f	410	2020-03-31 09:14:04.536	2018-10-13 11:07:57.592	0	-24.6912219999999998	-54.2340939999999989	0	1679000	4600	0	t	0	0	0	0	3	1	1674	1	1
118	2018	f	t	f	f	301	2020-03-31 09:24:20.254	2018-10-13 11:07:57.592	0	-20.7043999999999997	-48.4831000000000003	0	335204	918	0	t	0	0	0	0	2	1	1303	1	1
151	2018	f	t	f	f	304	2020-03-31 09:27:45.877	2018-10-13 11:07:57.592	0	-20.4221000000000004	-42.6634999999999991	0	167602	459	0	f	0	0	0	0	2	1	2565	1	1
117	2015	f	t	f	f	412	2020-03-31 11:48:53.061	2018-10-13 11:07:57.592	0	-21.9993633519422751	-43	0	0	0	0	t	0	0	0	0	7	8	3330	1	1
131	2011	f	t	f	t	423	2020-03-31 11:58:38.679	2018-10-13 11:07:57.592	0	-27.0880970000000012	-52.0932439999999986	0	268278	735	0	t	0	0	0	0	2	1	1894	1	1
115	2016	f	t	f	f	126	2020-03-31 17:43:13.96	2018-10-13 11:07:57.592	0	-23.4147099999999995	-46.9633359999999982	0	22712290	62225	0	t	0	0	0	0	5	8	4498	1	1
130	2018	f	t	f	f	391	2020-04-01 09:19:42.564	2018-10-13 11:07:57.592	0	-17.8040009999999995	-50.924042	0	469286	1285	0	f	0	0	0	0	1	1	4242	1	1
121	2018	f	t	f	f	404	2020-03-31 11:37:09.895	2018-10-13 11:07:57.592	0	-14.0330680000000001	-55.3193660000000023	0	563143	1542	0	t	0	0	0	0	1	1	4461	1	1
851	2017	f	t	f	f	406	2020-03-31 11:40:34.227	2020-03-31 11:40:34.227	0	-19.8599999999999994	-44.6075000000000017	0	167602	459	0	f	0	0	0	0	2	1	3564	1	1
189	2018	f	t	f	f	414	2020-03-31 11:50:52.618	2018-10-13 11:07:57.592	0	-22.9244449999999986	-45.6131680000000017	0	17034218	46669	0	t	0	0	0	0	5	8	5273	1	1
190	2015	f	t	f	f	415	2020-03-31 11:51:59.077	2018-10-13 11:07:57.592	0	-21.4190219999999982	-48.2888209999999987	0	103402644	283294	0	t	0	0	0	0	6	4	2031	2	1
870	2018	f	t	f	f	424	2020-03-31 12:02:14.075	2020-03-31 12:02:14.075	0	-22.480830000000001	-54.3083333300000035	0	730000	2000	0	f	0	0	0	0	1	1	2553	1	1
872	2018	f	t	f	f	425	2020-03-31 12:03:51.824	2020-03-31 12:03:51.824	0	-24.7063888899999995	-54.2430555600000019	0	328500	900	0	f	0	0	0	0	2	1	1674	1	1
46	2013	f	t	f	f	70	2020-03-31 12:09:37.698	2018-10-13 11:07:57.592	0	-27.685573999999999	-53.9637930000000026	0	171624	470	0	f	0	0	0	0	2	1	4821	1	1
888	2018	f	t	f	f	427	2020-03-31 17:15:57.131	2020-03-31 17:15:57.131	0	-20.4063888899999988	-47.4224999999999994	0	292000	800	0	f	0	0	0	0	2	1	1454	1	1
890	2018	f	t	f	f	428	2020-03-31 17:17:40.61	2020-03-31 17:17:40.61	0	-24.4663900000000005	-53.9549999999999983	0	219000	600	0	f	0	0	0	0	2	1	3376	1	1
892	2018	f	t	f	f	429	2020-03-31 17:18:59.89	2020-03-31 17:18:59.89	0	-24.7547199999999989	-51.7644444399999983	0	219000	600	0	f	0	0	0	0	2	1	3860	1	1
894	2018	f	t	f	f	430	2020-03-31 17:20:32.038	2020-03-31 17:20:32.038	0	-24.6191700000000004	-53.3211111099999968	0	273750	750	0	f	0	0	0	0	2	1	875	1	1
896	2018	f	t	f	f	431	2020-03-31 17:22:12.915	2020-03-31 17:22:12.915	0	-23.2552799999999991	-45.6933333300000015	0	1460000	4000	0	f	0	0	0	0	3	1	2507	1	1
902	2017	f	t	f	f	444	2020-03-31 17:27:04.714	2020-03-31 17:27:04.714	0	-20.72194	-46.6133333300000032	0	438000	1200	0	f	0	0	0	0	2	1	3639	1	1
904	2017	f	t	f	f	445	2020-03-31 17:28:20.335	2020-03-31 17:28:20.335	0	-18.7566699999999997	-50.9438888899999966	0	821250	2250	0	f	0	0	0	0	1	1	840	1	1
906	2017	f	t	f	f	446	2020-03-31 17:29:43.134	2020-03-31 17:29:43.134	0	-19.6288899999999984	-44.6616666700000025	0	1168000	3200	0	f	0	0	0	0	3	1	3739	1	1
908	2017	f	t	f	f	447	2020-03-31 17:31:01.155	2020-03-31 17:31:01.155	0	-19.0044399999999989	-45.962222220000001	0	292000	800	0	f	0	0	0	0	2	1	5243	1	1
941	2019	f	f	f	t	644	2020-03-31 19:31:12.905	2020-03-31 19:31:12.905	0	-22.7877800000000015	-50.2197222200000013	0	9636000	26400	0	f	0	0	0	0	5	6	3549	1	1
949	2015	f	f	f	t	642	2020-03-31 19:41:46.722	2020-03-31 19:39:26.571	0	-24.4202800000000018	-53.8288888900000018	0	4380000	12000	0	f	0	0	0	0	4	6	2969	1	1
175	2015	f	t	f	f	359	2020-03-31 10:53:24.249	2018-10-13 11:07:57.592	0	-18.9125000000000014	-48.2752777800000032	0	167602	459	0	t	0	0	0	0	2	1	5353	1	1
649	2019	f	t	f	f	652	2020-03-30 12:09:58.391	2020-03-30 12:09:58.391	0	-30.03444	-51.2175000000000011	0	341640	936	0	f	0	0	0	0	2	6	3943	1	1
176	2015	f	t	f	f	361	2020-03-31 10:55:14.347	2018-10-13 11:07:57.592	0	-18.9744400000000013	-49.4600000000000009	0	167602	459	0	t	0	0	0	0	2	1	2442	1	1
177	2016	f	t	f	f	363	2020-03-31 10:57:04.51	2018-10-13 11:07:57.592	0	-20.4544400000000017	-42.6652777799999967	0	335204	918	0	t	0	0	0	0	2	1	2565	1	1
178	2019	f	t	f	f	365	2020-03-31 10:59:09.784	2018-10-13 11:07:57.592	0	-20.3508299999999984	-42.740000000000002	0	167602	459	0	t	0	0	0	0	2	1	5395	1	1
179	2019	f	t	f	f	367	2020-03-31 11:01:25.045	2018-10-13 11:07:57.592	0	-20.3508299999999984	-42.740000000000002	0	446939	1224	0	t	0	0	0	0	2	1	5395	1	1
180	2019	f	t	f	f	369	2020-03-31 11:03:31.629	2018-10-13 11:07:57.592	0	-22.4241666700000017	-48.1733333299999984	0	558673	1530	0	t	0	0	0	0	1	3	5261	1	1
181	2015	f	t	f	f	371	2020-03-31 11:07:51.859	2018-10-13 11:07:57.592	0	-19.7472199999999987	-47.9388888900000012	0	167602	459	0	t	0	0	0	0	2	1	5352	1	1
182	2015	f	t	f	f	373	2020-03-31 11:10:18.497	2018-10-13 11:07:57.592	0	-18.682500000000001	-49.5663888899999989	0	167602	459	0	t	0	0	0	0	2	1	1067	1	1
184	2019	f	t	f	f	376	2020-03-31 11:11:47.486	2018-10-13 11:07:57.592	0	-24.6311111099999991	-53.7916666699999979	0	584000	1600	0	t	0	0	0	0	1	1	5250	1	1
1070	2019	f	t	f	f	511	2020-04-01 10:59:43.823	2020-04-01 10:59:43.823	0	-19.3099999999999987	-48.927500000000002	0	357551	979	0	f	0	0	0	0	2	1	4001	1	1
961	2019	f	t	f	f	638	2020-03-31 21:11:19.101	2020-03-31 20:55:37.897	0	-18.8472200000000001	-50.1238888900000035	0	1117347	3061	0	f	0	0	0	0	3	3	4488	1	1
1072	2018	f	t	f	f	512	2020-04-01 11:24:05.444	2020-04-01 11:24:05.444	0	-24.8583299999999987	-54.336388890000002	0	643592	1763	0	f	0	0	0	0	1	1	4396	1	1
1076	2019	f	t	f	f	514	2020-04-01 11:28:25.112	2020-04-01 11:28:25.112	0	-25.3444399999999987	-54.2305555599999991	0	268163	734	0	f	0	0	0	0	2	1	4841	1	1
1080	2019	f	t	f	f	516	2020-04-01 11:33:49.243	2020-04-01 11:33:49.243	0	-18.5936100000000017	-48.7041666699999993	0	715102	1959	0	f	0	0	0	0	1	1	5317	1	1
1086	2019	f	t	f	f	520	2020-04-01 11:38:08.195	2020-04-01 11:38:08.195	0	-18.9125000000000014	-48.2752777800000032	0	268163	734	0	f	0	0	0	0	2	1	5353	1	1
216	2016	f	f	f	t	202	2020-03-30 10:56:02.474	2018-10-13 11:07:57.592	0	-22.7436189999999989	-49.6965769999999978	0	2000000	5479	0	f	0	0	0	0	3	6	4870	1	1
217	2016	f	f	f	t	203	2020-03-30 10:57:26.604	2018-10-13 11:07:57.592	0	-23.2705260000000003	-53.0475390000000004	0	1000000	2739	0	f	0	0	0	0	3	6	5154	1	1
853	2017	f	t	f	f	407	2020-03-31 11:43:21.835	2020-03-31 11:43:21.835	0	-19.7069399999999995	-44.5577777800000021	0	167602	459	0	f	0	0	0	0	2	1	4748	1	1
855	2016	f	t	f	f	409	2020-03-31 11:44:50.239	2020-03-31 11:44:50.239	0	-24.2819399999999987	-53.8344444399999986	0	194865	533	0	f	0	0	0	0	2	1	3553	1	1
857	2019	f	t	f	f	411	2020-03-31 11:48:24.974	2020-03-31 11:48:24.974	0	-25.8219400000000014	-53.4805555599999991	0	143020	391	0	f	0	0	0	0	2	1	4409	1	1
191	2019	f	t	f	f	418	2020-03-31 11:55:29.401	2018-10-13 11:07:57.592	0	-22.6749340000000004	-43.4774370000000019	0	109500000	300000	0	t	0	0	0	0	6	8	3330	1	1
874	2018	f	t	f	f	426	2020-03-31 12:06:20.19	2020-03-31 12:06:20.19	0	-18.7566699999999997	-50.9438888899999966	0	361350	990	0	f	0	0	0	0	2	1	840	1	1
224	2013	t	t	f	t	71	2020-03-31 12:10:42.742	2018-10-13 11:07:57.592	0	-24.7977409999999985	-49.8921339999999987	0	438000	1200	0	f	0	0	0	0	2	11	1177	1	1
47	2008	f	t	f	f	73	2020-03-31 12:10:53.659	2018-10-13 11:07:57.592	0	-28.6766919999999992	-52.9366089999999971	0	178775	489	0	f	0	0	0	0	2	1	4955	1	1
218	2016	f	f	f	t	204	2020-03-30 10:58:34.988	2018-10-13 11:07:57.592	0	-22.9377800000000001	-52.686666670000001	0	1500000	4109	0	f	0	0	0	0	3	6	1982	1	1
221	2016	f	f	f	t	207	2020-03-30 11:00:01.137	2018-10-13 11:07:57.592	0	-23.1036530000000013	-53.1256479999999982	0	1377500	3773	0	f	0	0	0	0	3	6	4444	1	1
198	2019	f	t	f	t	153	2020-03-30 11:01:18.946	2018-10-13 11:07:57.592	0	-28.2791666699999986	-49.1574999999999989	0	24671	67	0	f	0	0	0	0	2	1	740	1	1
213	2012	f	f	f	t	51	2020-03-30 11:04:22.077	2018-10-13 11:07:57.592	0	-22.7889580068734006	-50.1029104551382005	0	1480000	4054	0	f	0	0	0	0	3	6	2115	1	1
222	2016	f	f	f	t	208	2020-03-30 11:06:21.73	2018-10-13 11:07:57.592	0	-23.9770080000000014	-52.5515839999999983	0	1836750	5032	0	f	0	0	0	0	3	6	352	1	1
223	2004	f	t	t	f	65	2020-03-31 17:41:06.144	2018-10-13 11:07:57.592	0	-20.6956419999999994	-43.2229010000000002	0	134081	367	0	f	0	0	0	0	2	1	3834	1	1
219	2016	f	f	f	t	205	2020-04-01 09:22:30.911	2018-10-13 11:07:57.592	0	-23.598593000000001	-53.2023459999999986	0	3750000	10273	0	f	0	0	0	0	4	6	2950	1	1
215	2016	f	f	f	t	201	2020-04-01 14:54:34.94	2018-10-13 11:07:57.592	0	-23.7095230000000008	-52.6236609999999985	0	875000	2397	0	f	0	0	0	0	1	6	1270	1	1
201	2017	f	t	f	f	235	2020-03-30 14:23:44.724	2018-10-13 11:07:57.592	0	-19.8599999999999994	-44.6075000000000017	0	134081	367	0	f	0	0	0	0	2	1	3564	1	1
211	2012	f	f	f	t	23	2020-03-31 17:47:52.724	2018-10-13 11:07:57.592	0	-25.2050379999999983	-53.9515189999999976	0	2190000	6000	0	f	0	0	0	0	3	5	2999	1	1
212	2015	f	t	f	f	24	2020-03-31 17:47:59.611	2018-10-13 11:07:57.592	0	-25.4185480000000013	-54.0672509999999988	0	589959	1616	0	f	0	0	0	0	1	1	5015	1	1
195	2015	f	t	f	t	124	2020-03-31 17:43:03.661	2018-10-13 11:07:57.592	0	-23.7086860000000001	-46.4750000000000014	0	70080000	192000	0	f	0	0	0	0	6	8	3026	1	1
210	2011	f	t	f	t	15	2020-03-31 17:47:06.829	2018-10-13 11:07:57.592	0	-18.8821380000000012	-48.3203600000000009	0	17034218	46669	0	f	0	0	0	0	5	8	5353	1	1
196	2015	f	t	f	f	148	2020-03-25 16:26:08.455	2018-10-13 11:07:57.592	0	-23.3496829999999989	-46.7734120000000004	0	117650781	322330	464310	f	0	0	0	0	6	8	888	1	1
338	2017	f	t	f	f	236	2020-03-30 14:24:45.222	2018-10-13 11:07:57.592	0	-19.8018999999999998	-44.6368999999999971	0	134081	367	343	t	0	0	0	0	2	1	3564	1	1
214	2016	f	f	f	t	200	2020-04-01 14:56:43.782	2018-10-13 11:07:57.592	0	-23.3594830000000009	-52.9358640000000022	0	2000000	5479	0	f	0	0	0	0	3	6	1272	1	1
339	2016	f	t	f	f	238	2020-03-30 14:25:51.579	2018-10-13 11:07:57.592	0	-19.8500000000000014	-44.5514999999999972	0	268163	734	0	f	0	0	0	0	2	1	3564	1	1
202	2015	f	t	f	f	258	2020-03-31 08:24:03.504	2018-10-13 11:07:57.592	0	-12.5466700000000007	-55.7263888900000026	0	1743062	4775	0	t	0	0	0	0	3	1	5085	1	1
203	2015	f	t	f	f	260	2020-03-31 08:28:33.529	2018-10-13 11:07:57.592	0	-12.7430555600000002	-56.5116666699999968	0	3486125	9551	0	t	0	0	0	0	4	1	5159	1	1
358	2017	f	t	f	f	261	2020-03-31 08:29:32.653	2018-10-13 11:07:57.592	0	-20.6027999999999984	-42.9057999999999993	0	429061	1175	0	t	0	0	0	0	2	1	5188	1	1
695	2015	f	t	f	f	265	2020-03-31 08:34:30.406	2020-03-31 08:34:30.406	0	-18.9125000000000014	-48.2752777800000032	0	345252	945	0	f	0	0	0	0	2	4	5353	1	1
362	2015	f	t	f	f	266	2020-03-31 08:35:41.346	2018-10-13 11:07:57.592	0	-19.343	-48.9909999999999997	0	178775	489	0	t	0	0	0	0	2	1	5353	1	1
61	2010	f	t	f	f	74	2020-03-31 12:11:01.322	2018-10-13 11:07:57.592	0	-29.3138240000000003	-51.4761069999999989	0	343249	940	0	f	0	0	0	0	2	11	1123	1	1
225	2009	f	t	f	t	76	2020-03-31 12:11:12.159	2018-10-13 11:07:57.592	0	-27.466978000000001	-51.2193129999999996	0	320328	877	0	f	0	0	0	0	2	1	994	1	1
226	2007	f	f	f	t	77	2020-03-31 12:11:19.707	2018-10-13 11:07:57.592	0	-27.3786109999999994	-51.0417440000000013	0	605064	1657	0	f	0	0	0	0	1	1	994	1	1
251	2015	f	f	t	f	188	2020-03-30 10:03:09.631	2018-10-13 11:07:57.592	0	-18.9268919999999987	-48.3804519999999982	0	252200	690	0	t	0	0	0	0	2	1	5353	1	1
253	2015	f	f	t	f	189	2020-03-30 10:45:17.316	2018-10-13 11:07:57.592	0	-18.9467999999999996	-48.4701170000000019	0	100880	276	0	t	0	0	0	0	2	1	5353	1	1
254	2015	f	f	t	t	190	2020-03-30 10:46:41.696	2018-10-13 11:07:57.592	0	-27.0081440000000015	-51.9211170000000024	0	378000	1035	0	t	0	0	0	0	2	1	2266	1	1
240	2015	f	f	t	f	194	2020-03-30 10:52:14.339	2018-10-13 11:07:57.592	0	-24.5922720000000012	-53.8485659999999982	0	61200	167	0	t	0	0	0	0	2	1	5250	1	1
136	2015	f	t	f	f	108	2020-03-31 07:54:41.797	2018-10-13 11:07:57.592	0	-18.0366110000000006	-50.0737779999999972	0	272628	746	0	t	0	0	0	0	2	1	4242	3	1
104	2015	f	t	f	f	158	2020-03-31 07:57:39.395	2018-10-13 11:07:57.592	0	-6.60674399999999995	-47.6312169999999995	0	57208	156	0	t	0	0	0	0	2	2	3543	3	1
235	2015	f	f	f	t	162	2020-03-31 07:58:59.117	2018-10-13 11:07:57.592	0	-29.6542910000000006	-51.9042809999999974	0	51100	140	0	f	0	0	0	0	2	1	700	3	1
101	2015	f	t	f	f	164	2020-03-31 08:00:36.765	2018-10-13 11:07:57.592	0	-20.0255599999999987	-44.0572222199999999	0	365000	1000	0	f	0	0	0	0	2	10	2117	2	1
99	2015	f	f	f	t	166	2020-03-31 08:01:51.816	2018-10-13 11:07:57.592	0	-22.2210999999999999	-45.8912100000000009	0	157680	432	0	f	0	0	0	0	2	9	3985	1	1
249	2018	f	t	f	f	400	2020-03-31 11:33:01.641	2018-10-13 11:07:57.592	0	-27.1008299999999984	-52.6155555599999971	0	201122	551	0	t	0	0	0	0	2	1	1254	1	1
113	2015	f	t	f	f	240	2020-03-31 08:04:44.425	2018-10-13 11:07:57.592	0	-28.5746959999999994	-49.2452609999999993	0	93857	257	0	f	0	0	0	0	2	1	3705	1	1
242	2015	f	t	f	f	80	2020-03-31 12:11:40.691	2018-10-13 11:07:57.592	0	-27.0718519999999998	-52.7149160000000023	0	410468	1124	0	t	0	0	0	0	2	1	1254	1	1
74	2013	f	t	f	f	85	2020-03-31 12:12:15.257	2018-10-13 11:07:57.592	0	-24.7192089999999993	-54.2262410000000017	0	182500	500	0	f	0	0	0	0	2	1	1674	1	1
910	2017	f	t	f	f	448	2020-03-31 17:35:20.707	2020-03-31 17:35:20.707	0	-19.0044399999999989	-45.962222220000001	0	109500	300	0	f	0	0	0	0	2	1	5243	1	1
898	2017	f	t	f	f	432	2020-03-31 17:23:45.367	2020-03-31 17:23:45.367	0	-26.875	-52.4038888899999975	0	292000	800	0	f	0	0	0	0	2	1	5555	1	1
900	2017	f	t	f	f	433	2020-03-31 17:24:59.306	2020-03-31 17:24:59.306	0	-22.480830000000001	-54.3083333300000035	0	328500	900	0	f	0	0	0	0	2	1	2553	1	1
912	2016	f	t	f	f	448	2020-03-31 17:36:53.232	2020-03-31 17:36:53.232	0	-26.4074999999999989	-52.3597222200000019	0	481800	1320	0	f	0	0	0	0	1	1	1284	1	1
914	2016	f	t	f	f	450	2020-03-31 17:38:25.58	2020-03-31 17:38:25.58	0	-18.8674999999999997	-54.9727777800000013	0	361350	990	0	f	0	0	0	0	2	1	4243	1	1
916	2016	f	t	f	f	451	2020-03-31 17:39:39.136	2020-03-31 17:39:39.136	0	-22.3144400000000012	-49.0586111100000011	0	182500	500	0	f	0	0	0	0	2	1	566	1	1
931	2016	f	t	f	f	452	2020-03-31 17:53:51.467	2020-03-31 17:53:51.467	0	-13.0333299999999994	-55.2538888899999989	0	1715500	4700	0	f	0	0	0	0	3	1	3382	1	1
243	2013	t	f	f	f	5	2020-03-27 10:43:40.402	2018-10-13 11:07:57.592	0	-22.7499280000000006	-43.2666600000000017	0	17520000	48000	0	t	0	0	0	0	5	8	1637	3	1
245	2015	f	t	f	f	146	2020-03-27 11:29:29.934	2018-10-13 11:07:57.592	0	-25.4749219999999994	-50.6503560000000022	0	63826	175	0	t	0	0	0	0	2	1	2271	1	1
236	2006	f	f	f	t	173	2020-03-27 12:00:21.068	2018-10-13 11:07:57.592	0	-15.4363670000000006	-54.8334570000000028	0	364720	999	0	t	0	0	0	0	2	1	985	1	1
239	2015	f	t	t	f	167	2020-03-27 11:50:43.437	2018-10-13 11:07:57.592	0	-12.3740869999999994	-56.2213709999999978	0	1716246	4072	0	t	0	0	0	0	3	1	2800	1	1
244	2015	f	t	f	f	168	2020-03-27 11:51:47.873	2018-10-13 11:07:57.592	0	-12.673	-56.5	0	234696	6122	0	t	0	0	0	0	3	1	5159	1	1
352	2015	f	t	f	f	252	2020-03-31 08:19:29.887	2018-10-13 11:07:57.592	0	-18.2301000000000002	-51.1015000000000015	0	456146	1249	0	t	0	0	0	0	2	1	4242	1	1
353	2017	f	t	f	f	253	2020-03-31 08:20:35.197	2018-10-13 11:07:57.592	0	-17.7925000000000004	-50.9194444399999995	0	172071	471	0	t	0	0	0	0	2	1	4242	1	1
354	2017	f	t	f	f	254	2020-03-31 08:21:37.685	2018-10-13 11:07:57.592	0	-20.2355555600000017	-42.8144444400000026	0	167602	459	0	t	0	0	0	0	2	1	4377	1	1
356	2015	f	t	f	f	257	2020-03-31 08:22:58.566	2018-10-13 11:07:57.592	0	-13.1999999999999993	-55.8350000000000009	0	150841	413	0	t	0	0	0	0	2	1	5085	1	1
259	2018	f	t	f	f	287	2020-03-31 09:02:58.807	2018-10-13 11:07:57.592	0	-15.6213899999999999	-47.6519444400000012	0	938572	2571	0	f	0	0	0	0	3	1	755	1	1
261	2016	f	t	f	f	293	2020-03-31 09:07:13.368	2018-10-13 11:07:57.592	0	-20.9147199999999991	-44.0752777800000004	0	469286	1285	0	t	0	0	0	0	1	1	2702	1	1
262	2015	f	t	f	f	296	2020-03-31 09:09:25.774	2018-10-13 11:07:57.592	0	-20.6838900000000017	-43.2969444399999972	0	167602	459	0	t	0	0	0	0	2	1	3834	1	1
233	2008	f	t	f	f	122	2020-03-31 17:42:39.019	2018-10-13 11:07:57.592	0	-24.8516919999999999	-53.4861709999999988	0	597272	1636	0	t	0	0	0	0	1	8	1161	1	1
933	2016	f	t	f	f	453	2020-03-31 17:55:16.939	2020-03-31 17:55:16.939	0	-21.6799999999999997	-44.6052777800000015	0	292000	800	0	f	0	0	0	0	2	1	3070	1	1
935	2016	f	t	f	f	454	2020-03-31 17:56:39.789	2020-03-31 17:56:39.789	0	-28.8477800000000002	-51.8900000000000006	0	219000	600	0	f	0	0	0	0	2	1	1997	1	1
301	2016	f	t	f	f	413	2020-03-31 11:49:52.185	2018-10-13 11:07:57.592	0	-25.660457000000001	-49.3438019999999966	0	34068436	93338	0	t	0	0	0	0	6	8	1754	1	1
303	2015	f	t	f	f	416	2020-03-31 11:52:55.62	2018-10-13 11:07:57.592	0	-23.5111099999999986	-46.8727777799999998	0	79636363	218181	0	t	0	0	0	0	6	8	558	2	1
302	2015	f	t	f	f	417	2020-03-31 11:54:27.654	2018-10-13 11:07:57.592	0	-22.7755140000000011	-47.2029089999999982	0	102205309	280014	0	t	0	0	0	0	6	8	3663	2	1
937	2015	f	t	f	f	455	2020-03-31 18:01:26.174	2020-03-31 18:01:26.174	0	-27.1583299999999994	-52.142777780000003	0	197100	541	0	f	0	0	0	0	2	1	292	1	1
939	2015	f	t	f	f	456	2020-03-31 18:02:51.409	2020-03-31 18:02:51.409	0	-25.3444399999999987	-54.2305555599999991	0	219000	600	0	f	0	0	0	0	2	1	4841	1	1
943	2018	f	t	f	f	643	2020-03-31 19:33:44.896	2020-03-31 19:33:44.896	0	-23.0477799999999995	-50.2305555599999991	0	2628000	7200	0	f	0	0	0	0	3	6	228	1	1
945	2020	f	t	f	f	640	2020-03-31 19:35:50.625	2020-03-31 19:35:50.625	0	-23.2786100000000005	-52.1538888899999975	0	1825000	5000	0	f	0	0	0	0	3	9	4011	1	1
947	2019	f	f	f	t	641	2020-03-31 19:37:33.112	2020-03-31 19:37:33.112	0	-28.5341699999999996	-52.1547222199999965	0	1752000	4800	0	f	0	0	0	0	3	6	4427	1	1
952	2019	f	f	f	t	639	2020-03-31 21:07:13.451	2020-03-31 20:48:41.511	0	-23.4208299999999987	-51.9330555599999997	0	594950	1630	0	f	0	0	0	0	1	6	2965	1	1
1090	2019	f	t	f	f	522	2020-04-01 11:40:26.857	2020-04-01 11:40:26.857	0	-18.9125000000000014	-48.2752777800000032	0	536326	1469	0	f	0	0	0	0	1	3	5353	1	1
1094	2019	f	t	f	f	525	2020-04-01 11:44:55.583	2020-04-01 11:44:55.583	0	-19.6658299999999997	-48.3083333300000035	0	268163	734	0	f	0	0	0	0	2	1	5474	1	1
1098	2020	t	t	f	f	635	2020-04-01 12:10:43.678	2020-04-01 12:10:43.678	0	-24.7163888900000011	-49.9933333299999987	0	4772375	13075	0	f	0	0	0	0	5	12	1177	2	1
1102	2015	f	t	f	t	634	2020-04-01 12:14:34.305	2020-04-01 12:14:34.305	0	-28.6738999999999997	-51.8911999999999978	0	109500	300	0	f	0	0	0	0	2	12	4982	1	1
1106	2018	f	t	f	f	632	2020-04-01 12:16:51.729	2020-04-01 12:16:51.729	0	-27.0172199999999982	-52.3400000000000034	0	481800	1320	0	f	0	0	0	0	1	1	5557	1	1
1109	2019	f	t	f	f	631	2020-04-01 12:19:02.829	2020-04-01 12:19:02.829	0	-26.7742229999999992	-52.4643299999999968	0	167602	459	0	f	0	0	0	0	2	1	5555	1	1
1113	2020	f	t	f	f	629	2020-04-01 12:22:24.332	2020-04-01 12:22:24.332	0	-20.2405560000000015	-40.3783329999999978	0	12373500	33900	0	f	0	0	0	0	5	9	1112	2	1
1117	2018	f	t	f	f	627	2020-04-01 12:24:58.872	2020-04-01 12:24:58.872	0	-20.3508299999999984	-42.740000000000002	0	214531	588	0	f	0	0	0	0	2	1	5395	1	1
1121	2018	f	t	f	f	625	2020-04-01 12:27:45.305	2020-04-01 12:27:45.305	0	-20.3508299999999984	-42.740000000000002	0	167602	459	0	f	0	0	0	0	2	1	5395	1	1
1125	2019	f	t	f	f	623	2020-04-01 12:29:13.505	2020-04-01 12:29:13.505	0	-27.4558299999999988	-53.9299999999999997	0	438000	1200	0	f	0	0	0	0	2	1	5286	1	1
1129	2018	f	t	f	f	621	2020-04-01 12:30:40.39	2020-04-01 12:30:40.39	0	-24.6566669999999988	-53.8794439999999994	0	350400	960	0	f	0	0	0	0	2	12	5250	1	1
1131	2014	f	f	f	t	620	2020-04-01 12:32:13.917	2020-04-01 12:32:13.917	0	-24.6891069999999999	-53.8328139999999991	0	401500	1100	0	f	0	0	0	0	2	6	5250	1	1
357	2016	f	t	f	t	259	2020-03-31 08:27:21.949	2018-10-13 11:07:57.592	0	-12.609	-56.4440000000000026	0	1117347	3061	0	f	0	0	0	0	3	1	5159	1	1
359	2017	f	t	f	f	262	2020-03-31 08:30:38.289	2018-10-13 11:07:57.592	0	-20.5686999999999998	-42.861699999999999	0	429061	1175	0	t	0	0	0	0	2	1	5188	1	1
291	2015	f	t	f	f	360	2020-03-31 10:54:20.022	2018-10-13 11:07:57.592	0	-18.9125000000000014	-48.2752777800000032	0	167602	459	0	t	0	0	0	0	2	1	5353	1	1
292	2015	f	t	f	f	362	2020-03-31 10:56:02.779	2018-10-13 11:07:57.592	0	-20.2255600000000015	-42.6494444400000035	0	167602	459	0	t	0	0	0	0	2	1	4194	1	1
293	2019	f	t	f	f	364	2020-03-31 10:58:12.328	2018-10-13 11:07:57.592	0	-20.1011099999999985	-42.4525000000000006	0	670408	1836	0	t	0	0	0	0	1	1	4104	1	1
294	2019	f	t	f	f	366	2020-03-31 11:00:26.47	2018-10-13 11:07:57.592	0	-20.3508299999999984	-42.740000000000002	0	446939	1224	0	t	0	0	0	0	2	1	5395	1	1
295	2015	f	t	f	f	368	2020-03-31 11:02:27.541	2018-10-13 11:07:57.592	0	-15.9116700000000009	-46.1038888900000003	0	2234695	6122	0	t	0	0	0	0	3	1	380	1	1
296	2015	f	t	f	f	370	2020-03-31 11:04:30.021	2018-10-13 11:07:57.592	0	-27.2330599999999983	-52.0275000000000034	0	167602	459	0	t	0	0	0	0	2	1	1347	1	1
297	2015	f	t	f	f	372	2020-03-31 11:08:48.689	2018-10-13 11:07:57.592	0	-18.9125000000000014	-48.2752777800000032	0	167602	459	0	t	0	0	0	0	2	1	5353	1	1
300	2015	f	t	f	f	377	2020-03-31 11:12:48.819	2018-10-13 11:07:57.592	0	-24.725277779999999	-53.7419444399999975	0	167602	459	0	t	0	0	0	0	2	1	5250	1	1
1133	2019	f	f	f	t	619	2020-04-01 12:33:55.591	2020-04-01 12:33:55.591	0	-12.7430599999999998	-56.5116670000000028	0	616776	1690	0	f	0	0	0	0	1	1	5159	1	1
1139	2015	f	f	f	t	616	2020-04-01 12:36:07.411	2020-04-01 12:36:07.411	0	-28.7086100000000002	-51.9397220000000033	0	21600	59	0	f	0	0	0	0	2	1	4982	1	1
1143	2020	f	t	f	f	614	2020-04-01 12:38:04.276	2020-04-01 12:38:04.276	0	-21.6022199999999991	-46.9019440000000003	0	446939	1224	0	f	0	0	0	0	2	1	4785	1	1
1145	2019	f	t	f	f	613	2020-04-01 12:38:55.616	2020-04-01 12:38:55.616	0	-21.6022199999999991	-46.9019440000000003	0	214531	588	0	f	0	0	0	0	2	1	4785	1	1
1147	2019	f	t	f	f	612	2020-04-01 12:41:07.174	2020-04-01 12:41:07.174	0	-19.7069399999999995	-44.557777999999999	0	167602	459	0	f	0	0	0	0	2	1	4748	1	1
1149	2017	f	t	f	f	611	2020-04-01 12:42:01.454	2020-04-01 12:42:01.454	0	-27.8261110000000009	-54.6630559999999974	0	213400	585	0	f	0	0	0	0	2	1	4569	1	1
305	2015	f	f	t	t	191	2020-03-30 10:48:19.391	2018-10-13 11:07:57.592	0	-26.9985369999999989	-51.9180080000000004	0	370800	1015	0	t	0	0	0	0	2	1	2266	1	1
306	2015	f	f	t	t	192	2020-03-30 10:50:09.996	2018-10-13 11:07:57.592	0	-26.8168690000000005	-52.1946330000000032	0	280800	769	0	t	0	0	0	0	2	1	1751	1	1
313	2015	f	f	t	t	193	2020-03-30 10:51:15.031	2018-10-13 11:07:57.592	0	-27.0694400000000002	-51.6602777800000013	0	90000	246	0	t	0	0	0	0	2	1	1183	1	1
309	2004	f	t	f	f	27	2020-03-31 17:40:32.356	2018-10-13 11:07:57.592	0	-26.5881219999999985	-52.2119649999999993	0	201122	551	0	t	0	0	0	0	2	1	12	1	1
968	2020	t	t	f	t	637	2020-03-31 21:12:55.938	2020-03-31 21:12:55.938	0	-24.4883330000000008	-49.8444440000000029	0	707370	1938	0	f	0	0	0	0	1	1	3829	2	1
972	2015	f	t	f	f	457	2020-04-01 08:20:39.709	2020-04-01 08:20:39.709	0	-22.3049999999999997	-53.8188888899999966	0	438000	1200	0	f	0	0	0	0	2	1	2457	1	1
974	2015	f	t	f	f	458	2020-04-01 08:22:43.442	2020-04-01 08:22:43.442	0	-18.5872199999999985	-46.514722220000003	0	438000	1200	0	f	0	0	0	0	2	1	3646	1	1
334	2017	f	t	f	t	231	2020-04-01 09:21:33.945	2018-10-13 11:07:57.592	0	-23.1798199999999994	-52.1829979999999978	0	1351543	3702	0	f	0	0	0	0	3	6	3315	1	1
319	2015	f	t	f	f	97	2020-04-01 14:58:33.99	2018-10-13 11:07:57.592	0	-25.7431899999999985	-53.0806189999999987	0	182360	499	0	t	0	0	0	0	2	1	1588	1	1
308	2018	t	f	f	f	96	2020-03-25 15:35:59.159	2018-10-13 11:07:57.592	0	-22.7883519999999997	-43.7631009999999989	0	52560000	144000	144000	t	0	0	0	0	6	8	4988	1	1
316	2015	f	t	f	f	141	2020-03-27 11:20:44.912	2018-10-13 11:07:57.592	0	-19.2527620000000006	-54.7297950000000029	0	965389	2645	0	t	0	0	0	0	3	1	4659	1	1
315	2015	f	t	f	f	147	2020-03-27 11:31:30.82	2018-10-13 11:07:57.592	0	-21.2503129999999985	-45.0014850000000024	0	1094160	2998	0	t	0	0	0	0	3	1	2754	1	1
307	2015	f	t	f	f	155	2020-03-27 11:38:35.865	2018-10-13 11:07:57.592	0	-8.28324500000000086	-35.9373989999999992	0	796364	2182	0	t	0	0	0	0	1	9	1151	1	1
314	2015	f	t	f	f	170	2020-03-27 11:57:58.747	2018-10-13 11:07:57.592	0	-19.1675359999999984	-47.6760459999999995	0	167602	4559	0	t	0	0	0	0	3	3	3361	1	1
321	2017	f	t	f	f	210	2020-03-30 11:07:26.675	2018-10-13 11:07:57.592	0	-18.6427000000000014	-48.2453999999999965	0	167602	459	0	f	0	0	0	0	2	1	320	1	1
322	2016	f	t	f	f	211	2020-03-30 11:08:41.391	2018-10-13 11:07:57.592	0	-15.82667	-47.9216666700000005	0	308388	844	789	f	0	0	0	0	2	1	755	1	1
323	2017	f	t	f	f	212	2020-03-30 11:10:14.174	2018-10-13 11:07:57.592	0	-21.4913899999999991	-46.4008333299999975	0	167602	459	0	t	0	0	0	0	2	1	829	1	1
329	2016	f	t	f	f	222	2020-03-30 14:12:05.518	2018-10-13 11:07:57.592	0	-20.3621000000000016	-42.6779999999999973	0	446939	1224	0	f	0	0	0	0	2	1	2565	1	1
330	2016	f	t	f	f	223	2020-03-30 14:13:25.006	2018-10-13 11:07:57.592	0	-28.3916700000000013	-49.3958333300000021	0	295650	810	0	f	0	0	0	0	2	1	2751	1	1
331	2016	f	t	f	f	225	2020-03-30 14:16:38.404	2018-10-13 11:07:57.592	0	-21.8673000000000002	-42.8952999999999989	0	335204	918	0	f	0	0	0	0	2	1	2773	1	1
332	2017	f	t	f	f	229	2020-03-30 14:17:56.615	2018-10-13 11:07:57.592	0	-20.9069399999999987	-48.6391666700000016	0	167602	459	0	f	0	0	0	0	2	1	3142	1	1
333	2017	f	t	f	f	230	2020-03-30 14:19:09.092	2018-10-13 11:07:57.592	0	-21.3219400000000014	-46.3686111100000034	0	134081	367	0	t	0	0	0	0	2	1	3143	1	1
335	2016	f	t	f	f	232	2020-03-30 14:20:16.748	2018-10-13 11:07:57.592	0	-19.763300000000001	-44.7931999999999988	0	167602	459	0	f	0	0	0	0	2	1	3453	1	1
336	2017	f	t	f	f	233	2020-03-30 14:21:22.897	2018-10-13 11:07:57.592	0	-20.4261170000000014	-42.8175999999999988	0	167602	459	0	f	0	0	0	0	2	1	3455	1	1
337	2017	f	t	f	f	234	2020-03-30 14:22:42.725	2018-10-13 11:07:57.592	0	-6.61388888900000005	-47.5611111099999988	0	189949	520	0	f	0	0	0	0	2	2	3543	1	1
340	2016	f	t	t	t	239	2020-03-31 08:03:32.95	2018-10-13 11:07:57.592	0	-18.870000000000001	-46.9018000000000015	0	214530	587	0	t	0	0	0	0	2	1	3648	1	1
341	2015	f	t	f	f	241	2020-03-31 08:07:16.28	2018-10-13 11:07:57.592	0	-19.3516699999999986	-47.2913888900000003	0	391518	1072	0	t	0	0	0	0	2	1	3742	1	1
342	2016	f	t	f	f	242	2020-03-31 08:08:19.409	2018-10-13 11:07:57.592	0	-20.2452800000000011	-42.7344444399999972	0	589959	1616	0	t	0	0	0	0	1	1	3774	1	1
360	2016	f	t	f	f	263	2020-03-31 08:31:40.02	2018-10-13 11:07:57.592	0	-27.4558299999999988	-53.9299999999999997	0	223469	612	0	t	0	0	0	0	2	1	5286	1	1
361	2016	f	t	f	f	264	2020-03-31 08:32:40.043	2018-10-13 11:07:57.592	0	-18.9635999999999996	-48.457099999999997	0	286041	783	0	t	0	0	0	0	2	1	5353	1	1
256	2018	f	t	f	t	276	2020-03-31 08:45:42.503	2018-10-13 11:07:57.592	0	-20.674392000000001	-41.2479069999999979	0	328500	900	0	f	0	0	0	0	2	1	857	1	1
143	2018	f	t	f	f	277	2020-03-31 08:46:57.945	2018-10-13 11:07:57.592	0	-20.3999999999999986	-42.8900000000000006	0	167602	459	0	t	0	0	0	0	2	1	3919	1	1
257	2018	f	t	f	f	278	2020-03-31 08:50:57.75	2018-10-13 11:07:57.592	0	-21.6097199999999994	-45.5661111100000014	0	167602	459	0	f	0	0	0	0	2	3	1653	1	1
346	2017	f	t	f	f	246	2020-03-31 08:14:11.757	2018-10-13 11:07:57.592	0	-20.6838888899999986	-43.2969444399999972	0	167602	459	0	t	0	0	0	0	2	1	3834	1	1
970	2019	f	t	f	f	636	2020-03-31 21:30:33.063	2020-03-31 21:30:33.063	0	-22.7355599999999995	-47.6477777799999984	0	166261	455	0	f	0	0	0	0	2	3	3825	1	1
980	2013	f	t	f	f	461	2020-04-01 08:30:51.902	2020-04-01 08:30:51.902	0	-13.8222199999999997	-56.0833333300000021	0	481800	1320	0	f	0	0	0	0	1	1	3347	1	1
982	2013	f	t	f	f	462	2020-04-01 08:33:02.822	2020-04-01 08:33:02.822	0	-24.5563900000000004	-54.0577777800000021	0	1460000	4000	0	f	0	0	0	0	3	1	2943	1	1
311	2011	f	t	f	f	12	2020-03-30 11:15:55.139	2018-10-13 11:07:57.592	0	-18.9769830000000006	-49.4686129999999977	0	584000	1600	0	t	0	0	0	0	1	1	2442	1	1
984	2011	f	t	f	f	463	2020-04-01 08:35:00.936	2020-04-01 08:35:00.936	0	-22.2774999999999999	-48.1230555599999974	0	1095000	3000	0	f	0	0	0	0	3	1	784	1	1
986	2011	f	t	f	f	464	2020-04-01 08:36:37.92	2020-04-01 08:36:37.92	0	-20.72194	-46.6133333300000032	0	365000	1000	0	f	0	0	0	0	2	1	3639	1	1
988	2011	f	t	f	f	465	2020-04-01 08:38:12.534	2020-04-01 08:38:12.534	0	-18.682500000000001	-49.5663888899999989	0	292000	800	0	f	0	0	0	0	2	1	1067	1	1
990	2011	f	t	f	f	466	2020-04-01 08:40:31.783	2020-04-01 08:40:31.783	0	-16.9383300000000006	-40.6836111100000011	0	292000	800	0	f	0	0	0	0	2	1	4399	1	1
992	2011	f	t	f	f	467	2020-04-01 08:42:20.308	2020-04-01 08:42:20.308	0	-12.5466700000000007	-55.7263888900000026	0	292000	800	0	f	0	0	0	0	2	1	5085	1	1
998	2009	f	t	f	f	470	2020-04-01 08:47:43.73	2020-04-01 08:47:43.73	0	-18.9252800000000008	-54.8436111099999977	0	821250	2250	0	f	0	0	0	0	1	1	4243	1	1
1002	2016	t	f	f	f	472	2020-04-01 08:51:59.942	2020-04-01 08:51:59.942	0	-18.7456570000000013	-46.6631479999999996	0	127750	350	0	f	0	0	0	0	2	1	3646	1	1
1	2008	f	t	f	f	2	2020-03-24 10:44:52.107	2018-10-13 11:07:57.592	0	-25.4974130000000017	-54.2249210000000019	0	273750	750	0	t	0	0	0	0	2	1	4841	1	1
95	2015	t	f	f	f	6	2020-03-24 10:50:24.208	2018-10-13 11:07:57.592	0	-22.8262089999999986	-42.0531140000000008	0	547500000	1500000	0	f	0	0	0	0	7	8	4857	2	1
343	2017	f	t	f	f	243	2020-03-31 08:09:26.419	2018-10-13 11:07:57.592	0	-20.2374000000000009	-42.741100000000003	0	134081	367	0	t	0	0	0	0	2	1	3774	1	1
344	2017	f	t	f	f	244	2020-03-31 08:11:26.648	2018-10-13 11:07:57.592	0	-20.6838888899999986	-43.2969444399999972	0	168049	460	0	t	0	0	0	0	2	1	3834	1	1
345	2017	f	t	f	f	245	2020-03-31 08:12:33.919	2018-10-13 11:07:57.592	0	-20.6838888899999986	-43.2969444399999972	0	589959	1616	0	f	0	0	0	0	1	1	3834	1	1
348	2016	f	t	f	f	248	2020-03-31 08:15:16.655	2018-10-13 11:07:57.592	0	-18.4158333300000017	-46.4186111100000005	0	589959	1616	0	t	0	0	0	0	1	3	4028	1	1
349	2016	f	t	f	f	249	2020-03-31 08:16:21.463	2018-10-13 11:07:57.592	0	-25.6236099999999993	-50.686666670000001	0	167602	459	0	t	0	0	0	0	2	1	4106	1	1
350	2017	f	t	f	f	250	2020-03-31 08:17:33.263	2018-10-13 11:07:57.592	0	-20.2255555600000001	-42.6494444400000035	0	167602	459	0	t	0	0	0	0	2	1	4194	1	1
208	2011	t	t	f	t	1	2020-03-27 11:01:22.483	2018-10-13 11:07:57.592	0	-29.6881366	-51.5417039000000017	0	3650000	10000	0	t	0	0	0	0	4	11	3162	1	1
58	2009	f	t	f	t	18	2020-03-27 17:43:02.24	2018-10-13 11:07:57.592	0	-19.8954239999999984	-43.8770990000000012	0	4536950	12430	0	f	0	0	0	0	4	10	592	1	1
2	2013	f	t	f	f	3	2020-03-27 17:43:07.195	2018-10-13 11:07:57.592	0	-26.9752159999999996	-48.7044950000000014	0	4555200	12480	0	f	0	0	0	0	4	8	2327	1	1
351	2015	f	t	f	f	251	2020-03-31 08:18:34.098	2018-10-13 11:07:57.592	0	-17.7925000000000004	-50.9194444399999995	0	268163	734	0	t	0	0	0	0	2	1	4242	1	1
363	2016	f	t	f	f	303	2020-03-31 09:26:39.859	2018-10-13 11:07:57.592	0	-18.4361999999999995	-46.0519999999999996	0	1430205	3918	0	t	0	0	0	0	3	1	5438	1	1
364	2018	f	t	f	f	305	2020-03-31 09:29:23.031	2018-10-13 11:07:57.592	0	-18.1674000000000007	-51.084699999999998	0	357551	979	0	t	0	0	0	0	2	1	4242	1	1
365	2015	f	t	f	f	308	2020-03-31 09:32:47.823	2018-10-13 11:07:57.592	0	-18.7501299999999986	-46.6217400000000026	0	446939	1224	0	t	0	0	0	0	2	1	3646	2	1
366	2015	f	t	f	f	311	2020-03-31 09:35:59.865	2018-10-13 11:07:57.592	0	-18.9377800000000001	-46.9941666699999985	0	558673	1530	0	t	0	0	0	0	1	1	3648	2	1
367	2015	f	t	f	f	312	2020-03-31 09:37:08.616	2018-10-13 11:07:57.592	0	-20.4544400000000017	-42.6652777799999967	0	167602	459	0	t	0	0	0	0	2	1	2565	2	1
368	2015	f	t	f	f	314	2020-03-31 09:39:09.073	2018-10-13 11:07:57.592	0	-20.7219444400000015	-46.6133333300000032	0	335204	918	0	t	0	0	0	0	2	1	3639	2	1
1012	2019	f	t	f	f	479	2020-04-01 09:04:41.865	2020-04-01 09:04:41.865	0	-20.1011099999999985	-42.4525000000000006	0	167602	459	0	f	0	0	0	0	2	1	4104	1	1
1014	2019	f	t	f	f	480	2020-04-01 09:06:13.325	2020-04-01 09:06:13.325	0	-24.8583299999999987	-54.336388890000002	0	167602	459	0	f	0	0	0	0	2	1	4396	1	1
1016	2019	f	t	f	f	481	2020-04-01 09:07:46.922	2020-04-01 09:07:46.922	0	-25.2952800000000018	-54.0930555600000034	0	446939	1224	0	f	0	0	0	0	2	1	3037	1	1
1018	2019	f	t	f	f	482	2020-04-01 09:09:28.707	2020-04-01 09:09:28.707	0	-16.4652799999999999	-54.6386111099999994	0	536326	1469	0	f	0	0	0	0	1	1	4271	1	1
1024	2019	f	t	f	f	487	2020-04-01 09:15:30.436	2020-04-01 09:15:30.436	0	-18.6458300000000001	-48.1977777800000027	0	268163	734	0	f	0	0	0	0	2	1	320	1	1
1026	2019	f	t	f	f	488	2020-04-01 09:16:55.015	2020-04-01 09:16:55.015	0	-18.6458300000000001	-48.1977777800000027	0	167602	459	0	f	0	0	0	0	2	1	320	1	1
317	2015	f	t	f	f	33	2020-03-27 17:45:34.792	2018-10-13 11:07:57.592	0	-24.7114070000000012	-54.2388529999999989	0	355920	975	0	t	0	0	0	0	2	1	1674	1	1
8	2012	f	f	f	t	34	2020-03-27 17:45:37.841	2018-10-13 11:07:57.592	0	-23.9244480000000017	-53.8522549999999995	0	4200000	11506	0	f	0	0	0	0	4	6	168	1	1
9	2012	f	f	f	t	35	2020-03-27 17:45:40.51	2018-10-13 11:07:57.592	0	-23.5424079999999982	-52.6494560000000007	0	1850000	5068	0	f	0	0	0	0	3	6	4909	1	1
10	2012	f	f	f	t	36	2020-03-27 17:45:43.535	2018-10-13 11:07:57.592	0	-23.1504672000000014	-52.483862000000002	0	1850000	5068	0	f	0	0	0	0	3	6	5132	1	1
11	2012	f	f	f	t	37	2020-03-27 17:45:46.628	2018-10-13 11:07:57.592	0	-23.0671911839148009	-52.8271595916006973	0	3700000	10136	0	f	0	0	0	0	4	6	189	1	1
12	2014	f	f	f	t	38	2020-03-27 17:45:49.459	2018-10-13 11:07:57.592	0	-23.3721220880809	-53.6684097965338012	0	4162500	11404	0	f	0	0	0	0	4	6	2130	1	1
13	2014	f	f	f	t	39	2020-03-27 17:45:52.143	2018-10-13 11:07:57.592	0	-22.9568844847498994	-53.3227686720154992	0	1850000	5068	0	f	0	0	0	0	3	6	4373	1	1
14	2014	f	f	f	t	40	2020-03-27 17:45:54.837	2018-10-13 11:07:57.592	0	-22.7478095221029015	-53.0071667651521992	0	3237500	8869	0	f	0	0	0	0	4	6	2793	1	1
298	2015	f	t	f	f	375	2020-03-27 17:45:57.359	2018-10-13 11:07:57.592	0	-3.73249999999999993	-38.5269444400000012	0	558673	1530	0	t	0	0	0	0	1	2	1831	2	1
18	2013	f	f	f	t	44	2020-03-27 17:45:59.8	2018-10-13 11:07:57.592	0	-24.1311682875968998	-54.2413404809845971	0	1850000	5068	0	f	0	0	0	0	3	6	1980	1	1
20	2013	f	f	f	t	46	2020-03-27 17:46:03.197	2018-10-13 11:07:57.592	0	-22.3036104760340983	-53.3622365852141982	0	1850000	5068	0	f	0	0	0	0	3	6	3292	1	1
22	2013	f	f	f	t	48	2020-03-27 17:46:06.554	2018-10-13 11:07:57.592	0	-22.7741055729417994	-50.2060758845900992	0	750000	2054	0	f	0	0	0	0	1	6	3549	1	1
24	2014	f	f	f	t	50	2020-03-27 17:46:09.093	2018-10-13 11:07:57.592	0	-22.4500769617465998	-49.9305318977108996	0	937500	2568	0	f	0	0	0	0	3	6	3428	1	1
139	2016	f	t	f	f	267	2020-03-31 08:37:27.198	2018-10-13 11:07:57.592	0	-20.3654000000000011	-42.7321000000000026	0	167602	459	0	t	0	0	0	0	2	1	5395	1	1
197	2017	f	t	f	f	268	2020-03-31 08:38:33.814	2018-10-13 11:07:57.592	0	-20.3551000000000002	-42.7017000000000024	0	469286	1285	0	t	0	0	0	0	1	1	5395	1	1
140	2016	f	t	f	f	269	2020-03-31 08:39:53.199	2018-10-13 11:07:57.592	0	-18.3777777799999988	-46.0313888900000023	0	134081	367	0	t	0	0	0	0	2	1	5438	1	1
255	2018	f	t	f	f	270	2020-03-31 08:40:54.229	2018-10-13 11:07:57.592	0	-19.3180000000000014	-47.5480000000000018	0	167602	459	0	f	0	0	0	0	2	1	4410	1	1
204	2018	f	t	f	f	271	2020-03-31 08:41:57.237	2018-10-13 11:07:57.592	0	-26.6952800000000003	-52.4677777799999987	0	88493	242	0	t	0	0	0	0	2	1	2248	1	1
141	2018	f	t	f	f	272	2020-03-31 08:43:08.551	2018-10-13 11:07:57.592	0	-23.6263900000000007	-49.3102777799999998	0	165948	454	0	f	0	0	0	0	2	1	1405	1	1
205	2018	f	t	f	f	274	2020-03-31 08:44:14.007	2018-10-13 11:07:57.592	0	-19.8599999999999994	-44.6075000000000017	0	194865	533	0	t	0	0	0	0	2	1	3564	1	1
206	2018	f	t	f	f	282	2020-03-31 08:56:12.429	2018-10-13 11:07:57.592	0	-16.373055560000001	-49.4916666700000007	0	139668	382	0	t	0	0	0	0	2	1	2212	1	1
145	2018	f	t	f	f	283	2020-03-31 08:57:15.191	2018-10-13 11:07:57.592	0	-19.0609000000000002	-49.6535999999999973	0	168049	460	0	t	0	0	0	0	2	1	2442	1	1
207	2017	f	t	f	f	284	2020-03-31 08:58:20.43	2018-10-13 11:07:57.592	0	-19.8505740000000017	-43.8443860000000001	0	26280000	72000	0	f	0	0	0	0	5	8	4292	1	1
200	2018	t	f	f	f	285	2020-03-31 08:59:24.119	2018-10-13 11:07:57.592	0	-20.5607369999999996	-47.4196760000000026	0	912500	2500	0	f	0	0	0	0	1	10	1842	1	1
199	2018	f	t	f	f	286	2020-03-31 09:00:30.806	2018-10-13 11:07:57.592	0	-25.515466	-49.2144540000000035	0	9548400	26160	0	f	0	0	0	0	5	9	4795	1	1
60	2010	f	t	f	t	21	2020-03-31 11:06:07.795	2018-10-13 11:07:57.592	0	-12.8592929999999992	-38.3693219999999968	0	4380000	12000	0	f	0	0	0	0	4	8	4329	1	1
810	2020	f	f	f	t	647	2020-03-31 11:07:48.08	2020-03-31 11:07:48.08	0	-27.1033299999999997	-51.2449999999999974	0	876000	2400	0	f	0	0	0	0	1	6	5137	2	1
976	2015	f	t	f	f	459	2020-04-01 08:26:16.414	2020-04-01 08:26:16.414	0	-20.9730600000000003	-46.1183333299999987	0	182500	500	0	f	0	0	0	0	2	1	1133	1	1
978	2015	f	t	f	f	460	2020-04-01 08:28:22.284	2020-04-01 08:28:22.284	0	-25.7463900000000017	-53.0613888900000035	0	438000	1200	0	f	0	0	0	0	2	1	1588	1	1
994	2011	f	t	f	f	468	2020-04-01 08:43:58.515	2020-04-01 08:43:58.515	0	-23.26389	-47.299444440000002	0	1460000	4000	0	f	0	0	0	0	3	1	2438	1	1
996	2009	f	t	f	f	469	2020-04-01 08:45:36.713	2020-04-01 08:45:36.713	0	-17.8119399999999999	-50.5980555599999988	0	292000	800	0	f	0	0	0	0	2	1	4398	1	1
1000	2013	f	t	f	f	471	2020-04-01 08:50:08.363	2020-04-01 08:50:08.363	0	-18.7456570000000013	-46.6631479999999996	0	1027960	2816	0	f	0	0	0	0	3	1	3646	1	1
1004	2016	f	t	f	f	474	2020-04-01 08:54:18.289	2020-04-01 08:54:18.289	0	-21.7622199999999992	-43.3436111099999977	0	167602	459	0	f	0	0	0	0	2	1	2631	1	1
1006	2019	f	t	f	f	475	2020-04-01 08:55:50.562	2020-04-01 08:55:50.562	0	-18.5872199999999985	-46.514722220000003	0	513980	1408	0	f	0	0	0	0	1	1	3646	1	1
1008	2016	f	t	f	f	476	2020-04-01 08:57:46.828	2020-04-01 08:57:46.828	0	-18.5872199999999985	-46.514722220000003	0	402245	1102	0	f	0	0	0	0	2	1	3646	1	1
1020	2019	f	t	f	f	484	2020-04-01 09:12:17.175	2020-04-01 09:12:17.175	0	-18.8472200000000001	-50.1238888900000035	0	893878	2448	0	f	0	0	0	0	1	1	4488	1	1
1022	2019	f	t	f	f	485	2020-04-01 09:13:55.864	2020-04-01 09:13:55.864	0	-20.7543000000000006	-46.4273000000000025	0	107265	293	0	f	0	0	0	0	2	1	3639	1	1
144	2018	f	t	f	f	279	2020-03-31 08:51:59.358	2018-10-13 11:07:57.592	0	-20.3599999999999994	-42.692300000000003	0	167602	459	0	f	0	0	0	0	2	1	2565	1	1
258	2018	f	t	f	f	280	2020-03-31 08:53:00.881	2018-10-13 11:07:57.592	0	-23.7689999999999984	-50.0501000000000005	0	132293	362	0	t	0	0	0	0	2	1	3804	1	1
711	2018	f	t	f	f	281	2020-03-31 08:54:58.325	2020-03-31 08:54:58.325	0	-19.7461100000000016	-44.8947222199999985	0	292000	800	0	f	0	0	0	0	2	1	1341	1	1
263	2015	f	t	f	f	298	2020-03-31 09:10:42.822	2018-10-13 11:07:57.592	0	-23.9205555600000004	-50.080277780000003	0	167602	459	0	t	0	0	0	0	2	1	3804	1	1
264	2018	f	t	f	f	302	2020-03-31 09:25:34.337	2018-10-13 11:07:57.592	0	-23.6632999999999996	-49.2528000000000006	0	167602	459	0	t	0	0	0	0	2	1	5168	1	1
152	2015	f	t	f	f	306	2020-03-31 09:30:23.265	2018-10-13 11:07:57.592	0	-17.7925000000000004	-50.9194444399999995	0	446939	1224	0	t	0	0	0	0	2	1	4242	1	1
310	2018	f	t	f	f	172	2020-04-01 09:21:10.459	2018-10-13 11:07:57.592	0	-26.831315	-52.1247979999999984	0	1825000	5000	0	f	0	0	0	0	3	1	5425	1	1
1062	2019	f	t	f	f	507	2020-04-01 10:49:23.832	2020-04-01 10:49:23.832	0	-17.0336099999999995	-48.3074999999999974	0	357551	979	0	f	0	0	0	0	2	3	3460	1	1
1064	2019	f	t	f	f	508	2020-04-01 10:53:00.072	2020-04-01 10:53:00.072	0	-18.5872199999999985	-46.514722220000003	0	357551	979	0	f	0	0	0	0	2	1	3646	1	1
1068	2019	f	t	f	f	510	2020-04-01 10:56:08.556	2020-04-01 10:56:08.556	0	-19.3099999999999987	-48.927500000000002	0	268163	734	0	f	0	0	0	0	2	1	4001	1	1
1074	2019	f	t	f	f	513	2020-04-01 11:26:19.04	2020-04-01 11:26:19.04	0	-19.3105599999999988	-46.0488888900000006	0	625714	1714	0	f	0	0	0	0	1	3	4675	1	1
1078	2019	f	t	f	f	515	2020-04-01 11:31:57.033	2020-04-01 11:31:57.033	0	-19.1105599999999995	-46.6791666700000007	0	268163	734	0	f	0	0	0	0	2	1	5000	1	1
1082	2019	f	t	f	f	517	2020-04-01 11:35:16.065	2020-04-01 11:35:16.065	0	-18.9125000000000014	-48.2752777800000032	0	268163	734	0	f	0	0	0	0	2	1	5353	1	1
1084	2019	f	t	f	f	518	2020-04-01 11:36:33.688	2020-04-01 11:36:33.688	0	-18.9125000000000014	-48.2752777800000032	0	268163	734	0	f	0	0	0	0	2	1	5353	1	1
1088	2019	f	t	f	f	521	2020-04-01 11:39:15.228	2020-04-01 11:39:15.228	0	-18.9125000000000014	-48.2752777800000032	0	357551	979	0	f	0	0	0	0	2	1	5353	1	1
1092	2019	f	t	f	f	524	2020-04-01 11:43:30.991	2020-04-01 11:43:30.991	0	-18.9125000000000014	-48.2752777800000032	0	268163	734	0	f	0	0	0	0	2	1	5353	1	1
1096	2019	f	t	f	f	526	2020-04-01 11:46:11.085	2020-04-01 11:46:11.085	0	-27.0172199999999982	-52.3400000000000034	0	167602	459	0	f	0	0	0	0	2	1	5557	1	1
1100	2019	f	f	f	t	656	2020-04-01 12:12:51.126	2020-04-01 12:12:51.126	0	-24.5612519999999996	-54.0350809999999981	0	9636000	26400	0	f	0	0	0	0	5	6	2943	1	1
1104	2020	f	t	f	t	633	2020-04-01 12:15:39.641	2020-04-01 12:15:39.641	0	-28.7086100000000002	-51.9397220000000033	0	87300	239	0	f	0	0	0	0	2	3	4982	2	1
1111	2019	f	t	f	f	630	2020-04-01 12:21:01.868	2020-04-01 12:21:01.868	0	-26.875	-52.4038889999999995	0	410625	1125	0	f	0	0	0	0	2	1	5555	1	1
100	2015	f	f	f	t	163	2020-03-27 11:43:59.506	2018-10-13 11:07:57.592	0	-19.9704820000000005	-44.2253529999999984	0	1131500	3100	0	f	0	0	0	0	3	9	620	1	1
355	2016	f	t	f	f	255	2020-03-27 16:45:38.76	2018-10-13 11:07:57.592	0	-19.7069399999999995	-44.5577777800000021	0	166261	455	0	t	0	0	0	0	2	1	4748	1	1
347	2014	f	t	f	f	247	2020-03-27 16:45:44.016	2018-10-13 11:07:57.592	0	-26.7375000000000007	-49.1741666699999982	0	124100	340	0	t	0	0	0	0	2	1	3901	1	1
220	2016	f	f	f	t	206	2020-03-27 16:45:48.649	2018-10-13 11:07:57.592	0	-23.1020029999999998	-52.8178290000000032	0	1250000	3424	0	f	0	0	0	0	3	6	189	1	1
312	2015	f	t	f	f	112	2020-03-27 16:45:59.91	2018-10-13 11:07:57.592	0	-18.7479860000000009	-46.6621689999999987	0	1072653	2938	0	t	0	0	0	0	3	1	3646	1	1
231	2005	f	t	f	f	111	2020-03-27 16:46:03.275	2018-10-13 11:07:57.592	0	-24.7718232	-53.7252679999999998	0	143020	391	0	t	0	0	0	0	2	1	5250	1	1
54	2006	f	f	t	f	109	2020-03-27 16:46:07.187	2018-10-13 11:07:57.592	0	-26.3517679999999999	-50.2776149999999973	0	1014372	2779	0	t	0	0	0	0	3	1	3562	1	1
230	2011	t	f	f	f	104	2020-03-27 16:46:10.222	2018-10-13 11:07:57.592	0	-25.4367750000000008	-54.5973370000000031	0	189800	520	0	f	0	0	0	0	2	11	1839	1	1
1115	2015	f	t	f	f	628	2020-04-01 12:23:49.474	2020-04-01 12:23:49.474	0	-28.8602799999999995	-51.5508329999999972	0	155337	426	0	f	0	0	0	0	2	1	5502	1	1
1119	2018	f	t	f	f	626	2020-04-01 12:26:50.257	2020-04-01 12:26:50.257	0	-20.3508299999999984	-42.740000000000002	0	214531	588	0	f	0	0	0	0	2	1	5395	1	1
1123	2019	f	t	f	f	624	2020-04-01 12:28:26.698	2020-04-01 12:28:26.698	0	-18.9125000000000014	-48.2752780000000001	0	1168000	3200	0	f	0	0	0	0	3	1	5353	1	1
1127	2019	f	t	f	f	622	2020-04-01 12:29:56.105	2020-04-01 12:29:56.105	0	-25.4216669999999993	-53.1841670000000022	0	292000	800	0	f	0	0	0	0	2	1	5276	1	1
1135	2019	f	f	f	t	618	2020-04-01 12:34:39.696	2020-04-01 12:34:39.696	0	-12.5466700000000007	-55.7263889999999975	0	230174	631	0	f	0	0	0	0	2	1	5085	1	1
1137	2015	f	f	f	t	617	2020-04-01 12:35:22.951	2020-04-01 12:35:22.951	0	-28.7086100000000002	-51.9397220000000033	0	231348	634	0	f	0	0	0	0	2	1	4982	1	1
1141	2018	f	f	f	t	615	2020-04-01 12:37:00.138	2020-04-01 12:37:00.138	0	-25.3719919999999988	-54.1983260000000016	0	61550	169	0	f	0	0	0	0	2	12	4841	1	1
229	2012	f	f	f	t	99	2020-03-27 16:46:14.107	2018-10-13 11:07:57.592	0	-27.7864450000000005	-54.2479190000000031	0	7300	20	0	f	0	0	0	0	2	3	5280	1	1
250	2018	f	t	f	f	307	2020-03-31 09:31:36.942	2018-10-13 11:07:57.592	0	-24.6183333299999987	-53.3211111099999968	0	292000	800	0	t	0	0	0	0	2	1	875	1	1
153	2018	f	t	f	f	309	2020-03-31 09:33:51.953	2018-10-13 11:07:57.592	0	-18.331669999999999	-46.4699999999999989	0	446939	1224	0	t	0	0	0	0	2	1	4028	2	1
154	2015	f	t	f	f	310	2020-03-31 09:35:03.98	2018-10-13 11:07:57.592	0	-19.3516699999999986	-47.2913888900000003	0	502806	1377	0	t	0	0	0	0	1	1	3742	2	1
155	2015	f	t	f	f	313	2020-03-31 09:38:01.668	2018-10-13 11:07:57.592	0	-18.4786111099999992	-47.1977777800000027	0	446939	1224	0	t	0	0	0	0	2	1	1395	2	1
156	2015	f	t	f	f	315	2020-03-31 09:40:23.108	2018-10-13 11:07:57.592	0	-20.4544400000000017	-42.6652777799999967	0	446939	1224	0	t	0	0	0	0	2	1	2565	2	1
265	2019	f	t	f	f	316	2020-03-31 09:41:31.443	2018-10-13 11:07:57.592	0	-18.8472200000000001	-50.1238888900000035	0	1117347	3061	0	t	0	0	0	0	3	1	4488	2	1
266	2015	f	t	f	f	317	2020-03-31 09:42:40.798	2018-10-13 11:07:57.592	0	-20.3000000000000007	-42.4744444399999992	0	167602	459	0	t	0	0	0	0	2	1	13	2	1
162	2015	f	t	f	f	326	2020-03-31 10:08:56.289	2018-10-13 11:07:57.592	0	-13.8222199999999997	-56.0833333300000021	0	536326	1469	0	t	0	0	0	0	1	1	3347	2	1
271	2018	f	t	f	f	327	2020-03-31 10:10:03.842	2018-10-13 11:07:57.592	0	-20.4169400000000003	-42.9025000000000034	0	167602	459	0	t	0	0	0	0	2	1	3919	2	1
163	2018	f	t	f	f	328	2020-03-31 10:11:04.482	2018-10-13 11:07:57.592	0	-21.2652000000000001	-52.0756999999999977	0	540200	1480	0	t	0	0	0	0	1	1	749	2	1
272	2015	f	t	f	f	329	2020-03-31 10:12:12.028	2018-10-13 11:07:57.592	0	-24.1088899999999988	-49.3355555600000031	0	167602	459	0	t	0	0	0	0	2	1	2407	2	1
164	2015	f	t	f	f	330	2020-03-31 10:13:43.379	2018-10-13 11:07:57.592	0	-24.1088899999999988	-49.3355555600000031	0	167602	459	0	t	0	0	0	0	2	1	2407	2	1
273	2015	f	t	f	f	331	2020-03-31 10:14:44.883	2018-10-13 11:07:57.592	0	-24.1088899999999988	-49.3355555600000031	0	167602	459	0	t	0	0	0	0	2	1	2407	2	1
279	2015	f	t	f	f	341	2020-03-31 10:25:29.358	2018-10-13 11:07:57.592	0	-17.884170000000001	-51.7274999999999991	0	558673	1530	0	t	0	0	0	0	1	1	2553	1	1
284	2015	f	t	f	f	349	2020-03-31 10:37:00.936	2018-10-13 11:07:57.592	0	-19.4572199999999995	-44.2416666700000007	0	558673	1530	0	t	0	0	0	0	1	1	5033	1	1
285	2015	f	t	f	f	350	2020-03-31 10:38:02.532	2018-10-13 11:07:57.592	0	-19.4572199999999995	-44.2416666700000007	0	167602	459	0	t	0	0	0	0	2	1	5033	1	1
172	2015	f	t	f	f	351	2020-03-31 10:38:57.755	2018-10-13 11:07:57.592	0	-18.7247200000000014	-47.5047222199999979	0	80449	220	0	t	0	0	0	0	2	1	3146	1	1
799	2016	f	t	f	f	649	2020-03-31 10:59:12.481	2020-03-31 10:59:12.481	0	-23.3108280000000008	-47.1575500000000005	0	10750909	29455	0	f	0	0	0	0	5	8	831	1	1
802	2020	f	f	f	t	648	2020-03-31 11:01:20.271	2020-03-31 11:01:20.271	0	-23.4155599999999993	-51.4263888899999984	0	876000	2400	0	f	0	0	0	0	1	6	334	2	1
817	2020	f	f	f	t	646	2020-03-31 11:13:29.839	2020-03-31 11:13:29.839	0	-22.1372199999999992	-51.3888888899999969	0	1752000	4800	0	f	0	0	0	0	3	6	4029	2	1
821	2019	f	t	f	t	380	2020-03-31 11:17:13.022	2020-03-31 11:17:13.022	0	-24.5391666700000002	-49.9408333299999967	0	478880	1312	0	f	0	0	0	0	1	1	3829	1	1
827	2019	f	t	f	f	385	2020-03-31 11:20:07.682	2020-03-31 11:20:07.682	0	-12.8170000000000002	-56.5390000000000015	0	513980	1408	0	f	0	0	0	0	1	1	5159	1	1
1034	2019	f	t	f	f	490	2020-04-01 09:28:28.789	2020-04-01 09:28:28.789	0	-15.6286100000000001	-46.4297222200000022	0	268163	734	0	f	0	0	0	0	2	3	811	1	1
1032	2019	f	t	f	f	489	2020-04-01 09:28:55.149	2020-04-01 09:25:18.481	0	-20.2911099999999998	-45.5474999999999994	0	268163	734	0	f	0	0	0	0	2	3	363	1	1
1010	2019	f	t	f	f	477	2020-04-01 09:29:30.956	2020-04-01 08:59:56.426	0	-15.9247200000000007	-44.0077777799999978	0	1541940	4224	0	f	0	0	0	0	3	3	4692	1	1
1038	2015	f	t	f	f	491	2020-04-01 09:32:35.099	2020-04-01 09:32:35.099	0	-27.0755599999999994	-53.249166670000001	0	536326	1469	0	f	0	0	0	0	1	1	882	2	1
1040	2019	f	t	f	f	492	2020-04-01 09:34:11.53	2020-04-01 09:34:11.53	0	-20.4694399999999987	-54.6199999999999974	0	1644736	4506	0	f	0	0	0	0	3	1	972	1	1
1042	2015	f	t	f	f	493	2020-04-01 09:36:07.758	2020-04-01 09:36:07.758	0	-18.9469400000000014	-46.6730555600000017	0	268163	734	0	f	0	0	0	0	2	3	1480	1	1
1044	2015	f	t	f	f	494	2020-04-01 09:38:37.306	2020-04-01 09:38:37.306	0	-20.1033299999999997	-44.9716666699999976	0	268163	734	0	f	0	0	0	0	2	3	1574	1	1
1046	2019	f	t	f	f	495	2020-04-01 09:40:13.394	2020-04-01 09:40:13.394	0	-22.2233300000000007	-54.8125	0	178775	489	0	f	0	0	0	0	2	1	1622	1	1
1048	2019	f	t	f	f	496	2020-04-01 09:43:24.212	2020-04-01 09:43:24.212	0	-16.3730599999999988	-49.4916666700000007	0	357551	979	0	f	0	0	0	0	2	2	2212	1	1
1050	2019	f	t	f	f	497	2020-04-01 09:47:25.064	2020-04-01 09:47:25.064	0	-27.0752799999999993	-52.1344444400000029	0	167602	459	0	f	0	0	0	0	2	1	2254	1	1
1052	2019	f	t	f	f	498	2020-04-01 09:49:13.524	2020-04-01 09:49:13.524	0	-18.9744400000000013	-49.4600000000000009	0	178775	489	0	f	0	0	0	0	2	1	2442	1	1
1054	2019	f	t	f	f	499	2020-04-01 09:50:53.88	2020-04-01 09:50:53.88	0	-18.7747199999999985	-46.4061111099999977	0	589959	1616	0	f	0	0	0	0	1	3	2703	1	1
1056	2019	f	t	f	f	501	2020-04-01 09:52:24.242	2020-04-01 09:52:24.242	0	-16.2530000000000001	-47.9500000000000028	0	536326	1469	0	f	0	0	0	0	1	3	2823	1	1
1058	2019	f	t	f	f	502	2020-04-01 10:46:14.039	2020-04-01 10:46:14.039	0	-24.5563900000000004	-54.0577777800000021	0	214530	587	0	f	0	0	0	0	2	1	2943	1	1
1060	2019	f	t	f	f	504	2020-04-01 10:47:55.962	2020-04-01 10:47:55.962	0	-18.8727799999999988	-48.8769444400000026	0	312857	857	0	f	0	0	0	0	2	1	3134	1	1
194	2015	f	t	f	f	94	2020-03-27 16:46:35.96	2018-10-13 11:07:57.592	0	-30.1478730000000006	-52.0261429999999976	0	52560000	144000	0	f	0	0	0	0	6	8	3068	1	1
232	2014	f	t	f	f	93	2020-03-27 16:46:39.968	2018-10-13 11:07:57.592	0	-16.4246020000000001	-48.8005089999999981	0	446939	1224	0	t	0	0	0	0	2	3	1880	1	1
49	2015	f	t	t	f	89	2020-03-27 16:46:43.02	2018-10-13 11:07:57.592	0	-16.8980989999999984	-54.8133529999999993	0	438000	1200	0	f	0	0	0	0	2	1	4271	1	1
228	2011	f	t	f	f	88	2020-03-27 16:46:45.765	2018-10-13 11:07:57.592	0	-23.1977777799999991	-52.4980555599999974	0	7000000	19178	0	f	0	0	0	0	5	4	5132	1	1
238	2011	f	f	t	t	87	2020-03-27 16:46:48.605	2018-10-13 11:07:57.592	0	-24.5991999999999997	-53.9857889999999969	0	465600	1275	0	t	0	0	0	0	1	1	4063	1	1
241	2006	f	t	f	f	86	2020-03-27 16:46:52.169	2018-10-13 11:07:57.592	0	-25.3763180000000013	-54.1591960000000014	0	803000	2200	0	t	0	0	0	0	1	1	4841	1	1
252	2015	f	f	t	f	84	2020-03-27 16:46:55.311	2018-10-13 11:07:57.592	0	-18.8541130000000017	-48.4106769999999997	0	135800	372	0	t	0	0	0	0	2	1	5353	1	1
237	2006	f	t	f	f	82	2020-03-27 16:46:58.385	2018-10-13 11:07:57.592	0	-24.9255630299999993	-54.0037072000000009	0	107265	293	0	t	0	0	0	0	2	1	5466	1	1
234	2015	f	t	f	f	81	2020-03-27 16:47:01.2	2018-10-13 11:07:57.592	0	-21.9271400000000014	-47.3515689999999978	0	27354	74	0	t	0	0	0	0	2	1	3848	3	1
227	2003	f	f	f	t	78	2020-03-27 16:47:04.662	2018-10-13 11:07:57.592	0	-27.3450009999999999	-50.9895599999999973	0	907596	2486	0	f	0	0	0	0	1	1	994	1	1
247	2015	f	f	t	t	66	2020-03-27 16:47:19.729	2018-10-13 11:07:57.592	0	-26.8579700000000017	-52.3026740000000032	0	5961660	16333	0	t	0	0	0	0	5	1	1751	1	1
23	2015	f	f	f	t	49	2020-03-27 16:47:23.284	2018-10-13 11:07:57.592	0	-22.9978375491444993	-54.3655140193819975	0	5550000	15205	0	f	0	0	0	0	5	6	3246	1	1
21	2012	f	f	f	t	47	2020-03-27 16:47:28.158	2018-10-13 11:07:57.592	0	-23.1010611824893992	-54.1894310499781966	0	3700000	10136	0	f	0	0	0	0	4	6	3246	1	1
19	2012	f	t	f	t	45	2020-03-27 16:47:31.488	2018-10-13 11:07:57.592	0	-23.1774702799424013	-52.1810738342579015	0	2775000	7602	0	f	0	0	0	0	3	6	3315	1	1
17	2010	f	f	f	t	43	2020-03-27 16:47:37.425	2018-10-13 11:07:57.592	0	-24.4812813813138987	-54.0266482342137024	0	2700000	7397	0	f	0	0	0	0	3	6	2943	1	1
16	2014	f	f	f	t	42	2020-03-27 16:47:40.328	2018-10-13 11:07:57.592	0	-25.0512582315494008	-54.2543321594279035	0	3237500	8869	0	f	0	0	0	0	4	6	3101	1	1
15	2013	f	f	f	t	41	2020-03-27 16:47:43.856	2018-10-13 11:07:57.592	0	-23.9102439999999987	-52.6193609999999978	0	937500	2568	0	f	0	0	0	0	3	6	1270	1	1
304	2019	f	t	f	f	419	2020-03-27 16:47:49.34	2018-10-13 11:07:57.592	0	-8.16571199999999919	-34.9791489999999996	0	87600000	240000	0	t	0	0	0	0	6	8	2461	1	1
188	2017	t	f	f	f	387	2020-03-27 17:39:50.483	2018-10-13 11:07:57.592	0	-3.7955770000000002	-38.6723950000000016	0	31025000	85000	0	f	0	0	0	0	5	8	1831	1	1
137	2011	f	t	f	f	11	2020-03-27 17:43:34.177	2018-10-13 11:07:57.592	0	-27.043845000000001	-51.0935020000000009	0	584000	1600	0	f	0	0	0	0	1	1	5495	1	1
59	2008	f	t	f	t	20	2020-03-27 17:45:23.313	2018-10-13 11:07:57.592	0	-23.6345780000000012	-46.4259800000000027	0	131400000	360000	0	f	0	0	0	0	7	8	4850	1	1
98	2013	f	t	f	t	30	2020-03-27 17:45:26.518	2018-10-13 11:07:57.592	0	-24.9697759999999995	-54.2321129999999982	0	365000	1000	0	f	0	0	0	0	2	2	4396	1	1
7	2011	f	f	f	t	32	2020-03-27 17:45:29.755	2018-10-13 11:07:57.592	0	-24.2614221999999984	-53.5491969999999995	0	5000000	10273	0	f	0	0	0	0	4	6	412	1	1
209	2015	f	t	f	f	7	2020-03-30 11:02:41.645	2018-10-13 11:07:57.592	0	-21.3934229999999985	-47.9540379999999971	0	21900000	60000	0	f	0	0	0	0	5	8	2038	1	1
56	2013	f	t	f	f	9	2020-03-30 11:03:12.726	2018-10-13 11:07:57.592	0	-21.6213699999999989	-43.4324160000000035	0	3737600	10240	0	f	0	0	0	0	4	8	2631	1	1
157	2018	f	t	f	f	318	2020-03-31 09:43:57.978	2018-10-13 11:07:57.592	0	-20.3508299999999984	-42.740000000000002	0	670408	1836	0	t	0	0	0	0	1	1	5395	2	1
159	2018	f	t	f	f	319	2020-03-31 09:45:01.026	2018-10-13 11:07:57.592	0	-18.4752133000000001	-47.2196495999999968	0	167602	459	0	t	0	0	0	0	2	1	1395	2	1
267	2018	f	t	f	f	320	2020-03-31 09:46:13.607	2018-10-13 11:07:57.592	0	-18.4786099999999998	-47.1977777800000027	0	167602	459	0	t	0	0	0	0	2	1	1395	2	1
268	2015	f	t	f	f	321	2020-03-31 09:47:19.561	2018-10-13 11:07:57.592	0	-19.8599999999999994	-44.6075000000000017	0	558673	1530	0	t	0	0	0	0	1	1	3564	2	1
160	2018	f	t	f	f	322	2020-03-31 09:48:14.004	2018-10-13 11:07:57.592	0	-20.3488000000000007	-42.9147999999999996	0	167602	459	0	t	0	0	0	0	2	1	3919	2	1
269	2018	f	t	f	f	323	2020-03-31 09:49:10.851	2018-10-13 11:07:57.592	0	-17.7925000000000004	-50.9194444399999995	0	446939	1224	0	t	0	0	0	0	2	1	4242	2	1
161	2017	f	t	f	f	324	2020-03-31 09:50:08.39	2018-10-13 11:07:57.592	0	-20.4169400000000003	-42.9025000000000034	0	167602	459	0	t	0	0	0	0	2	1	3919	2	1
270	2015	f	t	f	f	325	2020-03-31 09:51:02.934	2018-10-13 11:07:57.592	0	-12.5466700000000007	-55.7263888900000026	0	558673	1530	0	t	0	0	0	0	1	1	5085	2	1
165	2019	f	t	f	f	332	2020-03-31 10:16:00.753	2018-10-13 11:07:57.592	0	-18.7530600000000014	-44.4305555600000019	0	446939	1224	0	t	0	0	0	0	2	1	1523	2	1
274	2018	f	t	f	f	333	2020-03-31 10:16:54.835	2018-10-13 11:07:57.592	0	-20.3526999999999987	-42.7004000000000019	0	167602	459	0	t	0	0	0	0	2	1	5395	2	1
275	2015	f	t	f	f	335	2020-03-31 10:19:09.197	2018-10-13 11:07:57.592	0	-19.3516699999999986	-47.2913888900000003	0	167602	459	0	t	0	0	0	0	2	1	3742	1	1
166	2015	f	t	f	f	334	2020-03-31 10:19:23.683	2018-10-13 11:07:57.592	0	-19.2261099999999985	-47.7241666700000025	0	558673	1530	0	t	0	0	0	0	1	1	3361	2	1
1066	2019	f	t	f	f	509	2020-04-01 10:54:40.2	2020-04-01 10:54:40.2	0	-18.9377800000000001	-46.9941666699999985	0	268163	734	0	f	0	0	0	0	2	3	3648	1	1
1151	2019	f	t	f	f	610	2020-04-01 12:42:43.606	2020-04-01 12:42:43.606	0	-2.94083300000000003	-44.2491669999999999	0	4204800	11520	0	f	0	0	0	0	4	9	4275	1	1
1155	2016	f	t	f	f	608	2020-04-01 13:25:51.699	2020-04-01 13:25:51.699	0	-22.1972200000000015	-44.9727779999999981	0	1051200	2880	0	f	0	0	0	0	3	9	3986	1	1
1159	2019	f	t	f	f	606	2020-04-01 13:27:22.706	2020-04-01 13:27:22.706	0	-20.6838900000000017	-43.2969440000000034	0	167602	459	0	f	0	0	0	0	2	1	3834	1	1
1165	2019	f	t	f	t	603	2020-04-01 13:32:17.939	2020-04-01 13:29:59.824	0	-19.6288899999999984	-44.6616670000000013	0	174306	478	0	f	0	0	0	0	2	1	3739	1	1
1172	2019	f	t	f	f	600	2020-04-01 13:33:52.209	2020-04-01 13:33:52.209	0	-18.5872199999999985	-46.514721999999999	0	167602	459	0	f	0	0	0	0	2	1	3646	1	1
1178	2019	f	t	f	f	528	2020-04-01 14:36:44.552	2020-04-01 14:36:44.552	0	-19.7069399999999995	-44.5577777800000021	0	134081	367	0	f	0	0	0	0	2	1	4748	1	1
1180	2019	f	t	f	f	529	2020-04-01 14:38:43.43	2020-04-01 14:38:43.43	0	-22.2477799999999988	-45.9419444400000003	0	83450	228	0	f	0	0	0	0	2	12	3985	1	1
1184	2013	f	t	f	f	531	2020-04-01 14:41:36.702	2020-04-01 14:41:36.702	0	-23.658059999999999	-47.2111111099999974	0	89387	244	0	f	0	0	0	0	2	1	2125	1	1
1188	2019	f	t	f	f	533	2020-04-01 14:45:46.403	2020-04-01 14:45:46.403	0	-24.1413900000000012	-52.7761111100000022	0	178775	489	0	f	0	0	0	0	2	3	2517	1	1
248	2015	f	t	f	t	420	2020-04-01 15:02:06.307	2018-10-13 11:07:57.592	0	-23.0838550000000176	-52.4629522910156538	0	0	0	0	t	0	0	0	0	7	6	3597	1	1
1233	2017	f	t	f	f	595	2020-04-01 15:21:55.577	2020-04-01 15:21:55.577	0	-18.5872199999999985	-46.514721999999999	0	134082	367	0	f	0	0	0	0	2	1	3564	1	1
1236	2019	f	t	f	f	594	2020-04-01 15:24:14.336	2020-04-01 15:24:14.336	0	-19.7764540000000011	-44.5785240000000016	0	364720	999	0	f	0	0	0	0	2	1	4748	1	1
1257	2014	f	t	f	f	536	2020-04-01 16:02:52.454	2020-04-01 16:02:52.454	0	-18.1847220000000007	-50.9863890000000026	0	178775	489	0	f	0	0	0	0	2	1	4242	1	1
1261	2007	f	t	f	f	538	2020-04-01 16:05:17.242	2020-04-01 16:05:17.242	0	-17.8875449999999994	-51.0646580000000014	0	178775	489	0	f	0	0	0	0	2	1	4242	1	1
1263	2003	f	t	f	f	539	2020-04-01 16:07:16.155	2020-04-01 16:07:16.155	0	-17.8636939999999989	-51.1282199999999989	0	178775	489	0	f	0	0	0	0	2	1	4242	1	1
1267	2013	f	t	f	f	541	2020-04-01 16:09:50.281	2020-04-01 16:09:50.281	0	-17.7925000000000004	-50.9194444399999995	0	178775	489	0	f	0	0	0	0	2	1	4242	1	1
1271	2011	f	t	f	f	543	2020-04-01 16:12:48.176	2020-04-01 16:12:48.176	0	-17.7925000000000004	-50.9194444399999995	0	200228	548	0	f	0	0	0	0	2	1	4242	1	1
1275	2009	f	t	f	f	545	2020-04-01 16:15:32.225	2020-04-01 16:15:32.225	0	-17.4441699999999997	-51.1730555600000017	0	200228	548	0	f	0	0	0	0	2	1	3167	1	1
1289	2017	f	t	f	f	549	2020-04-01 16:20:41.131	2020-04-01 16:20:41.131	0	-17.5354460000000003	-50.7565659999999994	0	268163	734	0	f	0	0	0	0	2	1	4242	1	1
1153	2019	f	t	f	f	609	2020-04-01 13:25:02.713	2020-04-01 13:25:02.713	0	-17.7925000000000004	-50.9194439999999986	0	168943	463	0	f	0	0	0	0	2	1	4242	1	1
1157	2019	f	t	f	f	607	2020-04-01 13:26:33.326	2020-04-01 13:26:33.326	0	-17.5227800000000009	-49.4491670000000028	0	438000	1200	0	f	0	0	0	0	2	1	3870	1	1
1161	2019	f	t	f	f	605	2020-04-01 13:28:28.914	2020-04-01 13:28:28.914	0	-27.5111099999999986	-53.2150000000000034	0	165949	455	0	f	0	0	0	0	2	1	3801	1	1
1163	2019	f	t	f	f	604	2020-04-01 13:29:12.809	2020-04-01 13:29:12.809	0	-9.36827100000000002	-40.5016549999999995	0	3902182	10691	0	f	0	0	0	0	4	9	3760	1	1
1167	2015	f	t	f	f	602	2020-04-01 13:31:28.538	2020-04-01 13:31:28.538	0	-18.7476890000000012	-46.6618920000000017	0	1083380	2968	0	f	0	0	0	0	3	1	3646	1	1
1170	2018	f	t	f	f	601	2020-04-01 13:33:06.439	2020-04-01 13:33:06.439	0	-23.0832659999999983	-52.6157350000000008	0	2024203	8097	0	f	0	0	0	0	3	6	3597	1	1
1174	2019	f	t	f	f	599	2020-04-01 13:36:08.014	2020-04-01 13:36:08.014	0	-18.5872199999999985	-46.514721999999999	0	167602	459	0	f	0	0	0	0	2	1	3646	1	1
1176	2018	f	t	f	f	527	2020-04-01 14:35:18.523	2020-04-01 14:35:18.523	0	-24.9505599999999994	-50.1211111100000011	0	730000	2000	0	f	0	0	0	0	1	3	1092	1	1
1182	2013	f	t	f	f	530	2020-04-01 14:40:10.708	2020-04-01 14:40:10.708	0	-22.2477799999999988	-45.9419444400000003	0	15753	43	0	f	0	0	0	0	2	3	2173	1	1
1186	2017	f	t	f	f	532	2020-04-01 14:44:24.085	2020-04-01 14:44:24.085	0	-21.9338900000000017	-50.5194444400000009	0	180000	493	0	f	0	0	0	0	2	1	5316	1	1
1190	2019	f	t	f	f	534	2020-04-01 14:48:54.454	2020-04-01 14:48:54.454	0	-17.7925000000000004	-50.9194444399999995	0	178775	489	0	f	0	0	0	0	2	1	4242	1	1
1192	2014	f	t	f	f	535	2020-04-01 14:50:23.397	2020-04-01 14:50:23.397	0	-17.7925000000000004	-50.9194444399999995	0	178775	489	0	f	0	0	0	0	2	1	4242	1	1
246	2016	f	t	t	t	161	2020-04-01 14:59:05.657	2018-10-13 11:07:57.592	0	-24.0130799999999986	-53.1483100000000022	0	49163	134	0	t	0	0	0	0	2	3	2964	1	1
318	2016	f	t	f	f	183	2020-04-01 14:59:52.498	2018-10-13 11:07:57.592	0	-24.3212130000000002	-52.3726979999999998	0	127377	348	0	t	0	0	0	0	2	3	980	1	1
1218	2019	f	t	f	f	598	2020-04-01 15:17:55.761	2020-04-01 15:17:55.761	0	-18.5872199999999985	-46.514721999999999	0	167602	459	0	f	0	0	0	0	2	1	3564	1	1
1223	2019	f	t	f	f	597	2020-04-01 15:19:05.014	2020-04-01 15:19:05.014	0	-18.5872199999999985	-46.514721999999999	0	134082	367	0	f	0	0	0	0	2	1	3564	1	1
1231	2018	f	t	f	f	596	2020-04-01 15:20:49.568	2020-04-01 15:20:49.568	0	-18.5872199999999985	-46.514721999999999	0	134082	367	0	f	0	0	0	0	2	1	3564	1	1
1238	2016	f	t	f	f	593	2020-04-01 15:25:41.535	2020-04-01 15:25:41.535	0	-19.7788369999999993	-44.5830539999999971	0	134082	367	0	f	0	0	0	0	2	1	4748	1	1
1255	2014	f	t	f	f	535	2020-04-01 16:01:22.361	2020-04-01 16:01:22.361	0	-17.7925000000000004	-50.9194444399999995	0	178775	489	0	f	0	0	0	0	2	1	4242	1	1
1259	2017	f	t	f	f	537	2020-04-01 16:04:07.269	2020-04-01 16:04:07.269	0	-17.7925000000000004	-50.9194444399999995	0	178775	489	0	f	0	0	0	0	2	1	4242	1	1
1265	2012	f	t	f	f	540	2020-04-01 16:08:27.987	2020-04-01 16:08:27.987	0	-17.7925000000000004	-50.9194444399999995	0	178775	489	0	f	0	0	0	0	2	1	4242	1	1
1269	2011	f	t	f	f	542	2020-04-01 16:11:11.153	2020-04-01 16:11:11.153	0	-17.7925000000000004	-50.9194444399999995	0	200228	548	0	f	0	0	0	0	2	1	4242	1	1
1273	2004	f	t	f	f	544	2020-04-01 16:13:57.596	2020-04-01 16:13:57.596	0	-17.3622419999999984	-50.6701070000000016	0	200228	548	0	f	0	0	0	0	2	1	4242	1	1
1277	2011	f	t	f	f	546	2020-04-01 16:16:56.043	2020-04-01 16:16:56.043	0	-17.8491700000000009	-50.3041666700000007	0	200228	548	0	f	0	0	0	0	2	1	5336	1	1
1279	2015	f	t	f	f	547	2020-04-01 16:18:07.111	2020-04-01 16:18:07.111	0	-17.4441699999999997	-51.1730555600000017	0	200228	548	0	f	0	0	0	0	2	1	3167	1	1
1281	2017	f	t	f	f	592	2020-04-01 16:18:39.812	2020-04-01 16:18:39.812	0	-18.5872199999999985	-46.514721999999999	0	167602	459	0	f	0	0	0	0	2	1	3564	1	1
1283	2019	f	t	f	f	591	2020-04-01 16:19:33.449	2020-04-01 16:19:33.449	0	-21.2891699999999986	-43.4172220000000024	0	44694	122	0	f	0	0	0	0	2	1	3515	1	1
1285	2017	f	t	f	f	548	2020-04-01 16:19:35.225	2020-04-01 16:19:35.225	0	-17.5467060000000004	-51.4238610000000023	0	232408	636	0	f	0	0	0	0	2	1	4242	1	1
1287	2019	f	t	f	f	590	2020-04-01 16:20:21.997	2020-04-01 16:20:21.997	0	-13.8222199999999997	-56.0833330000000032	0	616776	1690	0	f	0	0	0	0	1	1	3347	1	1
1291	2019	f	t	f	f	589	2020-04-01 16:21:14.476	2020-04-01 16:21:14.476	0	-13.8222199999999997	-56.0833330000000032	0	3289472	9012	0	f	0	0	0	0	4	1	3347	1	1
1293	2010	f	t	f	f	550	2020-04-01 16:21:53.45	2020-04-01 16:21:53.45	0	-18.2175000000000011	-49.7402777799999996	0	446939	1224	0	f	0	0	0	0	2	1	683	1	1
1295	2020	f	t	f	f	588	2020-04-01 16:22:09.812	2020-04-01 16:22:09.812	0	-22.8912760000000013	-43.0725419999999986	0	2482000	6800	0	f	0	0	0	0	3	9	3271	2	1
1297	2010	f	t	f	f	551	2020-04-01 16:23:04.491	2020-04-01 16:23:04.491	0	-18.2861459999999987	-51.0963690000000028	0	1072653	2938	0	f	0	0	0	0	3	1	272	1	1
1299	2020	t	t	f	f	587	2020-04-01 16:23:09.866	2020-04-01 16:23:09.866	0	-22.5313890000000008	-51.5027779999999993	0	22759000	113795	0	f	0	0	0	0	6	4	3237	2	1
1301	2019	f	t	f	f	586	2020-04-01 16:23:55.519	2020-04-01 16:23:55.519	0	-18.6038899999999998	-45.3580559999999977	0	1168000	3200	0	f	0	0	0	0	3	1	3170	1	1
1303	2018	f	t	f	f	552	2020-04-01 16:24:28.517	2020-04-01 16:24:28.517	0	-20.9738900000000008	-46.1183333299999987	0	292000	800	0	f	0	0	0	0	2	1	1133	1	1
1305	2017	f	t	f	f	585	2020-04-01 16:26:25.963	2020-04-01 16:26:25.963	0	-9.56555600000000084	-48.3930560000000014	0	53633	147	0	f	0	0	0	0	2	1	3078	1	1
1307	2019	f	t	f	f	584	2020-04-01 16:27:46.86	2020-04-01 16:27:46.86	0	-24.5563900000000004	-54.5563890000000029	0	219000	600	0	f	0	0	0	0	2	1	2943	1	1
1309	2019	f	t	f	f	583	2020-04-01 16:35:02.519	2020-04-01 16:35:02.519	0	-3.1188889999999998	-60.0216670000000008	0	26280000	72000	0	f	0	0	0	0	5	9	2885	1	1
1311	2019	f	t	f	f	582	2020-04-01 16:36:41.984	2020-04-01 16:36:41.984	0	-22.5522199999999984	-55.1511110000000002	0	730000	2000	0	f	0	0	0	0	1	1	2718	1	1
1313	2019	f	t	f	f	581	2020-04-01 16:37:29.06	2020-04-01 16:37:29.06	0	-7.11944399999999966	-34.8449999999999989	0	26280000	72000	0	f	0	0	0	0	5	9	2595	1	1
1315	2019	f	t	f	f	580	2020-04-01 16:38:13.91	2020-04-01 16:38:13.91	0	-22.480830000000001	-54.3083329999999975	0	165367	453	0	f	0	0	0	0	2	1	2553	1	1
1317	2018	f	t	f	f	579	2020-04-01 16:47:55.839	2020-04-01 16:47:55.839	0	-28.6186100000000003	-49.0249999999999986	0	167602	459	0	f	0	0	0	0	2	1	2503	1	1
1319	2019	f	t	f	f	577	2020-04-01 16:48:44.272	2020-04-01 16:48:44.272	0	-22.2360140000000008	-53.8689689999999999	0	245817	673	0	f	0	0	0	0	2	1	2457	1	1
1321	2019	f	t	f	f	576	2020-04-01 16:49:44.619	2020-04-01 16:49:44.619	0	-23.0072200000000002	-46.8183330000000026	0	214531	588	0	f	0	0	0	0	2	1	2414	1	1
1323	2019	f	t	f	f	575	2020-04-01 16:50:30.268	2020-04-01 16:50:30.268	0	-20.3861099999999986	-44.4769440000000031	0	219000	600	0	f	0	0	0	0	2	1	2311	1	1
1325	2019	f	t	f	f	574	2020-04-01 16:51:15.608	2020-04-01 16:51:15.608	0	-18.7274999999999991	-44.3586110000000033	0	167602	459	0	f	0	0	0	0	2	1	2213	1	1
1327	2019	f	t	f	f	573	2020-04-01 16:52:22.999	2020-04-01 16:52:22.999	0	-18.7274999999999991	-44.3586110000000033	0	167602	459	0	f	0	0	0	0	2	1	2213	1	1
1329	2019	f	t	f	f	572	2020-04-01 16:54:52.049	2020-04-01 16:54:52.049	0	-7.82916699999999999	-34.9013890000000018	0	9588218	26269	0	f	0	0	0	0	5	9	2148	1	1
1331	2012	f	t	f	f	571	2020-04-01 16:55:44.695	2020-04-01 16:55:44.695	0	-29.2230600000000003	-51.3422219999999996	0	469286	1286	0	f	0	0	0	0	1	3	1743	1	1
1333	2016	f	t	f	f	570	2020-04-01 16:56:26.485	2020-04-01 16:56:26.485	0	-28.7244400000000013	-52.8441669999999988	0	8541	23	0	f	0	0	0	0	2	3	1708	1	1
1335	2019	f	t	f	f	569	2020-04-01 16:58:28.276	2020-04-01 16:58:28.276	0	-24.7063890000000015	-54.2430560000000028	0	167602	459	0	f	0	0	0	0	2	1	1674	1	1
1337	2018	f	t	f	f	554	2020-04-01 17:16:35.463	2020-04-01 17:16:35.463	0	-19.3067409999999988	-47.5601339999999979	0	167602	459	0	f	0	0	0	0	2	1	4410	1	1
1339	2018	f	t	f	f	555	2020-04-01 17:18:01.725	2020-04-01 17:18:01.725	0	-12.5466700000000007	-55.7263888900000026	0	616776	1689	0	f	0	0	0	0	1	1	5085	1	1
1341	2018	f	t	f	f	556	2020-04-01 17:19:14.122	2020-04-01 17:19:14.122	0	-12.7430599999999998	-56.5116666699999968	0	616776	1689	0	f	0	0	0	0	1	1	5159	1	1
1343	2019	f	t	f	f	568	2020-04-01 17:20:20.869	2020-04-01 17:20:20.869	0	-25.7463900000000017	-53.0613889999999984	0	219000	600	0	f	0	0	0	0	2	1	1588	1	1
1345	2019	f	t	f	f	567	2020-04-01 17:21:13.132	2020-04-01 17:21:13.132	0	-18.4786099999999998	-47.1977779999999996	0	446939	1224	0	f	0	0	0	0	2	1	1395	1	1
1347	2019	f	t	f	f	566	2020-04-01 17:22:09.453	2020-04-01 17:22:09.453	0	-18.3644439999999989	-44.4519439999999975	0	219000	600	0	f	0	0	0	0	2	1	1390	1	1
1351	2017	f	t	f	f	565	2020-04-01 17:23:09.265	2020-04-01 17:23:09.265	0	-20.6638899999999985	-43.7849999999999966	0	214531	588	0	f	0	0	0	0	2	1	1365	1	1
1349	2018	f	t	f	f	557	2020-04-01 17:23:39.3	2020-04-01 17:22:48.077	0	-28.2544399999999989	-54.0127777800000004	0	172071	471	0	f	0	0	0	0	2	1	1193	1	1
1354	2019	f	t	f	f	564	2020-04-01 17:23:48.868	2020-04-01 17:23:48.868	0	-27.2502110000000002	-51.9820509999999985	0	328500	900	0	f	0	0	0	0	2	1	1347	1	1
1356	2004	f	f	f	t	563	2020-04-01 17:24:47.907	2020-04-01 17:24:47.907	0	-24.7272220000000011	-49.9011110000000002	0	191625	525	0	f	0	0	0	0	2	1	1177	1	1
1358	2018	f	t	f	f	558	2020-04-01 17:25:11.33	2020-04-01 17:25:11.33	0	-22.741109999999999	-48.5741666699999968	0	194865	533	0	f	0	0	0	0	2	1	4819	1	1
1360	2019	f	t	f	f	562	2020-04-01 17:25:36.648	2020-04-01 17:25:36.648	0	-23.4688899999999983	-47.7391670000000019	0	429062	1176	0	f	0	0	0	0	2	1	1059	1	1
1362	2018	f	t	f	f	559	2020-04-01 17:26:22.581	2020-04-01 17:26:22.581	0	-18.5872199999999985	-46.514722220000003	0	438000	1200	0	f	0	0	0	0	2	1	3646	1	1
1364	2019	f	t	f	t	561	2020-04-01 17:26:36.736	2020-04-01 17:26:36.736	0	-21.7655560000000001	-41.3130560000000031	0	3981818	10909	0	f	0	0	0	0	4	9	991	1	1
1366	2018	f	t	f	f	560	2020-04-01 17:27:48.719	2020-04-01 17:27:42.295	0	-20.2885090000000012	-42.4742740000000012	0	134081	367	0	f	0	0	0	0	2	1	13	1	1
\.


--
-- Data for Name: user; Type: TABLE DATA; Schema: mapbiogas; Owner: postgres
--

COPY mapbiogas."user" (id, dataalteracao, datacadastro, email, name, password, roles, username) FROM stdin;
1	\N	\N	administrador@cibiogas.org	Administrador	53E1C4ECEFF8BD2A1BF4E82571CDB0568317614FE3A271DEF09C263D9EA3451D	0	administrador
2	\N	\N	supervisor@cibiogas.org	Supervisor	53E1C4ECEFF8BD2A1BF4E82571CDB0568317614FE3A271DEF09C263D9EA3451D	1	supervisor
504	\N	2020-03-25 16:48:14.624	pastl@cibiogas.org	Rodrigo Pastl	75F12ABF4CE66F4FB1A3FC8DC5A3934C62E0961C0D62E1CAA49C1034AF6A9C29	0	pastl
\.


--
-- Name: hibernate_sequence; Type: SEQUENCE SET; Schema: mapbiogas; Owner: postgres
--

SELECT pg_catalog.setval('mapbiogas.hibernate_sequence', 1369, true);


--
-- Name: auditoria auditoria_pkey; Type: CONSTRAINT; Schema: mapbiogas; Owner: postgres
--

ALTER TABLE ONLY mapbiogas.auditoria
    ADD CONSTRAINT auditoria_pkey PRIMARY KEY (id);


--
-- Name: categoriadeunidade categoriadeunidade_pkey; Type: CONSTRAINT; Schema: mapbiogas; Owner: postgres
--

ALTER TABLE ONLY mapbiogas.categoriadeunidade
    ADD CONSTRAINT categoriadeunidade_pkey PRIMARY KEY (id);


--
-- Name: escala escala_pkey; Type: CONSTRAINT; Schema: mapbiogas; Owner: postgres
--

ALTER TABLE ONLY mapbiogas.escala
    ADD CONSTRAINT escala_pkey PRIMARY KEY (id);


--
-- Name: estado estado_pkey; Type: CONSTRAINT; Schema: mapbiogas; Owner: postgres
--

ALTER TABLE ONLY mapbiogas.estado
    ADD CONSTRAINT estado_pkey PRIMARY KEY (id);


--
-- Name: fontedosubstrato fontedosubstrato_pkey; Type: CONSTRAINT; Schema: mapbiogas; Owner: postgres
--

ALTER TABLE ONLY mapbiogas.fontedosubstrato
    ADD CONSTRAINT fontedosubstrato_pkey PRIMARY KEY (id);


--
-- Name: municipio municipio_pkey; Type: CONSTRAINT; Schema: mapbiogas; Owner: postgres
--

ALTER TABLE ONLY mapbiogas.municipio
    ADD CONSTRAINT municipio_pkey PRIMARY KEY (id);


--
-- Name: situacaodaplanta situacaodaplanta_pkey; Type: CONSTRAINT; Schema: mapbiogas; Owner: postgres
--

ALTER TABLE ONLY mapbiogas.situacaodaplanta
    ADD CONSTRAINT situacaodaplanta_pkey PRIMARY KEY (id);


--
-- Name: tecnologia tecnologia_pkey; Type: CONSTRAINT; Schema: mapbiogas; Owner: postgres
--

ALTER TABLE ONLY mapbiogas.tecnologia
    ADD CONSTRAINT tecnologia_pkey PRIMARY KEY (id);


--
-- Name: user uk_jreodf78a7pl5qidfh43axdfb; Type: CONSTRAINT; Schema: mapbiogas; Owner: postgres
--

ALTER TABLE ONLY mapbiogas."user"
    ADD CONSTRAINT uk_jreodf78a7pl5qidfh43axdfb UNIQUE (username);


--
-- Name: unidade unidade_pkey; Type: CONSTRAINT; Schema: mapbiogas; Owner: postgres
--

ALTER TABLE ONLY mapbiogas.unidade
    ADD CONSTRAINT unidade_pkey PRIMARY KEY (id);


--
-- Name: user user_pkey; Type: CONSTRAINT; Schema: mapbiogas; Owner: postgres
--

ALTER TABLE ONLY mapbiogas."user"
    ADD CONSTRAINT user_pkey PRIMARY KEY (id);


--
-- Name: unidade fk_315f4jahgfdfdmpiehim5xu0w; Type: FK CONSTRAINT; Schema: mapbiogas; Owner: postgres
--

ALTER TABLE ONLY mapbiogas.unidade
    ADD CONSTRAINT fk_315f4jahgfdfdmpiehim5xu0w FOREIGN KEY (tecnologia_id) REFERENCES mapbiogas.tecnologia(id);


--
-- Name: municipio fk_4j5r23lnpuhvjvgivpfcry8eq; Type: FK CONSTRAINT; Schema: mapbiogas; Owner: postgres
--

ALTER TABLE ONLY mapbiogas.municipio
    ADD CONSTRAINT fk_4j5r23lnpuhvjvgivpfcry8eq FOREIGN KEY (estado_id) REFERENCES mapbiogas.estado(id);


--
-- Name: unidade fk_alvrp91cj467767k2e3f5butb; Type: FK CONSTRAINT; Schema: mapbiogas; Owner: postgres
--

ALTER TABLE ONLY mapbiogas.unidade
    ADD CONSTRAINT fk_alvrp91cj467767k2e3f5butb FOREIGN KEY (escala_id) REFERENCES mapbiogas.escala(id);


--
-- Name: unidade fk_go2649qv8c8nhi8ftmh9svtbb; Type: FK CONSTRAINT; Schema: mapbiogas; Owner: postgres
--

ALTER TABLE ONLY mapbiogas.unidade
    ADD CONSTRAINT fk_go2649qv8c8nhi8ftmh9svtbb FOREIGN KEY (situacaodaplanta_id) REFERENCES mapbiogas.situacaodaplanta(id);


--
-- Name: fontedosubstrato fk_p7308ntsqn6x59t6t088ndsce; Type: FK CONSTRAINT; Schema: mapbiogas; Owner: postgres
--

ALTER TABLE ONLY mapbiogas.fontedosubstrato
    ADD CONSTRAINT fk_p7308ntsqn6x59t6t088ndsce FOREIGN KEY (categoriadeunidade_id) REFERENCES mapbiogas.categoriadeunidade(id);


--
-- Name: unidade fk_polqkekt23y3a7l28fw1vop0l; Type: FK CONSTRAINT; Schema: mapbiogas; Owner: postgres
--

ALTER TABLE ONLY mapbiogas.unidade
    ADD CONSTRAINT fk_polqkekt23y3a7l28fw1vop0l FOREIGN KEY (fontedosubstrato_id) REFERENCES mapbiogas.fontedosubstrato(id);


--
-- Name: unidade fk_qka42enet40n3emolgavfacga; Type: FK CONSTRAINT; Schema: mapbiogas; Owner: postgres
--

ALTER TABLE ONLY mapbiogas.unidade
    ADD CONSTRAINT fk_qka42enet40n3emolgavfacga FOREIGN KEY (municipio_id) REFERENCES mapbiogas.municipio(id);


--
-- PostgreSQL database dump complete
--
